Customer ID,Recency,Frequency,Monetary,R_Score,F_Score,M_Score,RFM_Score,RFM_Total,TenureDays,AvgOrderValue,PurchaseFrequencyPerYear,CLV_Approx,UniqueProducts,TotalItemsPurchased,AvgItemsPerOrder,WeekendOrderRatio,PrimaryCountry
12346,326,12,580.86,2,5,2,252,9,400,48.405,10.957500000000001,580.86,27,270,7.9411764705882355,0.0,United Kingdom
12347,2,8,5591.72,5,4,5,545,14,402,698.965,7.26865671641791,5591.72,126,3246,12.8300395256917,0.15810276679841898,Iceland
12348,75,5,1821.3999999999999,3,4,4,344,11,362,364.28,5.044889502762431,1821.3999999999999,25,2714,53.21568627450981,0.058823529411764705,Finland
12349,19,4,3642.94,5,3,5,535,13,570,910.735,2.563157894736842,3642.94,138,1624,9.28,0.0,Italy
12350,310,1,312.40000000000003,2,1,2,212,5,1,312.40000000000003,365.25,312.40000000000003,17,197,11.588235294117647,0.0,Norway
12351,375,1,300.93,2,1,2,212,5,1,300.93,365.25,300.93,21,261,12.428571428571429,0.0,Unspecified
12352,36,10,1909.54,4,5,4,454,13,356,190.954,10.259831460674157,1909.54,70,724,7.029126213592233,0.0,Norway
12353,204,2,406.76,2,2,2,222,6,204,203.38,3.5808823529411766,406.76,23,212,8.833333333333334,0.0,Bahrain
12354,232,1,1079.4,2,1,3,213,6,1,1079.4,365.25,1079.4,58,530,9.137931034482758,0.0,Spain
12355,214,2,947.61,2,2,3,223,7,353,473.805,2.0694050991501416,947.6099999999999,35,543,15.514285714285714,0.0,Bahrain
12356,23,6,6333.68,4,4,5,445,13,401,1055.6133333333335,5.465087281795512,6333.68,104,3417,23.895104895104897,0.0,Portugal
12357,33,3,17448.66,4,3,5,435,12,355,5816.22,3.086619718309859,17448.66,261,6587,22.25337837837838,0.44256756756756754,Switzerland
12358,2,5,3645.07,5,4,5,545,14,730,729.014,2.5017123287671232,3645.0699999999997,56,1079,14.012987012987013,0.0,Austria
12359,58,10,7754.1900000000005,4,5,5,455,14,676,775.4190000000001,5.40310650887574,7754.190000000002,305,2752,7.53972602739726,0.1726027397260274,Cyprus
12360,52,8,3909.29,4,4,5,445,13,603,488.66125,4.845771144278607,3909.29,160,2459,11.331797235023041,0.0,Austria
12361,287,4,511.25,2,3,2,232,7,394,127.8125,3.708121827411168,511.25,18,235,8.10344827586207,0.20689655172413793,Belgium
12362,3,11,5222.01,5,5,5,555,15,735,474.72818181818184,5.466326530612245,5222.01,201,2230,8.352059925093632,0.0,Belgium
12363,110,2,552.0,3,2,2,322,7,132,276.0,5.534090909090908,552.0,23,408,17.73913043478261,0.0,Unspecified
12364,8,4,1313.1,5,3,4,534,12,104,328.275,14.048076923076922,1313.0999999999997,70,1506,17.71764705882353,0.25882352941176473,Belgium
12365,291,2,338.69,2,2,2,222,6,1,169.345,730.5,338.69,22,174,7.909090909090909,0.0,Cyprus
12366,634,1,500.24,1,1,2,112,4,1,500.24,365.25,500.24,3,296,98.66666666666667,0.0,Cyprus
12367,4,1,168.9,5,1,1,511,7,1,168.9,365.25,168.9,11,173,15.727272727272727,0.0,Denmark
12368,628,1,917.7,1,1,3,113,5,1,917.7,365.25,917.6999999999999,18,330,18.333333333333332,1.0,Cyprus
12369,413,3,1637.15,1,3,4,134,8,228,545.7166666666667,4.805921052631579,1637.15,90,1241,13.344086021505376,0.0,Austria
12370,51,7,4085.35,4,4,5,445,13,617,583.6214285714285,4.143841166936791,4085.3499999999995,168,2429,12.024752475247524,0.0,Cyprus
12371,45,5,3671.38,4,4,5,445,13,600,734.2760000000001,3.04375,3671.38,134,1436,8.598802395209582,0.0,Switzerland
12372,72,3,1298.04,3,3,4,334,10,224,432.68,4.891741071428572,1298.04,34,794,15.26923076923077,0.0,Denmark
12373,311,3,1017.6500000000001,2,3,3,233,8,362,339.2166666666667,3.0269337016574585,1017.6500000000001,36,516,10.117647058823529,0.0,Austria
12374,25,4,2813.2200000000003,4,3,4,434,11,563,703.3050000000001,2.5950266429840143,2813.2200000000003,79,1362,16.40963855421687,0.0,Austria
12375,11,2,413.5,5,2,2,522,9,87,206.75,8.39655172413793,413.5,14,178,10.470588235294118,0.0,Finland
12376,390,2,437.15,2,2,2,222,6,28,218.575,26.089285714285715,437.15,11,240,18.46153846153846,0.0,Switzerland
12377,315,4,3338.32,2,3,5,235,10,274,834.58,5.3321167883211675,3338.32,129,2105,13.848684210526315,0.0,Switzerland
12378,130,2,5341.99,3,2,5,325,10,432,2670.995,1.6909722222222223,5341.99,281,3228,10.724252491694353,0.0,Switzerland
12379,82,4,1620.22,3,3,4,334,10,452,405.055,3.232300884955752,1620.22,58,815,10.061728395061728,0.0,Belgium
12380,22,11,7751.55,4,5,5,455,14,640,704.6863636363637,6.2777343750000005,7751.55,156,3355,12.111913357400722,0.0,Belgium
12381,5,5,1647.31,5,4,4,544,13,115,329.462,15.880434782608697,1647.31,70,808,9.28735632183908,0.1839080459770115,Norway
12383,185,5,1857.56,3,4,4,344,11,167,371.512,10.93562874251497,1857.5600000000002,84,1532,15.474747474747474,0.0,Belgium
12384,29,2,497.27000000000004,4,2,2,422,8,92,248.63500000000002,7.940217391304349,497.27000000000004,26,126,4.666666666666667,0.0,Switzerland
12385,379,1,1938.4,2,1,4,214,7,1,1938.4,365.25,1938.3999999999999,65,612,9.415384615384616,0.0,Belgium
12386,338,2,660.8000000000001,2,2,3,223,7,29,330.40000000000003,25.189655172413794,660.8000000000001,10,568,31.555555555555557,0.0,Australia
12387,415,1,143.94,1,1,1,111,3,1,143.94,365.25,143.94,9,134,14.88888888888889,0.0,Australia
12388,16,8,3901.11,5,4,5,545,14,566,487.63875,5.162544169611308,3901.1100000000006,83,2001,13.705479452054794,0.1506849315068493,Australia
12389,403,3,1433.33,2,3,4,234,9,253,477.77666666666664,4.3310276679841895,1433.33,41,614,12.53061224489796,0.0,Australia
12390,80,1,549.84,3,1,2,312,6,1,549.84,365.25,549.84,32,353,11.03125,0.0,Belgium
12391,22,6,2617.72,4,4,4,444,12,641,436.28666666666663,3.4188767550702024,2617.72,241,1220,4.341637010676156,0.0,Cyprus
12392,591,1,234.75000000000003,1,1,1,111,3,1,234.75000000000003,365.25,234.75000000000003,7,73,10.428571428571429,0.0,Australia
12393,72,6,2399.45,3,4,4,344,11,356,399.9083333333333,6.155898876404494,2399.45,63,1311,12.25233644859813,0.0,Australia
12394,64,2,1173.92,3,2,3,323,8,153,586.96,4.7745098039215685,1173.92,26,707,26.185185185185187,0.0,Belgium
12395,19,15,5045.32,5,5,5,555,15,583,336.3546666666667,9.397512864493997,5045.320000000001,145,3733,14.696850393700787,0.05905511811023622,Belgium
12396,674,1,931.4300000000001,1,1,3,113,5,1,931.4300000000001,365.25,931.43,65,591,9.092307692307692,0.0,RSA
12397,36,2,2409.9,4,2,4,424,10,99,1204.95,7.378787878787878,2409.9,110,1263,10.023809523809524,0.0,Belgium
12398,46,1,1525.6599999999999,4,1,4,414,9,1,1525.6599999999999,365.25,1525.6599999999999,85,1394,16.4,0.0,Switzerland
12399,119,7,1963.5,3,4,4,344,11,525,280.5,4.87,1963.5,67,2198,19.98181818181818,0.0,Belgium
12400,414,1,205.25,1,1,1,111,3,1,205.25,365.25,205.25,11,91,8.272727272727273,0.0,Australia
12401,303,1,84.3,2,1,1,211,4,1,84.3,365.25,84.3,5,11,2.2,0.0,Belgium
12402,323,6,1256.9,2,4,4,244,10,347,209.48333333333335,6.315561959654178,1256.9,43,584,8.342857142857143,0.4,Belgium
12403,50,2,1019.36,4,2,3,423,9,471,509.68,1.5509554140127388,1019.36,5,260,28.88888888888889,0.0,Denmark
12404,682,1,18.0,1,1,1,111,3,1,18.0,365.25,18.0,1,1,1.0,0.0,Finland
12405,149,1,1534.39,3,1,4,314,8,1,1534.39,365.25,1534.39,54,857,15.87037037037037,0.0,Finland
12406,22,5,6390.36,4,4,5,445,13,675,1278.072,2.7055555555555553,6390.359999999999,114,3416,20.57831325301205,0.0,Denmark
12407,50,5,1686.76,4,4,4,444,12,214,337.352,8.533878504672899,1686.7600000000002,57,1344,17.454545454545453,0.19480519480519481,Belgium
12408,33,8,4276.33,4,4,5,445,13,465,534.54125,6.283870967741936,4276.33,104,2229,14.018867924528301,0.0,Belgium
12409,79,7,23364.67,3,4,5,345,12,486,3337.81,5.260802469135803,23364.670000000002,177,13103,49.63257575757576,0.32954545454545453,Switzerland
12410,309,3,881.71,2,3,3,233,8,193,293.90333333333336,5.677461139896373,881.71,36,341,8.525,0.35,Switzerland
12411,410,1,346.9,2,1,2,212,5,1,346.9,365.25,346.9,22,138,6.2727272727272725,0.0,Australia
12412,75,6,2597.17,3,4,4,344,11,464,432.8616666666667,4.723060344827586,2597.17,82,1997,15.724409448818898,0.0,Denmark
12413,67,4,967.5,3,3,3,333,9,335,241.875,4.361194029850746,967.5000000000001,41,319,6.254901960784314,0.0784313725490196,France
12414,217,6,640.41,2,4,3,243,9,246,106.735,8.908536585365853,640.41,21,495,17.678571428571427,0.0,Austria
12415,24,28,133286.62,4,5,5,455,14,503,4760.236428571428,20.332007952286283,133286.62,498,79443,85.79157667386609,0.0,Australia
12416,657,1,202.56,1,1,1,111,3,1,202.56,365.25,202.55999999999997,11,132,12.0,1.0,Australia
12417,3,20,6738.16,5,5,5,555,15,730,336.908,10.006849315068493,6738.16,270,2890,7.8108108108108105,0.11081081081081082,Belgium
12418,113,4,2021.2,3,3,4,334,10,517,505.3,2.8259187620889747,2021.2000000000003,90,1088,10.666666666666666,0.0,Switzerland
12419,386,2,463.01,2,2,2,222,6,27,231.505,27.055555555555557,463.01,23,231,9.24,0.0,Spain
12420,64,1,607.11,3,1,3,313,7,1,607.11,365.25,607.11,29,345,11.89655172413793,0.0,Cyprus
12421,16,6,1018.6,5,4,3,543,12,489,169.76666666666668,4.4815950920245395,1018.6,44,652,10.03076923076923,0.2153846153846154,Spain
12422,96,17,3926.87,3,5,5,355,13,625,230.99235294117648,9.934800000000001,3926.8700000000003,137,2508,14.581395348837209,0.12209302325581395,Switzerland
12423,1,10,2622.39,5,5,4,554,14,465,262.239,7.854838709677419,2622.39,128,1793,10.866666666666667,0.0,Belgium
12424,163,4,3340.0299999999997,3,3,5,335,11,385,835.0074999999999,3.794805194805195,3340.03,78,2025,22.01086956521739,0.0,Australia
12425,78,2,1742.6100000000001,3,2,4,324,9,370,871.3050000000001,1.9743243243243243,1742.6100000000004,87,1147,12.604395604395604,0.0,Portugal
12426,195,2,1347.46,2,2,4,224,8,468,673.73,1.5608974358974361,1347.4600000000003,73,584,7.584415584415584,0.38961038961038963,Germany
12427,22,3,1110.82,4,3,3,433,10,349,370.2733333333333,3.1396848137535818,1110.82,26,524,12.78048780487805,0.0,Germany
12428,26,9,6894.62,4,5,5,455,14,257,766.0688888888889,12.790856031128406,6894.620000000001,258,3536,12.02721088435374,0.034013605442176874,Finland
12429,9,8,7465.91,5,4,5,545,14,537,933.23875,5.4413407821229045,7465.909999999999,124,3344,19.329479768786126,0.0,Denmark
12430,43,1,234.4,4,1,1,411,6,1,234.4,365.25,234.4,11,117,10.636363636363637,0.0,Norway
12431,36,27,10486.93,4,5,5,455,14,658,388.4048148148148,14.987462006079028,10486.93,244,4493,11.093827160493827,0.07407407407407407,Australia
12432,43,5,4215.52,4,4,5,445,13,129,843.104,14.156976744186046,4215.52,107,1801,16.675925925925927,0.0,Norway
12433,1,10,20621.38,5,5,5,555,15,476,2062.138,7.673319327731092,20621.38,285,17036,24.13031161473088,0.0,Norway
12434,85,3,1103.43,3,3,3,333,9,296,367.81,3.7018581081081083,1103.43,62,532,7.6,0.0,Australia
12435,80,6,13295.53,3,4,5,345,12,657,2215.9216666666666,3.335616438356164,13295.529999999999,88,4638,41.410714285714285,0.0,Denmark
12436,100,1,465.01,3,1,2,312,6,1,465.01,365.25,465.01,16,211,13.1875,0.0,Norway
12437,2,39,12683.4,5,5,5,555,15,735,325.2153846153846,19.38061224489796,12683.4,273,8000,14.209591474245116,0.046181172291296625,France
12438,14,2,2671.09,5,2,4,524,11,125,1335.545,5.844,2671.09,84,1180,12.040816326530612,0.0,Norway
12439,683,2,1158.18,1,2,3,123,6,43,579.09,16.988372093023255,1158.18,69,484,6.722222222222222,0.0,Cyprus
12440,462,2,793.2,1,2,3,123,6,255,396.6,2.864705882352941,793.2,21,331,10.34375,0.0,Austria
12441,367,1,347.1,2,1,2,212,5,1,347.1,365.25,347.1,11,242,11.0,0.0,France
12442,3,1,162.06,5,1,1,511,7,1,162.06,365.25,162.06,12,182,15.166666666666666,0.0,Spain
12443,732,1,419.31,1,1,2,112,4,1,419.31,365.25,419.31,21,182,8.666666666666666,0.0,Norway
12444,21,5,4457.76,4,4,5,445,13,149,891.552,12.256711409395972,4457.76,138,1153,6.551136363636363,0.0,Norway
12445,22,2,414.98,4,2,2,422,8,398,207.49,1.835427135678392,414.98,24,206,8.583333333333334,0.0,Spain
12446,58,1,1002.3100000000001,4,1,3,413,8,1,1002.3100000000001,365.25,1002.3100000000001,57,351,6.157894736842105,0.0,RSA
12447,243,1,476.49,2,1,2,212,5,1,476.49,365.25,476.49,26,190,7.3076923076923075,1.0,Belgium
12448,44,1,372.45,4,1,2,412,7,1,372.45,365.25,372.45,22,243,11.045454545454545,0.0,Spain
12449,22,6,4836.13,4,4,5,445,13,416,806.0216666666666,5.268028846153846,4836.13,125,2282,11.35323383084577,0.23880597014925373,Belgium
12450,156,5,688.2,3,4,3,343,10,318,137.64000000000001,5.742924528301887,688.2000000000002,31,442,11.945945945945946,0.4594594594594595,Spain
12451,11,8,12653.98,5,4,5,545,14,518,1581.7475,5.640926640926641,12653.98,352,9359,18.315068493150687,0.0,Switzerland
12452,17,2,386.57000000000005,5,2,2,522,9,1,193.28500000000003,730.5,386.57,21,185,8.409090909090908,0.0,Switzerland
12453,134,1,707.09,3,1,3,313,7,1,707.09,365.25,707.09,43,473,11.0,0.0,Austria
12454,56,5,12040.04,4,4,5,445,13,364,2408.0080000000003,5.017170329670329,12040.04,24,4831,120.775,0.0,Spain
12455,73,10,5747.65,3,5,5,355,13,648,574.765,5.6365740740740735,5747.65,199,3214,14.158590308370044,0.0,Cyprus
12456,44,3,2851.04,4,3,4,434,11,210,950.3466666666667,5.217857142857143,2851.04,105,1633,13.064,0.36,Switzerland
12457,66,8,2753.91,3,4,4,344,11,368,344.23875,7.940217391304349,2753.91,63,1094,13.023809523809524,0.0,Switzerland
12458,71,4,1628.49,3,3,4,334,10,416,407.1225,3.5120192307692304,1628.4899999999998,71,986,11.738095238095237,0.0,Switzerland
12459,605,1,434.36,1,1,2,112,4,1,434.36,365.25,434.35999999999996,23,258,11.217391304347826,0.0,Spain
12460,456,1,326.65,1,1,2,112,4,1,326.65,365.25,326.65,18,170,9.444444444444445,0.0,Belgium
12461,94,2,716.88,3,2,3,323,8,60,358.44,12.175,716.88,35,287,8.2,0.0,Switzerland
12462,19,2,1099.59,5,2,3,523,10,284,549.795,2.572183098591549,1099.59,51,536,8.64516129032258,0.0,Spain
12463,53,4,1344.78,4,3,4,434,11,188,336.195,7.7712765957446805,1344.78,65,776,9.349397590361447,0.0,Belgium
12464,10,8,1212.05,5,4,4,544,13,299,151.50625,9.77257525083612,1212.05,6,112,3.8620689655172415,0.0,Belgium
12465,17,2,742.19,5,2,3,523,10,152,371.095,4.805921052631579,742.19,46,479,10.191489361702128,0.0,Belgium
12466,682,1,18.0,1,1,1,111,3,1,18.0,365.25,18.0,1,1,1.0,0.0,France
12467,423,1,132.8,1,1,1,111,3,1,132.8,365.25,132.8,9,129,14.333333333333334,0.0,USA
12468,188,5,3670.7400000000002,3,4,5,345,12,495,734.148,3.689393939393939,3670.74,127,2201,14.673333333333334,0.17333333333333334,Germany
12469,523,2,2909.66,1,2,5,125,8,14,1454.83,52.17857142857143,2909.66,76,2208,29.05263157894737,0.0,Thailand
12470,690,1,211.95,1,1,1,111,3,1,211.95,365.25,211.95000000000002,23,95,4.130434782608695,0.0,Unspecified
12471,2,79,39460.7,5,5,5,555,15,730,499.5025316455696,39.527054794520545,39460.7,255,16882,14.847845206684257,0.03869832893579595,Germany
12472,32,19,17872.0,4,5,5,455,14,693,940.6315789473684,10.014069264069265,17872.0,397,11350,12.458836443468716,0.20087815587266739,Germany
12473,29,5,2956.23,4,4,5,445,13,162,591.246,11.273148148148147,2956.2299999999996,140,2439,14.517857142857142,0.0,Germany
12474,17,31,12378.7,5,5,5,555,15,649,399.31290322580645,17.446456086286595,12378.7,369,7954,11.20281690140845,0.059154929577464786,Germany
12475,54,2,1164.64,4,2,3,423,9,356,582.32,2.0519662921348316,1164.64,54,771,12.639344262295081,0.0,Germany
12476,16,23,14097.66,5,5,5,555,15,486,612.9417391304348,17.285493827160494,14097.66,358,5645,10.939922480620154,0.06782945736434108,Germany
12477,23,9,20277.57,4,5,5,455,14,600,2253.0633333333335,5.478750000000001,20277.570000000003,295,6119,10.849290780141844,0.0,Germany
12478,4,1,599.99,5,1,2,512,8,1,599.99,365.25,599.99,36,236,6.555555555555555,0.0,Greece
12479,11,1,527.2,5,1,2,512,8,1,527.2,365.25,527.2,31,385,12.419354838709678,0.0,Germany
12480,28,7,5361.1,4,4,5,445,13,479,765.8714285714286,5.337682672233821,5361.1,177,2852,11.785123966942148,0.0,Germany
12481,23,15,12073.39,4,5,5,455,14,584,804.8926666666666,9.381421232876713,12073.39,248,7253,18.54987212276215,0.1969309462915601,Germany
12482,576,29,20915.48,1,5,5,155,11,77,721.2234482758621,137.5616883116883,20915.48,42,20578,100.87254901960785,0.24509803921568626,Sweden
12483,17,19,4614.58,5,5,5,555,15,660,242.87263157894736,10.514772727272728,4614.58,68,2172,15.62589928057554,0.16546762589928057,Sweden
12484,33,12,6095.15,4,5,5,455,14,648,507.9291666666666,6.763888888888888,6095.149999999999,329,3271,6.886315789473684,0.2694736842105263,Spain
12485,529,1,708.1,1,1,3,113,5,1,708.1,365.25,708.1,34,414,12.176470588235293,0.0,Sweden
12486,432,1,971.28,1,1,3,113,5,1,971.28,365.25,971.2800000000001,49,523,10.673469387755102,0.0,Sweden
12487,731,1,285.3,1,1,2,112,4,1,285.3,365.25,285.3,2,174,87.0,0.0,Sweden
12488,10,3,1298.66,5,3,4,534,12,65,432.8866666666667,16.857692307692307,1298.66,46,529,9.618181818181819,0.38181818181818183,France
12489,336,1,334.93,2,1,2,212,5,1,334.93,365.25,334.93,15,105,7.0,0.0,France
12490,5,21,9782.24,5,5,5,555,15,733,465.82095238095235,10.46418826739427,9782.24,195,5866,12.696969696969697,0.19696969696969696,France
12491,39,1,460.40000000000003,4,1,2,412,7,1,460.40000000000003,365.25,460.40000000000003,25,260,10.0,0.0,France
12492,63,3,715.21,3,3,3,333,9,340,238.40333333333334,3.222794117647059,715.21,38,444,10.571428571428571,0.0,Germany
12493,166,2,433.74,3,2,2,322,7,31,216.87,23.564516129032256,433.73999999999995,20,207,9.409090909090908,0.0,France
12494,16,9,1872.8700000000001,5,5,4,554,14,560,208.0966666666667,5.870089285714286,1872.8700000000001,83,988,8.9009009009009,0.23423423423423423,France
12495,641,1,313.4,1,1,2,112,4,1,313.4,365.25,313.4,17,130,7.647058823529412,0.0,Sweden
12496,620,2,54.09,1,2,1,121,4,1,27.045,730.5,54.09,10,33,2.5384615384615383,0.0,Spain
12497,82,3,5839.62,3,3,5,335,11,563,1946.54,1.9462699822380105,5839.62,41,5117,89.7719298245614,0.0,Germany
12498,21,3,403.70000000000005,4,3,2,432,9,36,134.5666666666667,30.4375,403.7000000000001,21,159,6.913043478260869,0.0,Germany
12499,560,1,393.72,1,1,2,112,4,1,393.72,365.25,393.72,27,302,11.185185185185185,0.0,Germany
12500,23,19,5857.98,4,5,5,455,14,650,308.3147368421052,10.676538461538462,5857.98,88,3289,22.527397260273972,0.06164383561643835,Germany
12501,337,1,2169.39,2,1,4,214,7,1,2169.39,365.25,2169.39,149,1783,11.966442953020135,0.0,Germany
12502,96,5,3462.92,3,4,5,345,12,214,692.5840000000001,8.533878504672899,3462.9200000000005,102,820,5.578231292517007,0.0,Spain
12503,584,1,338.0,1,1,2,112,4,1,338.0,365.25,338.0,2,201,100.5,0.0,Spain
12504,18,4,779.05,5,3,3,533,11,578,194.7625,2.527681660899654,779.05,11,458,22.9,0.0,Germany
12505,409,1,895.2,2,1,3,213,6,1,895.2,365.25,895.1999999999999,42,324,7.714285714285714,0.0,Italy
12506,233,1,73.5,2,1,1,211,4,1,73.5,365.25,73.5,23,23,1.0,0.0,France
12507,134,4,1724.06,3,3,4,334,10,450,431.015,3.2466666666666666,1724.0600000000002,46,1256,25.632653061224488,0.0,Spain
12508,26,2,398.27,4,2,2,422,8,2,199.135,365.25,398.27,57,272,3.9420289855072466,0.2463768115942029,France
12509,284,1,176.5,2,1,1,211,4,1,176.5,365.25,176.5,7,55,7.857142857142857,0.0,France
12510,143,9,3580.71,3,5,5,355,13,592,397.8566666666667,5.552787162162162,3580.7100000000005,94,2049,14.13103448275862,0.0,Spain
12511,429,1,3083.75,1,1,5,115,7,1,3083.75,365.25,3083.75,190,1753,9.226315789473684,0.0,Greece
12512,66,2,138.03,3,2,1,321,6,1,69.015,730.5,138.03,31,99,2.911764705882353,0.0,Israel
12513,113,1,612.29,3,1,3,313,7,1,612.29,365.25,612.29,35,462,13.2,0.0,France
12514,267,2,1597.76,2,2,4,224,8,374,798.88,1.9532085561497328,1597.76,76,840,10.0,0.0,Italy
12515,353,1,332.7,2,1,2,212,5,1,332.7,365.25,332.7,16,131,8.1875,0.0,Italy
12516,78,4,2648.62,3,3,4,334,10,521,662.155,2.8042226487523996,2648.62,49,1952,26.37837837837838,0.17567567567567569,Germany
12517,28,5,2502.84,4,4,4,444,12,161,500.56800000000004,11.343167701863354,2502.84,232,1371,4.827464788732394,0.0,Germany
12518,1,5,2056.89,5,4,4,544,13,109,411.378,16.7545871559633,2056.8899999999994,84,1318,10.629032258064516,0.14516129032258066,Germany
12519,64,2,726.54,3,2,3,323,8,413,363.27,1.768765133171913,726.5400000000001,34,395,9.875,0.0,Germany
12520,79,5,2634.26,3,4,4,344,11,194,526.8520000000001,9.413659793814434,2634.26,121,1439,9.467105263157896,0.0,Germany
12521,143,1,599.68,3,1,2,312,6,1,599.68,365.25,599.68,38,309,8.131578947368421,0.0,Germany
12522,39,2,207.72,4,2,1,421,7,12,103.86,60.875,207.72,11,194,16.166666666666668,0.0,Germany
12523,19,23,4365.15,5,5,5,555,15,712,189.7891304347826,11.798806179775282,4365.15,176,2275,9.1,0.116,France
12524,9,17,11010.55,5,5,5,555,15,660,647.6794117647058,9.407954545454546,11010.55,157,6714,27.975,0.1375,Germany
12525,498,3,973.73,1,3,3,133,7,149,324.57666666666665,7.354026845637583,973.7299999999999,56,509,8.483333333333333,0.0,France
12526,1,3,1316.66,5,3,4,534,12,93,438.8866666666667,11.78225806451613,1316.6600000000003,64,632,8.901408450704226,0.0,Germany
12527,82,5,735.51,3,4,3,343,10,447,147.102,4.085570469798658,735.5100000000001,26,526,16.4375,0.0,Germany
12528,9,6,1933.48,5,4,4,544,13,303,322.24666666666667,7.232673267326733,1933.48,50,756,8.217391304347826,0.0,Germany
12529,528,1,316.48,1,1,2,112,4,1,316.48,365.25,316.48,21,192,9.142857142857142,0.0,France
12530,60,9,3672.98,3,5,5,355,13,582,408.1088888888889,5.64819587628866,3672.98,94,2625,16.61392405063291,0.10759493670886076,Germany
12531,15,2,1921.25,5,2,4,524,11,671,960.625,1.0886736214605066,1921.2499999999995,126,1119,8.811023622047244,0.0,Germany
12532,30,1,349.83000000000004,4,1,2,412,7,1,349.83000000000004,365.25,349.83000000000004,16,153,9.5625,0.0,France
12533,628,2,1367.89,1,2,4,124,7,110,683.945,6.6409090909090915,1367.89,63,704,9.777777777777779,0.0,Germany
12534,131,1,1088.23,3,1,3,313,7,1,1088.23,365.25,1088.23,63,651,10.333333333333334,0.0,Germany
12535,92,2,716.35,3,2,3,323,8,94,358.175,7.7712765957446805,716.35,28,219,6.4411764705882355,0.0,France
12536,43,3,4315.71,4,3,5,435,12,15,1438.57,73.05,4315.71,260,2803,10.739463601532567,0.0,France
12537,409,1,666.94,2,1,3,213,6,1,666.94,365.25,666.94,43,449,10.44186046511628,0.0,Sweden
12538,29,2,640.45,4,2,3,423,9,349,320.225,2.0931232091690544,640.45,33,336,9.882352941176471,0.0,Spain
12539,22,7,11204.75,4,4,5,445,13,694,1600.6785714285713,3.6840778097982705,11204.749999999998,276,4535,8.998015873015873,0.0,Spain
12540,20,33,21182.54,4,5,5,455,14,712,641.8951515151515,16.92872191011236,21182.539999999997,354,11019,14.29182879377432,0.07133592736705577,Spain
12541,30,3,931.18,4,3,3,433,10,251,310.3933333333333,4.365537848605578,931.1800000000001,46,680,13.076923076923077,0.21153846153846154,Spain
12542,484,2,481.88,1,2,2,122,5,156,240.94,4.6826923076923075,481.87999999999994,39,522,13.384615384615385,0.0,Spain
12543,448,1,930.25,1,1,3,113,5,1,930.25,365.25,930.25,43,688,16.0,0.0,Spain
12544,36,1,352.7,4,1,2,412,7,1,352.7,365.25,352.7,19,136,7.157894736842105,0.0,Spain
12545,75,2,940.39,3,2,3,323,8,184,470.195,3.9701086956521743,940.39,42,523,10.46,0.32,Spain
12546,47,2,1118.22,4,2,3,423,9,31,559.11,23.564516129032256,1118.22,59,633,9.173913043478262,0.0,Spain
12547,198,3,353.58,2,3,2,232,7,302,117.86,3.6283112582781456,353.58000000000004,13,309,14.714285714285714,0.0,Spain
12548,166,1,85.19999999999999,3,1,1,311,5,1,85.19999999999999,365.25,85.19999999999999,5,49,9.8,1.0,Spain
12549,576,6,1483.28,1,4,4,144,9,121,247.21333333333334,18.111570247933884,1483.28,38,1278,26.081632653061224,0.0,USA
12550,79,1,914.83,3,1,3,313,7,1,914.83,365.25,914.83,57,569,9.982456140350877,0.0,Spain
12551,358,1,168.0,2,1,1,211,4,1,168.0,365.25,168.0,10,100,10.0,0.0,Spain
12552,39,2,371.82,4,2,2,422,8,1,185.91,730.5,371.82,20,88,4.4,0.0,Italy
12553,8,12,4584.85,5,5,5,555,15,415,382.0708333333334,10.56144578313253,4584.85,109,2325,9.768907563025211,0.09243697478991597,France
12554,449,1,438.5,1,1,2,112,4,1,438.5,365.25,438.5,26,240,9.23076923076923,0.0,Spain
12555,682,1,18.0,1,1,1,111,3,1,18.0,365.25,18.0,1,1,1.0,0.0,Spain
12556,50,2,603.71,4,2,2,422,8,100,301.855,7.305000000000001,603.71,100,358,2.958677685950413,0.0,Spain
12557,16,8,15175.9,5,4,5,545,14,706,1896.9875,4.138810198300283,15175.899999999998,15,5798,99.96551724137932,0.2413793103448276,Spain
12558,8,1,269.96,5,1,1,511,7,1,269.96,365.25,269.96,11,196,17.818181818181817,0.0,USA
12559,311,2,561.71,2,2,2,222,6,8,280.855,91.3125,561.71,21,283,13.476190476190476,0.0,Germany
12560,5,3,2134.01,5,3,4,534,12,137,711.3366666666667,7.998175182481751,2134.0099999999998,91,1110,10.571428571428571,0.26666666666666666,Germany
12561,303,1,238.85,2,1,1,211,4,1,238.85,365.25,238.85,16,177,11.0625,0.0,Germany
12562,8,9,4966.92,5,5,5,555,15,427,551.88,7.698477751756441,4966.92,113,2327,11.241545893719806,0.0,France
12563,409,1,239.24,2,1,1,211,4,1,239.24,365.25,239.24,13,113,8.692307692307692,0.0,Italy
12564,261,1,456.90000000000003,2,1,2,212,5,1,456.90000000000003,365.25,456.90000000000003,21,133,6.333333333333333,0.0,France
12565,289,1,145.92000000000002,2,1,1,211,4,1,145.92000000000002,365.25,145.92000000000002,9,80,8.88888888888889,0.0,Saudi Arabia
12566,86,1,351.65,3,1,2,312,6,1,351.65,365.25,351.65,19,265,13.947368421052632,0.0,Germany
12567,23,15,13464.14,4,5,5,455,14,644,897.6093333333333,8.507375776397515,13464.14,365,6086,9.524256651017215,0.3302034428794992,France
12568,645,1,70.0,1,1,1,111,3,1,70.0,365.25,70.0,5,48,9.6,0.0,Germany
12569,2,32,4124.6900000000005,5,5,5,555,15,250,128.89656250000002,46.752,4124.6900000000005,92,1801,9.579787234042554,0.05319148936170213,Germany
12570,682,1,18.0,1,1,1,111,3,1,18.0,365.25,18.0,1,1,1.0,0.0,Spain
12571,40,2,519.61,4,2,2,422,8,81,259.805,9.018518518518517,519.61,31,523,15.382352941176471,0.0,France
12572,9,2,1022.6700000000001,5,2,3,523,10,43,511.33500000000004,16.988372093023255,1022.6700000000001,53,452,7.533333333333333,0.0,Germany
12573,227,5,717.41,2,4,3,243,9,237,143.482,7.705696202531646,717.41,107,479,4.025210084033613,0.17647058823529413,France
12574,316,1,218.45000000000002,2,1,1,211,4,1,218.45000000000002,365.25,218.45000000000002,11,61,5.545454545454546,0.0,France
12575,457,2,622.82,1,2,3,123,6,69,311.41,10.58695652173913,622.82,34,315,8.289473684210526,0.0,France
12576,36,8,2087.82,4,4,4,444,12,490,260.9775,5.963265306122449,2087.82,114,1494,10.52112676056338,0.0,Poland
12577,35,8,1654.17,4,4,4,444,12,700,206.77125,4.174285714285714,1654.17,259,1197,3.9635761589403975,0.0,France
12578,21,4,4350.45,4,3,5,435,12,422,1087.6125,3.4620853080568716,4350.45,149,2280,13.255813953488373,0.0,Italy
12579,78,1,440.42,3,1,2,312,6,1,440.42,365.25,440.42,29,285,9.827586206896552,0.0,France
12580,247,2,1052.9,2,2,3,223,7,329,526.45,2.2203647416413372,1052.9,52,569,9.810344827586206,0.0,Germany
12581,40,1,197.71,4,1,1,411,6,1,197.71,365.25,197.71,15,161,10.733333333333333,0.0,Germany
12582,239,4,1892.4,2,3,4,234,9,338,473.1,4.322485207100591,1892.3999999999999,88,985,9.563106796116505,0.0,Finland
12583,3,27,14442.4,5,5,5,555,15,730,534.9037037037037,13.509246575342466,14442.400000000001,141,8768,18.815450643776824,0.15665236051502146,France
12584,4,9,2308.15,5,5,4,554,14,276,256.4611111111111,11.910326086956522,2308.1499999999996,44,416,4.333333333333333,0.125,Italy
12585,234,2,2040.1,2,2,4,224,8,117,1020.05,6.2435897435897445,2040.1,77,1279,14.701149425287356,0.0,Germany
12586,17,4,2064.35,5,3,4,534,12,706,516.0875,2.0694050991501416,2064.3499999999995,82,687,7.308510638297872,0.0,Italy
12587,8,1,122.0,5,1,1,511,7,1,122.0,365.25,122.0,4,51,12.75,0.0,Finland
12588,39,4,826.78,4,3,3,433,10,558,206.695,2.618279569892473,826.78,31,438,9.521739130434783,0.0,Finland
12589,29,8,3657.91,4,4,5,445,13,660,457.23875,4.427272727272728,3657.9100000000003,121,1764,9.8,0.0,France
12590,211,2,9099.26,2,2,5,225,9,1,4549.63,730.5,9099.26,68,3883,57.10294117647059,0.0,Germany
12591,317,3,1272.15,2,3,4,234,9,91,424.05,12.04120879120879,1272.15,63,677,9.81159420289855,0.07246376811594203,Italy
12592,92,5,1885.64,3,4,4,344,11,427,377.12800000000004,4.276932084309133,1885.6399999999999,42,1875,23.14814814814815,0.0,Germany
12593,109,3,418.1,3,3,2,332,8,110,139.36666666666667,9.961363636363636,418.09999999999997,14,206,9.80952380952381,0.0,France
12594,38,15,5016.110000000001,4,5,5,455,14,608,334.4073333333334,9.01110197368421,5016.110000000001,78,2768,13.909547738693467,0.0,Italy
12595,505,1,299.02,1,1,2,112,4,1,299.02,365.25,299.02,19,271,14.263157894736842,0.0,Germany
12596,51,2,559.47,4,2,2,422,8,190,279.735,3.8447368421052635,559.47,25,474,17.555555555555557,0.0,Spain
12597,19,4,3594.58,5,3,5,535,13,248,898.645,5.891129032258064,3594.58,184,2236,10.854368932038835,0.6213592233009708,Spain
12598,10,11,4534.09,5,5,5,555,15,639,412.19,6.28755868544601,4534.09,130,2906,14.106796116504855,0.1262135922330097,France
12599,29,13,2296.72,4,5,4,454,13,548,176.67076923076922,8.664689781021897,2296.72,47,2189,16.458646616541355,0.21052631578947367,France
12600,29,21,5045.12,4,5,5,455,14,703,240.24380952380952,10.910739687055477,5045.12,53,1414,10.712121212121213,0.17424242424242425,Germany
12601,190,6,659.3100000000001,2,4,3,243,9,214,109.885,10.240654205607477,659.31,24,290,8.529411764705882,0.17647058823529413,Germany
12602,59,1,153.12,4,1,1,411,6,1,153.12,365.25,153.12,12,162,13.5,0.0,France
12603,22,1,739.1999999999999,4,1,3,413,8,1,739.1999999999999,365.25,739.1999999999999,2,63,31.5,0.0,Germany
12604,79,2,254.18,3,2,1,321,6,182,127.09,4.013736263736264,254.18,15,201,12.5625,0.0,France
12605,376,4,1232.95,2,3,4,234,9,81,308.2375,18.037037037037035,1232.9499999999998,63,929,12.223684210526315,0.40789473684210525,Germany
12606,682,1,18.0,1,1,1,111,3,1,18.0,365.25,18.0,1,1,1.0,0.0,Spain
12607,60,1,1579.51,3,1,4,314,8,1,1579.51,365.25,1579.51,101,1228,12.158415841584159,0.0,USA
12608,405,1,415.79,2,1,2,212,5,1,415.79,365.25,415.79,16,323,20.1875,1.0,United Kingdom
12609,78,9,3435.86,3,5,5,355,13,641,381.76222222222225,5.128315132605304,3435.86,129,1553,8.874285714285714,0.09714285714285714,Germany
12610,23,5,1927.54,4,4,4,444,12,103,385.508,17.730582524271846,1927.54,85,1049,9.89622641509434,0.0,Italy
12611,52,1,1193.32,4,1,3,413,8,1,1193.32,365.25,1193.32,65,846,13.015384615384615,0.0,Italy
12612,74,1,704.04,3,1,3,313,7,1,704.04,365.25,704.04,19,262,13.789473684210526,0.0,Germany
12613,57,10,6779.63,4,5,5,455,14,668,677.963,5.467814371257485,6779.63,218,3899,11.923547400611621,0.0,Germany
12614,278,1,315.6,2,1,2,212,5,1,315.6,365.25,315.6,20,76,3.8,0.0,Germany
12615,2,8,5740.9800000000005,5,4,5,545,14,629,717.6225000000001,4.645468998410175,5740.9800000000005,198,3317,12.285185185185185,0.0,France
12616,95,3,1131.1,3,3,3,333,9,293,377.0333333333333,3.7397610921501707,1131.1,32,498,9.222222222222221,0.0,France
12617,29,1,355.53000000000003,4,1,2,412,7,1,355.53000000000003,365.25,355.53000000000003,39,213,5.071428571428571,0.0,France
12618,22,1,155.31,4,1,1,411,6,1,155.31,365.25,155.31,11,96,8.727272727272727,0.0,Italy
12619,16,10,3378.02,5,5,5,555,15,544,337.802,6.714154411764706,3378.02,55,3430,34.3,0.14,Germany
12620,15,3,1339.41,5,3,4,534,12,189,446.47,5.7976190476190474,1339.41,89,1181,12.83695652173913,0.0,France
12621,2,35,24278.97,5,5,5,555,15,666,693.6848571428571,19.19481981981982,24278.969999999998,344,13169,17.102597402597404,0.06883116883116883,Germany
12622,232,1,180.1,2,1,1,211,4,1,180.1,365.25,180.1,11,69,6.2727272727272725,0.0,Germany
12623,276,7,3747.84,2,4,5,245,11,420,535.4057142857143,6.0875,3747.8400000000006,112,1971,11.393063583815028,0.10404624277456648,Germany
12624,106,2,641.13,3,2,3,323,8,71,320.565,10.288732394366196,641.13,36,355,9.342105263157896,0.0,France
12625,212,4,5164.88,2,3,5,235,10,384,1291.22,3.8046875,5164.88,144,3309,18.081967213114755,0.3224043715846995,Germany
12626,23,9,6620.4800000000005,4,5,5,455,14,303,735.6088888888889,10.849009900990099,6620.4800000000005,232,3453,11.744897959183673,0.0,Germany
12627,11,7,4523.53,5,4,5,545,14,129,646.2185714285714,19.819767441860463,4523.53,162,2752,11.965217391304348,0.1608695652173913,Germany
12628,4,3,786.46,5,3,3,533,11,60,262.15333333333336,18.2625,786.46,34,448,10.926829268292684,0.2682926829268293,Germany
12629,386,2,1360.22,2,2,4,224,8,37,680.11,19.743243243243242,1360.22,40,722,16.044444444444444,0.0,Sweden
12630,10,2,1138.88,5,2,3,523,10,34,569.44,21.485294117647058,1138.88,60,548,8.5625,0.0,Finland
12631,57,6,3393.57,4,4,5,445,13,635,565.595,3.4511811023622045,3393.57,131,1607,8.781420765027322,0.15300546448087432,Finland
12632,521,2,811.88,1,2,3,123,6,44,405.94,16.602272727272727,811.8799999999999,32,694,19.82857142857143,0.0,Germany
12633,59,7,5666.21,4,4,5,445,13,466,809.4585714285714,5.486587982832618,5666.209999999999,220,3238,10.581699346405228,0.0,Germany
12634,536,2,378.0,1,2,2,122,5,12,189.0,60.875,378.0,20,337,16.85,0.0,USA
12635,90,4,2948.77,3,3,5,335,11,367,737.1925,3.9809264305177114,2948.77,159,1949,10.888268156424582,0.3407821229050279,Germany
12636,739,1,18.0,1,1,1,111,3,1,18.0,365.25,18.0,1,1,1.0,0.0,USA
12637,67,12,8280.56,3,5,5,355,13,476,690.0466666666666,9.207983193277311,8280.56,295,4284,6.746456692913386,0.0,France
12638,33,2,789.49,4,2,3,423,9,606,394.745,1.2054455445544554,789.4899999999999,47,663,13.8125,0.8125,Sweden
12639,239,3,1180.3700000000001,2,3,3,233,8,389,393.4566666666667,2.816838046272493,1180.3700000000001,58,631,9.859375,0.0,Sweden
12640,24,3,1174.58,4,3,3,433,10,57,391.52666666666664,19.223684210526315,1174.58,47,311,5.867924528301887,0.0,France
12641,115,1,163.9,3,1,1,311,5,1,163.9,365.25,163.9,10,72,7.2,0.0,Sweden
12642,25,3,1013.26,4,3,3,433,10,82,337.75333333333333,13.362804878048781,1013.26,39,552,11.74468085106383,0.0,Germany
12643,128,12,7302.22,3,5,5,355,13,482,608.5183333333333,9.093360995850622,7302.22,14,4233,81.40384615384616,0.0,France
12644,130,4,1918.49,3,3,4,334,10,564,479.6225,2.5904255319148937,1918.4900000000002,106,1032,9.297297297297296,0.06306306306306306,Germany
12645,34,8,3539.3,4,4,5,445,13,635,442.4125,4.601574803149606,3539.2999999999997,111,2125,13.28125,0.0875,Germany
12646,5,2,1346.97,5,2,4,524,11,44,673.485,16.602272727272727,1346.97,43,897,19.933333333333334,0.0,USA
12647,22,36,17459.15,4,5,5,455,14,672,484.97638888888895,19.566964285714285,17459.15,240,6785,12.336363636363636,0.14727272727272728,Germany
12648,155,4,1112.0,3,3,3,333,9,546,278.0,2.675824175824176,1112.0,38,518,7.969230769230769,0.0,Germany
12649,107,8,2314.93,3,4,4,344,11,588,289.36625,4.969387755102041,2314.93,94,1959,16.60169491525424,0.0,Germany
12650,3,1,314.44,5,1,2,512,8,1,314.44,365.25,314.44,20,254,12.7,0.0,France
12651,335,4,377.75,2,3,2,232,7,130,94.4375,11.23846153846154,377.75000000000006,30,265,8.833333333333334,0.3,France
12652,331,2,1017.0300000000001,2,2,3,223,7,102,508.51500000000004,7.161764705882353,1017.03,51,536,10.509803921568627,0.0,France
12653,149,3,4160.83,3,3,5,335,11,378,1386.9433333333334,2.8988095238095237,4160.83,76,1681,19.546511627906977,0.0,Israel
12654,11,5,601.98,5,4,2,542,11,284,120.396,6.430457746478873,601.98,31,264,6.947368421052632,0.0,Germany
12655,424,1,261.35,1,1,1,111,3,1,261.35,365.25,261.35,16,80,5.0,0.0,France
12656,17,8,6407.83,5,4,5,545,14,545,800.97875,5.361467889908257,6407.83,174,2860,11.578947368421053,0.1902834008097166,France
12657,11,4,1601.18,5,3,4,534,12,67,400.295,21.80597014925373,1601.18,35,944,20.085106382978722,0.0,France
12658,19,1,686.05,5,1,3,513,9,1,686.05,365.25,686.05,36,320,8.88888888888889,0.0,Germany
12659,30,1,91.68,4,1,1,411,6,1,91.68,365.25,91.68,5,105,21.0,0.0,France
12660,11,1,245.10000000000002,5,1,1,511,7,1,245.10000000000002,365.25,245.10000000000002,13,127,9.76923076923077,0.0,France
12661,436,1,162.0,1,1,1,111,3,1,162.0,365.25,162.0,11,216,19.636363636363637,0.0,Sweden
12662,1,20,6964.12,5,5,5,555,15,617,348.206,11.839546191247974,6964.120000000001,163,3581,8.820197044334975,0.10098522167487685,Germany
12663,625,2,239.4,1,2,1,121,4,43,119.7,16.988372093023255,239.4,9,181,18.1,0.0,Germany
12664,8,11,5762.04,5,5,5,555,15,718,523.8218181818182,5.59575208913649,5762.040000000001,10,1495,33.22222222222222,0.08888888888888889,Finland
12665,325,3,313.6,2,3,2,232,7,344,104.53333333333335,3.1853197674418605,313.6000000000001,13,165,9.705882352941176,0.0,Germany
12666,394,1,1248.42,2,1,4,214,7,1,1248.42,365.25,1248.42,31,370,11.935483870967742,0.0,Israel
12667,58,1,532.13,4,1,2,412,7,1,532.13,365.25,532.13,33,395,11.969696969696969,0.0,Finland
12668,12,10,11319.93,5,5,5,555,15,665,1131.993,5.492481203007519,11319.929999999998,263,5076,9.417439703153988,0.4322820037105751,Germany
12669,151,3,1625.73,3,3,4,334,10,105,541.91,10.435714285714287,1625.73,98,1115,11.03960396039604,0.0,France
12670,10,7,3760.29,5,4,5,545,14,656,537.1842857142857,3.897484756097561,3760.2900000000004,71,1627,14.147826086956522,0.0,France
12671,606,1,2622.67,1,1,4,114,6,1,2622.67,365.25,2622.67,45,1460,32.44444444444444,0.0,Germany
12672,330,2,437.05,2,2,2,222,6,265,218.525,2.7566037735849056,437.05000000000007,22,138,6.2727272727272725,0.0,France
12673,5,3,1230.02,5,3,4,534,12,396,410.00666666666666,2.767045454545454,1230.02,68,700,9.45945945945946,0.25675675675675674,Germany
12674,39,4,1970.6,4,3,4,434,11,169,492.65,8.644970414201183,1970.6,52,1133,13.650602409638553,0.0,France
12675,554,2,928.5,1,2,3,123,6,24,464.25,30.4375,928.5,111,337,2.982300884955752,0.0,Italy
12676,25,11,2567.09,4,5,4,454,13,458,233.37181818181818,8.772379912663755,2567.09,67,1867,17.44859813084112,0.24299065420560748,Sweden
12677,555,2,395.1,1,2,2,122,5,111,197.55,6.581081081081081,395.1,13,176,8.380952380952381,0.0,France
12678,42,21,31029.579999999998,4,5,5,455,14,658,1477.5990476190475,11.65691489361702,31029.579999999994,199,21256,56.53191489361702,0.047872340425531915,France
12679,59,4,1113.02,4,3,3,433,10,225,278.255,6.493333333333333,1113.02,43,554,11.541666666666666,0.0,France
12680,1,4,880.81,5,3,3,533,11,112,220.2025,13.044642857142858,880.81,33,444,8.377358490566039,0.1320754716981132,France
12681,15,45,30880.04,5,5,5,555,15,711,686.2231111111112,23.117088607594937,30880.04,459,17596,12.010921501706484,0.11808873720136519,France
12682,4,52,24005.27,5,5,5,555,15,735,461.6398076923077,25.840816326530614,24005.270000000004,327,11002,10.58902791145332,0.04042348411934552,France
12683,4,21,12696.78,5,5,5,555,15,722,604.6085714285715,10.623614958448753,12696.78,236,7683,14.201478743068392,0.11275415896487985,France
12684,8,7,2283.63,5,4,4,544,13,205,326.23285714285714,12.471951219512194,2283.63,61,1985,18.904761904761905,0.0,France
12685,28,6,2863.08,4,4,4,444,12,65,477.18,33.715384615384615,2863.08,117,1523,9.700636942675159,0.08917197452229299,France
12686,372,1,178.28,2,1,1,211,4,1,178.28,365.25,178.28,7,214,15.285714285714286,0.0,France
12687,481,2,1876.91,1,2,4,124,7,1,938.455,730.5,1876.91,126,1403,11.134920634920634,0.0,Sweden
12688,114,1,4666.98,3,1,5,315,9,1,4666.98,365.25,4666.98,171,3028,17.707602339181285,0.0,Israel
12689,26,2,1247.6100000000001,4,2,4,424,10,101,623.8050000000001,7.232673267326732,1247.6100000000001,57,628,8.722222222222221,0.0,France
12690,206,1,389.01,2,1,2,212,5,1,389.01,365.25,389.01,16,106,6.625,0.0,France
12691,28,7,1170.4,4,4,3,443,11,392,167.20000000000002,6.522321428571429,1170.4000000000003,24,445,11.41025641025641,0.15384615384615385,France
12692,637,1,110.95,1,1,1,111,3,1,110.95,365.25,110.95,13,36,2.769230769230769,0.0,France
12693,127,7,1703.02,3,4,4,344,11,395,243.28857142857143,6.472784810126583,1703.02,63,536,6.784810126582278,0.13924050632911392,Germany
12694,70,3,1843.35,3,3,4,334,10,350,614.4499999999999,3.130714285714286,1843.3499999999997,69,1355,16.325301204819276,0.0,France
12695,7,7,1379.17,5,4,4,544,13,658,197.02428571428572,3.8856382978723403,1379.17,46,454,7.694915254237288,0.0,France
12696,435,2,785.91,1,2,3,123,6,74,392.955,9.871621621621621,785.91,43,564,11.510204081632653,0.0,Finland
12697,29,3,847.59,4,3,3,433,10,140,282.53000000000003,7.826785714285714,847.5900000000001,37,508,12.390243902439025,0.24390243902439024,Sweden
12698,590,1,339.75,1,1,2,112,4,1,339.75,365.25,339.75,16,111,6.9375,0.0,Germany
12699,418,1,638.11,1,1,3,113,5,1,638.11,365.25,638.11,41,373,9.097560975609756,0.0,Germany
12700,8,4,4941.67,5,3,5,535,13,207,1235.4175,7.057971014492754,4941.669999999999,193,2967,11.07089552238806,0.23134328358208955,France
12701,80,6,2447.61,3,4,4,344,11,553,407.935,3.962929475587704,2447.61,118,1727,11.748299319727892,0.0,Germany
12702,20,1,219.0,4,1,1,411,6,1,219.0,365.25,219.0,12,53,4.416666666666667,1.0,Germany
12703,71,4,1006.53,3,3,3,333,9,613,251.6325,2.3833605220228384,1006.5299999999999,56,595,8.04054054054054,0.5405405405405406,Germany
12704,7,8,2003.89,5,4,4,544,13,162,250.48625,18.037037037037035,2003.8899999999999,64,1006,11.431818181818182,0.0,Finland
12705,15,14,11779.220000000001,5,5,5,555,15,518,841.3728571428572,9.871621621621621,11779.22,320,7188,12.0,0.15358931552587646,Germany
12707,292,1,603.42,2,1,2,212,5,1,603.42,365.25,603.42,33,256,7.757575757575758,0.0,France
12708,30,18,5310.2,4,5,5,455,14,691,295.0111111111111,9.514471780028943,5310.2,130,2521,8.13225806451613,0.12258064516129032,Germany
12709,15,34,30513.76,5,5,5,555,15,715,897.4635294117646,17.36853146853147,30513.76,189,13879,27.758,0.078,Germany
12710,97,3,1149.02,3,3,3,333,9,104,383.00666666666666,10.536057692307692,1149.02,75,851,11.051948051948052,0.948051948051948,Germany
12711,612,2,1339.05,1,2,4,124,7,65,669.525,11.23846153846154,1339.05,56,770,12.833333333333334,0.0,Germany
12712,29,21,7196.02,4,5,5,455,14,701,342.66761904761904,10.941868758915835,7196.02,126,2349,8.51086956521739,0.0,Germany
12713,1,1,848.55,5,1,3,513,9,1,848.55,365.25,848.5500000000001,38,508,13.368421052631579,0.0,Germany
12714,9,12,14095.39,5,5,5,555,15,726,1174.6158333333333,6.037190082644629,14095.390000000001,436,8774,12.60632183908046,0.0,France
12715,106,1,309.86,3,1,2,312,6,1,309.86,365.25,309.86,20,197,9.380952380952381,0.0,Sweden
12716,4,2,1053.49,5,2,3,523,10,129,526.745,5.662790697674418,1053.49,60,708,10.26086956521739,0.0,France
12717,151,3,1126.96,3,3,3,333,9,439,375.65333333333336,2.4960136674259683,1126.96,60,600,8.450704225352112,0.0,Greece
12718,71,1,238.25,3,1,1,311,5,1,238.25,365.25,238.25,19,203,10.68421052631579,0.0,France
12719,5,2,644.95,5,2,3,523,10,59,322.475,12.38135593220339,644.95,34,374,9.58974358974359,0.5384615384615384,France
12720,3,30,8260.67,5,5,5,555,15,503,275.35566666666665,21.784294234592444,8260.669999999998,262,6317,12.410609037328094,0.21218074656188604,Germany
12721,32,8,4019.32,4,4,5,445,13,440,502.415,6.6409090909090915,4019.3200000000006,183,2655,11.108786610878662,0.0,France
12722,85,4,997.63,3,3,3,333,9,65,249.4075,22.47692307692308,997.6300000000001,50,566,10.679245283018869,0.03773584905660377,France
12723,4,5,725.07,5,4,3,543,12,61,145.014,29.938524590163937,725.0699999999999,53,434,6.2898550724637685,0.0,France
12724,5,7,2317.52,5,4,4,544,13,530,331.07428571428574,4.824056603773585,2317.52,94,1379,10.689922480620154,0.2558139534883721,France
12725,371,4,2422.56,2,3,4,234,9,213,605.64,6.859154929577465,2422.56,92,1306,10.046153846153846,0.0,Italy
12726,28,11,4014.6,4,5,5,455,14,595,364.96363636363634,6.752521008403361,4014.6,63,4618,25.798882681564248,0.08379888268156424,France
12727,11,10,5689.93,5,5,5,555,15,644,568.993,5.671583850931677,5689.93,132,2832,13.950738916256158,0.15270935960591134,France
12728,71,5,1070.17,3,4,3,343,10,312,214.03400000000002,5.853365384615385,1070.17,48,543,8.901639344262295,0.3770491803278688,France
12729,114,1,453.01,3,1,2,312,6,1,453.01,365.25,453.01,26,233,8.961538461538462,0.0,France
12730,522,1,828.3,1,1,3,113,5,1,828.3,365.25,828.3000000000001,47,234,4.9787234042553195,0.0,Germany
12731,24,17,25775.71,4,5,5,455,14,624,1516.2182352941177,9.950721153846153,25775.71,137,11641,29.62086513994911,0.05343511450381679,France
12732,180,1,236.26000000000002,3,1,1,311,5,1,236.26000000000002,365.25,236.26000000000002,12,111,9.25,0.0,France
12733,234,4,2424.87,2,3,4,234,9,455,606.2175,3.2109890109890107,2424.87,117,896,5.707006369426751,0.0,USA
12734,353,3,639.65,2,3,3,233,8,39,213.21666666666667,28.096153846153847,639.65,17,265,13.947368421052632,0.0,France
12735,315,2,779.5699999999999,2,2,3,223,7,21,389.78499999999997,34.785714285714285,779.5699999999999,38,368,8.55813953488372,0.0,France
12736,333,1,234.0,2,1,1,211,4,1,234.0,365.25,234.0,4,173,43.25,0.0,France
12737,499,2,36.0,1,2,1,121,4,1,18.0,730.5,36.0,2,2,1.0,0.0,France
12738,372,1,310.7,2,1,2,212,5,1,310.7,365.25,310.7,11,296,13.454545454545455,0.0,Germany
12739,78,4,2342.48,3,3,4,334,10,315,585.62,4.638095238095238,2342.4799999999996,85,951,10.685393258426966,0.0,United Arab Emirates
12740,64,1,427.6,3,1,2,312,6,1,427.6,365.25,427.59999999999997,27,342,12.666666666666666,0.0,France
12741,529,2,254.07,1,2,1,121,4,3,127.035,243.5,254.07,16,214,13.375,0.0,USA
12742,626,1,1164.56,1,1,3,113,5,1,1164.56,365.25,1164.56,67,1183,17.65671641791045,0.0,United Arab Emirates
12743,134,2,546.43,3,2,2,322,7,1,273.215,730.5,546.43,114,319,2.3805970149253732,0.0,Unspecified
12744,52,11,12974.76,4,5,5,455,14,539,1179.5236363636363,7.454081632653061,12974.76,245,6906,20.371681415929203,0.0,Singapore
12745,487,3,741.85,1,3,3,133,7,195,247.28333333333333,5.619230769230769,741.85,21,468,20.347826086956523,0.0,United Kingdom
12746,541,1,254.55,1,1,1,111,3,1,254.55,365.25,254.54999999999998,17,97,5.705882352941177,0.0,United Kingdom
12747,2,26,9272.64,5,5,5,555,15,730,356.64,13.008904109589041,9272.64,85,2758,10.731517509727626,0.1867704280155642,United Kingdom
12748,1,336,52218.61,5,5,5,555,15,734,155.41252976190475,167.1989100817439,52218.61,2286,38161,5.279607083563918,0.20987825124515772,United Kingdom
12749,4,9,6836.66,5,5,5,555,15,517,759.6288888888889,6.358317214700193,6836.660000000001,260,2360,6.982248520710059,0.17751479289940827,United Kingdom
12750,129,1,275.88,3,1,1,311,5,1,275.88,365.25,275.88,15,137,9.133333333333333,0.0,Poland
12751,445,1,268.27,1,1,1,111,3,1,268.27,365.25,268.27,61,189,3.0483870967741935,0.0,Brazil
12752,81,1,4366.78,3,1,5,315,9,1,4366.78,365.25,4366.78,53,2262,42.679245283018865,0.0,Norway
12753,23,6,21429.39,4,4,5,445,13,339,3571.565,6.464601769911504,21429.39,132,11421,57.974619289340104,0.2436548223350254,Japan
12754,236,3,1517.38,2,3,4,234,9,72,505.79333333333335,15.21875,1517.38,49,2641,41.92063492063492,0.0,Japan
12755,281,11,2461.86,2,5,4,254,11,413,223.80545454545455,9.728208232445521,2461.86,34,1205,18.828125,0.0,Japan
12756,87,1,112.08,3,1,1,311,5,1,112.08,365.25,112.08,4,144,36.0,0.0,Japan
12757,16,13,4238.84,5,5,5,555,15,195,326.0646153846154,24.349999999999998,4238.84,237,2402,6.474393530997305,0.0,Portugal
12758,117,7,9903.24,3,4,5,345,12,621,1414.7485714285715,4.117149758454106,9903.240000000002,187,6155,19.664536741214057,0.0,Portugal
12759,52,8,5020.74,4,4,5,445,13,683,627.5925,4.278184480234261,5020.74,206,3202,10.602649006622517,0.0,Netherlands
12760,456,1,347.8,1,1,2,112,4,1,347.8,365.25,347.8,21,198,9.428571428571429,0.0,Netherlands
12761,458,2,775.95,1,2,3,123,6,7,387.975,104.35714285714286,775.9499999999999,27,281,10.407407407407407,0.0,Netherlands
12762,8,2,1828.52,5,2,4,524,11,17,914.26,42.970588235294116,1828.52,62,1227,17.782608695652176,0.0,Portugal
12763,138,2,814.16,3,2,3,323,8,230,407.08,3.1760869565217393,814.16,16,512,15.058823529411764,1.0,Japan
12764,317,1,1693.88,2,1,4,214,7,1,1693.88,365.25,1693.88,45,386,8.577777777777778,0.0,Lebanon
12765,472,6,1404.58,1,4,4,144,9,169,234.09666666666666,12.967455621301776,1404.5800000000002,49,1009,14.838235294117647,0.058823529411764705,Netherlands
12766,4,9,9728.28,5,5,5,555,15,403,1080.92,8.156947890818858,9728.28,253,5446,11.96923076923077,0.07692307692307693,Portugal
12767,376,1,951.5,2,1,3,213,6,1,951.5,365.25,951.5,43,598,13.906976744186046,0.0,Korea
12768,451,1,168.69,1,1,1,111,3,1,168.69,365.25,168.69,10,102,10.2,0.0,Korea
12769,239,1,1143.6,2,1,3,213,6,1,1143.6,365.25,1143.6,32,356,11.125,0.0,Brazil
12770,211,2,3246.45,2,2,5,225,9,245,1623.225,2.9816326530612245,3246.45,19,1843,65.82142857142857,0.0,Japan
12771,486,1,262.3,1,1,1,111,3,1,262.3,365.25,262.3,15,104,6.933333333333334,0.0,Portugal
12772,60,1,842.47,3,1,3,313,7,1,842.47,365.25,842.4699999999999,55,556,10.10909090909091,0.0,Portugal
12773,564,1,124.25,1,1,1,111,3,1,124.25,365.25,124.25,6,109,18.166666666666668,0.0,Portugal
12774,536,1,98.7,1,1,1,111,3,1,98.7,365.25,98.7,6,53,8.833333333333334,0.0,Netherlands
12775,17,7,1686.1200000000001,5,4,4,544,13,392,240.87428571428572,6.522321428571429,1686.1200000000001,55,1083,13.37037037037037,0.0,Netherlands
12776,668,1,45.5,1,1,1,111,3,1,45.5,365.25,45.5,4,46,11.5,0.0,Portugal
12777,458,1,519.45,1,1,2,112,4,1,519.45,365.25,519.45,26,458,17.615384615384617,0.0,United Kingdom
12778,20,9,1775.68,4,5,4,454,13,583,197.29777777777778,5.638507718696398,1775.68,77,1735,15.219298245614034,0.07017543859649122,Netherlands
12779,38,14,6722.2699999999995,4,5,5,455,14,699,480.16214285714284,7.315450643776824,6722.2699999999995,142,3641,13.144404332129964,0.0,Poland
12780,599,1,337.4,1,1,2,112,4,1,337.4,365.25,337.4,20,285,14.25,0.0,Netherlands
12781,64,2,804.74,3,2,3,323,8,221,402.37,3.3054298642533935,804.7400000000001,25,671,26.84,0.0,Czech Republic
12782,5,11,4348.24,5,5,5,555,15,514,395.2945454545454,7.816634241245136,4348.24,142,2017,8.885462555066079,0.0,Portugal
12783,2,6,1531.55,5,4,4,544,13,73,255.25833333333333,30.02054794520548,1531.55,76,624,7.428571428571429,0.21428571428571427,Portugal
12784,9,3,1714.75,5,3,4,534,12,520,571.5833333333334,2.1072115384615384,1714.7499999999998,121,882,6.732824427480916,0.0,Portugal
12785,364,3,1018.45,2,3,3,233,8,366,339.48333333333335,2.9938524590163933,1018.4499999999999,42,453,8.089285714285714,0.0,Portugal
12786,610,1,728.5000000000001,1,1,3,113,5,1,728.5000000000001,365.25,728.5000000000001,18,324,18.0,0.0,Netherlands
12787,10,4,862.1800000000001,5,3,3,533,11,403,215.54500000000002,3.62531017369727,862.1800000000001,30,510,11.590909090909092,0.0,Netherlands
12788,463,4,444.90000000000003,1,3,2,132,6,65,111.22500000000001,22.47692307692308,444.9000000000001,20,194,7.461538461538462,0.11538461538461539,Netherlands
12789,65,3,249.45,3,3,1,331,7,628,83.14999999999999,1.7448248407643312,249.45000000000002,5,36,4.5,0.0,Netherlands
12790,192,2,591.85,2,2,2,222,6,218,295.925,3.35091743119266,591.85,36,306,8.27027027027027,0.0,Netherlands
12791,374,6,942.4300000000001,2,4,3,243,9,250,157.0716666666667,8.766,942.4300000000001,17,450,15.0,0.3,Netherlands
12792,257,2,787.01,2,2,3,223,7,278,393.505,2.6276978417266186,787.01,39,394,8.382978723404255,0.0,Portugal
12793,335,3,957.33,2,3,3,233,8,66,319.11,16.602272727272727,957.33,34,526,10.313725490196079,0.3333333333333333,Portugal
12794,53,2,862.09,4,2,3,423,9,45,431.045,16.233333333333334,862.09,43,592,13.155555555555555,0.0,Portugal
12795,19,1,390.48,5,1,2,512,8,1,390.48,365.25,390.48,14,68,4.857142857142857,0.0,Portugal
12796,628,1,381.0,1,1,2,112,4,1,381.0,365.25,381.0,7,182,26.0,1.0,Netherlands
12797,366,2,766.11,2,2,3,223,7,58,383.055,12.594827586206897,766.11,27,333,7.744186046511628,0.0,Portugal
12798,10,4,2741.33,5,3,4,534,12,411,685.3325,3.554744525547445,2741.33,27,3935,119.24242424242425,0.0,Japan
12799,529,1,219.35,1,1,1,111,3,1,219.35,365.25,219.35,15,137,9.133333333333333,0.0,Japan
12800,470,3,554.25,1,3,2,132,6,206,184.75,5.319174757281553,554.25,31,284,8.352941176470589,0.0,Portugal
12801,501,1,917.9200000000001,1,1,3,113,5,1,917.9200000000001,365.25,917.9200000000001,50,505,10.1,0.0,Sweden
12802,187,7,2416.42,3,4,4,344,11,377,345.20285714285717,6.78183023872679,2416.4199999999996,108,1972,14.289855072463768,0.0,Netherlands
12803,393,1,1092.81,2,1,3,213,6,1,1092.81,365.25,1092.81,55,872,15.854545454545455,0.0,Netherlands
12804,466,2,327.02,1,2,2,122,5,34,163.51,21.485294117647058,327.02,60,271,4.044776119402985,0.0,Netherlands
12805,382,4,1434.95,2,3,4,234,9,293,358.7375,4.986348122866894,1434.95,44,593,10.224137931034482,0.25862068965517243,Netherlands
12806,435,4,2287.7200000000003,1,3,4,134,8,153,571.9300000000001,9.549019607843137,2287.7200000000003,58,1783,26.611940298507463,0.417910447761194,Netherlands
12807,383,1,286.35,2,1,2,212,5,1,286.35,365.25,286.35,16,145,9.0625,1.0,Sweden
12808,37,5,886.1,4,4,3,443,11,425,177.22,4.297058823529412,886.0999999999999,46,375,6.944444444444445,0.0,Portugal
12809,178,3,1564.3400000000001,3,3,4,334,10,469,521.4466666666667,2.3363539445629,1564.3400000000001,75,518,6.395061728395062,0.2716049382716049,Portugal
12810,535,2,534.99,1,2,2,122,5,142,267.495,5.144366197183098,534.99,32,389,12.15625,0.0,Japan
12811,261,5,984.9,2,4,3,243,9,166,196.98,11.001506024096386,984.9,47,435,7.767857142857143,0.0,Portugal
12812,45,1,229.64000000000001,4,1,1,411,6,1,229.64000000000001,365.25,229.64000000000001,15,164,10.933333333333334,0.0,Japan
12813,502,3,1687.8,1,3,4,134,8,191,562.6,5.736910994764397,1687.8,37,1141,25.355555555555554,0.0,Netherlands
12814,102,1,103.92,3,1,1,311,5,1,103.92,365.25,103.92,2,49,24.5,0.0,Poland
12815,148,2,953.46,3,2,3,323,8,50,476.73,14.610000000000001,953.4600000000002,38,379,8.063829787234043,0.0,Poland
12816,96,2,484.25,3,2,2,322,7,80,242.125,9.13125,484.25,27,128,4.413793103448276,0.0,Poland
12817,281,3,624.98,2,3,3,233,8,153,208.32666666666668,7.161764705882353,624.98,16,219,8.76,0.0,Austria
12818,262,1,1298.0,2,1,4,214,7,1,1298.0,365.25,1298.0,14,801,57.214285714285715,0.0,Austria
12819,458,1,540.52,1,1,2,112,4,1,540.52,365.25,540.52,19,344,18.105263157894736,0.0,United Kingdom
12820,3,11,2689.52,5,5,4,554,14,731,244.50181818181818,5.49623803009576,2689.52,131,1964,12.352201257861635,0.0880503144654088,United Kingdom
12821,214,2,220.8,2,2,1,221,5,397,110.4,1.8400503778337531,220.80000000000004,13,162,12.461538461538462,0.0,United Kingdom
12822,71,2,948.88,3,2,3,323,8,16,474.44,45.65625,948.88,41,550,11.956521739130435,0.0,United Kingdom
12823,75,18,6501.5,3,5,5,355,13,604,361.19444444444446,10.884933774834437,6501.5,1,930,51.666666666666664,0.0,United Kingdom
12824,60,1,397.12,3,1,2,312,6,1,397.12,365.25,397.11999999999995,25,232,9.28,0.0,United Kingdom
12825,521,2,518.63,1,2,2,122,5,120,259.315,6.0875,518.63,20,139,5.791666666666667,0.0,United Kingdom
12826,3,12,2955.75,5,5,5,555,15,718,246.3125,6.104456824512535,2955.75,93,1995,12.018072289156626,0.04216867469879518,United Kingdom
12827,6,3,430.15,5,3,2,532,10,38,143.38333333333333,28.835526315789473,430.15000000000003,19,197,7.88,0.2,United Kingdom
12828,3,6,1018.71,5,4,3,543,12,127,169.785,17.255905511811026,1018.71,46,494,8.821428571428571,0.0,United Kingdom
12829,337,3,329.45,2,3,2,232,7,213,109.81666666666666,5.144366197183099,329.45,17,550,28.94736842105263,0.0,United Kingdom
12830,38,6,4853.28,4,4,5,445,13,134,808.88,16.354477611940297,4853.28,13,6112,160.8421052631579,0.0,United Kingdom
12831,262,3,451.11,2,3,2,232,7,200,150.37,5.478750000000001,451.11,16,303,13.772727272727273,0.0,United Kingdom
12832,32,2,383.03000000000003,4,2,2,422,8,65,191.51500000000001,11.23846153846154,383.0300000000001,27,195,7.222222222222222,0.0,United Kingdom
12833,145,1,417.38,3,1,2,312,6,1,417.38,365.25,417.38000000000005,24,156,6.5,1.0,United Kingdom
12834,283,1,312.38,2,1,2,212,5,1,312.38,365.25,312.38,18,110,6.111111111111111,0.0,United Kingdom
12835,428,41,6043.31,1,5,5,155,11,308,147.3978048780488,48.62094155844156,6043.31,138,2357,3.8016129032258066,0.0,United Kingdom
12836,59,15,6547.87,4,5,5,455,14,679,436.52466666666663,8.068851251840943,6547.87,280,2236,5.400966183574879,0.028985507246376812,United Kingdom
12837,173,2,684.51,3,2,3,323,8,396,342.255,1.8446969696969695,684.51,83,209,2.2717391304347827,0.13043478260869565,United Kingdom
12838,34,10,3398.48,4,5,5,455,14,559,339.848,6.533989266547406,3398.4800000000005,230,1845,4.361702127659575,0.15130023640661938,United Kingdom
12839,3,26,10027.83,5,5,5,555,15,730,385.6857692307692,13.008904109589041,10027.829999999998,156,6849,11.890625,0.027777777777777776,United Kingdom
12840,144,7,4041.9700000000003,3,4,5,345,12,530,577.4242857142857,4.824056603773585,4041.9699999999993,109,2258,12.829545454545455,0.0,United Kingdom
12841,5,40,7540.68,5,5,5,555,15,514,188.517,28.42412451361868,7540.679999999999,307,5414,7.712250712250713,0.3005698005698006,United Kingdom
12842,70,4,1870.99,3,3,4,334,10,667,467.7475,2.1904047976011993,1870.99,45,887,18.479166666666668,0.22916666666666666,United Kingdom
12843,66,30,6481.02,3,5,5,355,13,661,216.03400000000002,16.57715582450832,6481.02,130,3031,13.714932126696832,0.26244343891402716,United Kingdom
12844,29,4,648.6,4,3,3,433,10,564,162.15,2.5904255319148937,648.6,88,223,2.1650485436893203,0.20388349514563106,United Kingdom
12845,267,4,354.09000000000003,2,3,2,232,7,22,88.52250000000001,66.4090909090909,354.09000000000003,26,204,7.555555555555555,0.0,United Kingdom
12846,682,1,15.58,1,1,1,111,3,1,15.58,365.25,15.58,1,1,1.0,0.0,United Kingdom
12847,22,2,1636.8999999999999,4,2,4,424,10,365,818.4499999999999,2.0013698630136987,1636.9,100,1533,12.166666666666666,0.0,United Kingdom
12848,676,1,208.0,1,1,1,111,3,1,208.0,365.25,208.0,16,58,3.625,0.0,United Kingdom
12849,31,6,3088.61,4,4,5,445,13,559,514.7683333333333,3.920393559928444,3088.61,123,1882,12.716216216216216,0.0,United Kingdom
12850,446,1,330.0,1,1,2,112,4,1,330.0,365.25,330.0,2,200,100.0,0.0,United Kingdom
12851,97,2,284.40999999999997,3,2,2,322,7,380,142.20499999999998,1.9223684210526317,284.40999999999997,71,160,2.0,0.625,United Kingdom
12852,295,1,311.55,2,1,2,212,5,1,311.55,365.25,311.55,17,149,8.764705882352942,0.0,United Kingdom
12853,135,11,3907.5,3,5,5,355,13,537,355.22727272727275,7.481843575418995,3907.5000000000005,111,1668,11.27027027027027,0.0,United Kingdom
12854,79,7,2994.02,3,4,5,345,12,649,427.71714285714285,3.939522342064715,2994.02,188,1635,6.169811320754717,0.0,United Kingdom
12855,373,4,496.99,2,3,2,232,7,29,124.2475,50.37931034482759,496.99,65,270,3.857142857142857,0.0,United Kingdom
12856,8,6,2181.61,5,4,4,544,13,55,363.6016666666667,39.845454545454544,2181.61,155,1079,3.4363057324840764,0.0,United Kingdom
12857,211,6,3688.0,2,4,5,245,11,472,614.6666666666666,4.643008474576272,3688.0,71,1420,11.735537190082646,0.0,United Kingdom
12858,383,1,175.97,2,1,1,211,4,1,175.97,365.25,175.97,36,63,1.2857142857142858,1.0,United Kingdom
12859,459,1,575.1,1,1,2,112,4,1,575.1,365.25,575.1,21,292,13.904761904761905,0.0,United Kingdom
12860,693,1,55.47,1,1,1,111,3,1,55.47,365.25,55.47,16,27,1.588235294117647,0.0,United Kingdom
12861,620,1,68.25,1,1,1,111,3,1,68.25,365.25,68.25,4,27,6.75,0.0,United Kingdom
12862,426,2,1004.42,1,2,3,123,6,69,502.21,10.58695652173913,1004.42,119,613,4.609022556390977,1.0,United Kingdom
12863,52,6,2792.55,4,4,4,444,12,537,465.425,4.081005586592179,2792.55,24,895,18.645833333333332,0.0,United Kingdom
12864,138,2,299.57,3,2,2,322,7,369,149.785,1.9796747967479673,299.57,5,447,63.857142857142854,0.42857142857142855,United Kingdom
12865,26,4,3326.83,4,3,5,435,12,450,831.7075,3.2466666666666666,3326.83,156,1973,10.117948717948718,0.18974358974358974,Austria
12866,283,3,1227.35,2,3,4,234,9,219,409.1166666666666,5.0034246575342465,1227.35,58,553,8.777777777777779,0.5873015873015873,Belgium
12867,26,13,7915.0199999999995,4,5,5,455,14,696,608.8476923076922,6.8221982758620685,7915.019999999998,365,7939,7.468485418626528,0.4543744120413923,United Kingdom
12868,186,8,2247.06,3,4,4,344,11,207,280.8825,14.115942028985508,2247.06,86,1282,8.780821917808218,0.0,United Kingdom
12869,682,1,337.66999999999996,1,1,2,112,4,1,337.66999999999996,365.25,337.66999999999996,35,144,3.891891891891892,0.0,United Kingdom
12870,375,3,1569.95,2,3,4,234,9,248,523.3166666666667,4.418346774193548,1569.95,85,906,9.741935483870968,0.0,United Kingdom
12871,84,3,744.02,3,3,3,333,9,355,248.00666666666666,3.086619718309859,744.02,13,484,26.88888888888889,0.3888888888888889,United Kingdom
12872,327,12,3685.4900000000002,2,5,5,255,12,409,307.12416666666667,10.716381418092908,3685.49,217,1855,4.254587155963303,0.33715596330275227,United Kingdom
12873,282,3,2027.3,2,3,4,234,9,399,675.7666666666667,2.7462406015037595,2027.3,33,786,22.457142857142856,0.4857142857142857,United Kingdom
12874,385,2,948.42,2,2,3,223,7,169,474.21,4.322485207100591,948.42,44,623,12.979166666666666,0.0,Belgium
12875,143,5,622.0,3,4,3,343,10,554,124.4,3.2964801444043323,622.0,2,1600,200.0,0.125,United Kingdom
12876,58,4,4078.94,4,3,5,435,12,532,1019.735,2.7462406015037595,4078.94,117,3047,17.923529411764704,0.0,Belgium
12877,4,20,2961.17,5,5,5,555,15,687,148.0585,10.633187772925766,2961.1700000000005,149,2262,8.166064981949459,0.16967509025270758,United Kingdom
12878,236,2,854.99,2,2,3,223,7,29,427.495,25.189655172413794,854.9900000000001,38,547,11.638297872340425,0.5957446808510638,United Kingdom
12879,45,3,573.22,4,3,2,432,9,47,191.07333333333335,23.31382978723404,573.2200000000001,7,370,37.0,0.0,United Kingdom
12880,382,2,640.13,2,2,3,223,7,192,320.065,3.8046875,640.13,32,279,7.75,0.0,United Kingdom
12881,276,1,121.0,2,1,1,211,4,1,121.0,365.25,121.0,7,21,3.0,0.0,United Kingdom
12882,9,2,1463.04,5,2,4,524,11,24,731.52,30.4375,1463.04,12,246,18.923076923076923,0.38461538461538464,United Kingdom
12883,25,4,703.47,4,3,3,433,10,64,175.8675,22.828125,703.47,39,196,4.666666666666667,0.4523809523809524,United Kingdom
12884,88,1,175.05,3,1,1,311,5,1,175.05,365.25,175.05,7,43,6.142857142857143,0.0,United Kingdom
12885,63,3,1175.22,3,3,3,333,9,60,391.74,18.2625,1175.22,66,655,9.225352112676056,0.0,United Kingdom
12886,68,2,1378.4,3,2,4,324,9,151,689.2,4.837748344370861,1378.4,75,770,9.390243902439025,0.0,United Kingdom
12887,384,1,222.4,2,1,1,211,4,1,222.4,365.25,222.4,13,100,7.6923076923076925,1.0,United Kingdom
12888,214,2,354.12,2,2,2,222,6,41,177.06,17.817073170731707,354.12,4,76,15.2,0.0,United Kingdom
12889,381,4,385.46000000000004,2,3,2,232,7,121,96.36500000000001,12.074380165289256,385.46000000000004,25,124,4.96,0.48,United Kingdom
12890,24,2,717.27,4,2,3,423,9,363,358.635,2.012396694214876,717.27,124,466,3.352517985611511,0.0,United Kingdom
12891,186,11,551.5,3,5,2,352,10,473,50.13636363636363,8.494186046511627,551.4999999999999,2,1475,134.0909090909091,0.18181818181818182,United Kingdom
12892,397,1,263.38,2,1,1,211,4,1,263.38,365.25,263.38,18,140,7.777777777777778,0.0,United Kingdom
12893,31,1,188.14,4,1,1,411,6,1,188.14,365.25,188.14,27,96,2.823529411764706,0.0,United Kingdom
12894,575,1,155.4,1,1,1,111,3,1,155.4,365.25,155.4,21,33,1.5714285714285714,0.0,United Kingdom
12895,42,2,372.8,4,2,2,422,8,44,186.4,16.602272727272727,372.79999999999995,22,210,9.545454545454545,0.0,United Kingdom
12897,205,4,514.25,2,3,2,232,7,339,128.5625,4.3097345132743365,514.25,10,249,17.785714285714285,0.0,United Kingdom
12898,464,2,310.96,1,2,2,122,5,195,155.48,3.7461538461538457,310.96,27,240,7.5,0.0,United Kingdom
12899,414,1,366.4,1,1,2,112,4,1,366.4,365.25,366.40000000000003,17,108,6.352941176470588,0.0,United Kingdom
12900,422,1,340.33000000000004,1,1,2,112,4,1,340.33000000000004,365.25,340.33000000000004,13,139,10.692307692307692,0.0,United Kingdom
12901,9,28,8706.68,5,5,5,555,15,261,310.95285714285717,39.183908045977006,8706.68,30,8112,69.93103448275862,0.017241379310344827,United Kingdom
12902,265,1,138.68,2,1,1,211,4,1,138.68,365.25,138.68,10,66,6.6,1.0,United Kingdom
12903,429,1,833.5300000000001,1,1,3,113,5,1,833.5300000000001,365.25,833.5300000000001,41,493,12.024390243902438,0.0,United Kingdom
12904,18,2,509.58,5,2,2,522,9,154,254.79,4.7435064935064934,509.58000000000004,59,302,4.194444444444445,0.0,United Kingdom
12905,577,2,1018.42,1,2,3,123,6,105,509.21,6.957142857142857,1018.4199999999998,52,532,9.851851851851851,0.0,United Kingdom
12906,12,5,2919.81,5,4,5,545,14,66,583.962,27.670454545454543,2919.81,55,1749,27.761904761904763,0.0,United Kingdom
12907,396,2,501.96000000000004,2,2,2,222,6,98,250.98000000000002,7.454081632653061,501.96000000000004,23,177,7.08,0.0,United Kingdom
12908,176,5,592.0,3,4,2,342,9,453,118.4,4.031456953642384,592.0,1,1000,200.0,0.0,United Kingdom
12909,40,8,2712.27,4,4,4,444,12,614,339.03375,4.758957654723127,2712.2699999999995,120,1948,12.329113924050633,0.13924050632911392,United Kingdom
12910,23,13,5776.36,4,5,5,455,14,598,444.3353846153846,7.940217391304348,5776.36,75,3576,26.1021897810219,0.17518248175182483,United Kingdom
12911,552,1,1650.72,1,1,4,114,6,1,1650.72,365.25,1650.72,220,820,3.306451612903226,1.0,United Kingdom
12912,3,5,1662.3,5,4,4,544,13,37,332.46,49.35810810810811,1662.3,17,670,27.916666666666668,0.2916666666666667,United Kingdom
12913,5,13,6496.86,5,5,5,555,15,733,499.7584615384615,6.477830832196453,6496.86,52,3152,32.833333333333336,0.0,United Kingdom
12914,401,1,223.98,2,1,1,211,4,1,223.98,365.25,223.98,9,336,37.333333333333336,0.0,United Kingdom
12915,149,4,1174.75,3,3,3,333,9,440,293.6875,3.3204545454545458,1174.75,46,452,6.191780821917808,0.0,United Kingdom
12916,139,7,4654.02,3,4,5,345,12,545,664.86,4.691284403669725,4654.02,82,1774,9.641304347826088,0.9239130434782609,United Kingdom
12917,128,6,4359.2,3,4,5,345,12,602,726.5333333333333,3.640365448504983,4359.2,45,1104,22.08,0.0,United Kingdom
12918,626,1,18.0,1,1,1,111,3,1,18.0,365.25,18.0,1,1,1.0,0.0,United Kingdom
12919,8,6,1335.19,5,4,4,544,13,161,222.53166666666667,13.611801242236025,1335.19,34,673,13.46,0.0,United Kingdom
12920,17,4,488.09000000000003,5,3,2,532,10,707,122.02250000000001,2.0664780763790667,488.09000000000003,59,421,7.016666666666667,0.0,United Kingdom
12921,9,74,35921.04,5,5,5,555,15,729,485.41945945945946,37.0761316872428,35921.04,322,21708,14.151238591916558,0.050195567144719684,United Kingdom
12922,161,1,405.38,3,1,2,312,6,1,405.38,365.25,405.38000000000005,28,370,13.214285714285714,0.0,United Kingdom
12923,64,3,789.87,3,3,3,333,9,511,263.29,2.1443248532289627,789.8700000000001,54,237,3.8225806451612905,0.25806451612903225,United Kingdom
12924,88,12,2309.8,3,5,4,354,12,642,192.48333333333335,6.827102803738318,2309.8,56,1347,18.2027027027027,0.02702702702702703,United Kingdom
12925,5,3,729.33,5,3,3,533,11,588,243.11,1.8635204081632653,729.33,46,649,12.98,0.0,United Kingdom
12926,411,4,1546.51,1,3,4,134,8,314,386.6275,4.6528662420382165,1546.51,202,766,2.795620437956204,0.13138686131386862,United Kingdom
12927,395,1,197.31,2,1,1,211,4,1,197.31,365.25,197.30999999999997,11,145,13.181818181818182,0.0,United Kingdom
12928,35,12,4308.33,4,5,5,455,14,514,359.0275,8.527237354085603,4308.329999999999,94,2811,15.703910614525139,0.0,United Kingdom
12929,312,1,117.85,2,1,1,211,4,1,117.85,365.25,117.85000000000001,8,37,4.625,0.0,United Kingdom
12930,78,2,415.8,3,2,2,322,7,93,207.9,7.854838709677419,415.8,20,252,10.08,0.0,United Kingdom
12931,22,57,55172.82,4,5,5,455,14,717,967.9442105263158,29.036610878661087,55172.82,37,33278,152.651376146789,0.009174311926605505,United Kingdom
12932,539,8,1698.56,1,4,4,144,9,128,212.32,22.828125,1698.5600000000002,69,1609,16.936842105263157,0.2736842105263158,United Kingdom
12933,24,8,1702.03,4,4,4,444,12,704,212.75375,4.150568181818182,1702.03,227,959,3.239864864864865,0.0,United Kingdom
12934,737,1,119.7,1,1,1,111,3,1,119.7,365.25,119.7,2,31,15.5,0.0,United Kingdom
12935,2,15,4243.86,5,5,5,555,15,605,282.924,9.055785123966942,4243.86,113,3201,12.60236220472441,0.1889763779527559,United Kingdom
12936,17,4,1063.9,5,3,3,533,11,61,265.975,23.95081967213115,1063.9,56,559,9.016129032258064,0.0,United Kingdom
12937,15,9,3097.61,5,5,5,555,15,720,344.1788888888889,4.565625,3097.6099999999997,128,1983,9.138248847926267,0.0,United Kingdom
12938,26,1,114.14,4,1,1,411,6,1,114.14,365.25,114.14,9,140,15.555555555555555,0.0,United Kingdom
12939,64,20,23584.2,3,5,5,355,13,632,1179.21,11.558544303797468,23584.2,24,9460,110.0,0.12790697674418605,United Kingdom
12940,55,2,911.59,4,2,3,423,9,33,455.795,22.136363636363633,911.5899999999999,87,411,4.151515151515151,0.8080808080808081,United Kingdom
12941,724,1,377.49,1,1,2,112,4,1,377.49,365.25,377.49,27,381,14.11111111111111,0.0,United Kingdom
12942,131,3,942.65,3,3,3,333,9,234,314.21666666666664,4.682692307692308,942.65,68,272,2.989010989010989,0.5604395604395604,United Kingdom
12943,558,2,494.54999999999995,1,2,2,122,5,47,247.27499999999998,15.542553191489361,494.54999999999995,22,222,8.88,0.2,United Kingdom
12944,36,2,604.51,4,2,3,423,9,319,302.255,2.2899686520376177,604.51,29,289,9.633333333333333,0.0,United Kingdom
12945,288,2,900.11,2,2,3,223,7,367,450.055,1.9904632152588557,900.11,47,446,8.745098039215685,0.5490196078431373,United Kingdom
12946,437,1,324.45,1,1,2,112,4,1,324.45,365.25,324.45,20,149,7.45,0.0,United Kingdom
12947,144,6,1817.63,3,4,4,344,11,229,302.93833333333333,9.569868995633188,1817.63,83,1349,11.833333333333334,0.0,United Kingdom
12948,16,9,2317.43,5,5,4,554,14,721,257.4922222222222,4.559292649098474,2317.43,89,1304,10.432,0.2,United Kingdom
12949,31,22,15526.7,4,5,5,455,14,705,705.7590909090909,11.397872340425533,15526.7,347,8233,11.514685314685314,0.0,United Kingdom
12950,2,3,1843.0,5,3,4,534,12,21,614.3333333333334,52.17857142857143,1843.0000000000002,13,1380,60.0,0.0,United Kingdom
12951,9,15,3213.7200000000003,5,5,5,555,15,689,214.24800000000002,7.951741654571843,3213.7200000000003,110,1662,8.56701030927835,0.25257731958762886,United Kingdom
12952,6,4,1387.79,5,3,4,534,12,72,346.9475,20.291666666666664,1387.7899999999997,64,653,8.265822784810126,0.22784810126582278,United Kingdom
12953,10,2,821.8100000000001,5,2,3,523,10,512,410.90500000000003,1.4267578125,821.8100000000001,45,364,7.583333333333333,0.0,United Kingdom
12954,639,1,162.45,1,1,1,111,3,1,162.45,365.25,162.45,10,83,8.3,0.0,United Kingdom
12955,1,11,4765.56,5,5,5,555,15,266,433.2327272727273,15.104323308270677,4765.56,81,3664,20.355555555555554,0.0,United Kingdom
12956,306,4,521.89,2,3,2,232,7,417,130.4725,3.5035971223021583,521.89,42,340,8.095238095238095,0.6666666666666666,United Kingdom
12957,10,13,8709.31,5,5,5,555,15,718,669.946923076923,6.61316155988858,8709.31,402,4686,9.56326530612245,0.0,United Kingdom
12958,400,2,539.49,2,2,2,222,6,182,269.745,4.013736263736264,539.49,45,131,2.2982456140350878,0.0,United Kingdom
12959,484,1,150.95,1,1,1,111,3,1,150.95,365.25,150.95,8,109,13.625,0.0,United Kingdom
12960,414,4,1313.67,1,3,4,134,8,247,328.4175,5.91497975708502,1313.6699999999998,49,1339,19.12857142857143,0.0,United Kingdom
12961,379,1,211.99,2,1,1,211,4,1,211.99,365.25,211.99,37,180,4.5,0.0,United Kingdom
12962,7,2,266.39,5,2,1,521,8,106,133.195,6.891509433962264,266.39,15,129,8.0625,0.0,United Kingdom
12963,8,12,3601.59,5,5,5,555,15,510,300.1325,8.594117647058823,3601.5899999999997,129,1809,9.521052631578947,0.0,United Kingdom
12964,437,1,132.24,1,1,1,111,3,1,132.24,365.25,132.24,26,56,2.1538461538461537,0.0,United Kingdom
12965,89,1,771.91,3,1,3,313,7,1,771.91,365.25,771.91,108,283,2.596330275229358,1.0,United Kingdom
12966,10,1,160.18,5,1,1,511,7,1,160.18,365.25,160.18,10,75,7.5,0.0,United Kingdom
12967,358,3,3924.52,2,3,5,235,10,25,1308.1733333333334,43.830000000000005,3924.5200000000004,47,1272,15.9,0.575,United Kingdom
12968,112,1,135.95,3,1,1,311,5,1,135.95,365.25,135.95,5,73,14.6,0.0,United Kingdom
12969,603,1,122.45,1,1,1,111,3,1,122.45,365.25,122.45,5,55,11.0,0.0,United Kingdom
12970,7,10,1525.12,5,5,4,554,14,728,152.512,5.017170329670329,1525.12,280,1014,2.647519582245431,0.0,United Kingdom
12971,4,116,15162.44,5,5,5,555,15,720,130.71068965517242,58.84583333333334,15162.44,102,10947,25.75764705882353,0.07058823529411765,United Kingdom
12972,414,4,1161.2,1,3,3,133,7,247,290.3,5.91497975708502,1161.2,69,844,10.96103896103896,0.0,United Kingdom
12973,414,1,131.55,1,1,1,111,3,1,131.55,365.25,131.55,6,31,5.166666666666667,0.0,United Kingdom
12974,198,2,407.0,2,2,2,222,6,367,203.5,1.9904632152588557,407.0,27,104,3.25,0.75,United Kingdom
12975,437,6,2088.14,1,4,4,144,9,296,348.0233333333333,7.403716216216217,2088.14,92,911,8.133928571428571,0.20535714285714285,United Kingdom
12976,212,8,3156.38,2,4,5,245,11,453,394.5475,6.450331125827815,3156.38,106,2684,17.428571428571427,0.0,United Kingdom
12977,156,4,408.63,3,3,2,332,8,355,102.1575,4.115492957746479,408.63,54,131,2.2203389830508473,0.0,United Kingdom
12978,385,5,2502.82,2,4,4,244,10,344,500.564,5.308866279069767,2502.82,126,1394,8.552147239263803,0.0,United Kingdom
12979,729,1,516.75,1,1,2,112,4,1,516.75,365.25,516.75,56,520,9.285714285714286,0.0,United Arab Emirates
12980,158,21,11126.88,3,5,5,355,13,579,529.8514285714285,13.24740932642487,11126.88,7,1910,36.73076923076923,0.11538461538461539,United Kingdom
12981,30,2,372.21999999999997,4,2,2,422,8,103,186.10999999999999,7.092233009708738,372.21999999999997,12,242,12.1,0.0,United Kingdom
12982,243,8,2746.4900000000002,2,4,4,244,10,363,343.31125000000003,8.049586776859504,2746.4900000000002,139,1729,9.713483146067416,0.0,United Kingdom
12983,598,1,490.08,1,1,2,112,4,1,490.08,365.25,490.08,30,638,21.266666666666666,0.0,United Kingdom
12984,19,1,97.5,5,1,1,511,7,1,97.5,365.25,97.5,4,26,6.5,0.0,United Kingdom
12985,1,2,1245.6200000000001,5,2,4,524,11,27,622.8100000000001,27.055555555555557,1245.6200000000003,73,1533,20.17105263157895,0.0,United Kingdom
12986,429,10,2729.84,1,5,4,154,10,259,272.98400000000004,14.102316602316602,2729.84,61,1164,11.411764705882353,0.0,United Kingdom
12987,74,5,1280.26,3,4,4,344,11,615,256.052,2.969512195121951,1280.26,61,585,8.863636363636363,0.0,United Kingdom
12988,292,1,535.32,2,1,2,212,5,1,535.32,365.25,535.32,75,136,1.4782608695652173,1.0,United Kingdom
12989,3,33,11136.55,5,5,5,555,15,726,337.4712121212121,16.602272727272727,11136.549999999997,50,5031,51.865979381443296,0.030927835051546393,United Kingdom
12990,31,7,955.5,4,4,3,443,11,588,136.5,4.348214285714286,955.5000000000001,9,480,17.77777777777778,0.0,United Kingdom
12991,23,3,742.87,4,3,3,433,10,366,247.62333333333333,2.9938524590163933,742.8699999999999,45,483,10.733333333333333,0.0,United Kingdom
12992,725,1,93.35,1,1,1,111,3,1,93.35,365.25,93.35000000000001,6,21,3.5,0.0,United Kingdom
12993,23,8,1259.63,4,4,4,444,12,636,157.45375,4.59433962264151,1259.6300000000003,57,751,9.881578947368421,0.0,United Kingdom
12994,4,3,974.42,5,3,3,533,11,264,324.8066666666667,4.150568181818182,974.4200000000001,52,459,7.524590163934426,0.0,United Kingdom
12995,85,1,211.32,3,1,1,311,5,1,211.32,365.25,211.32000000000002,3,108,36.0,0.0,United Kingdom
12996,376,1,355.5,2,1,2,212,5,1,355.5,365.25,355.5,22,122,5.545454545454546,0.0,United Kingdom
12997,22,8,2110.27,4,4,4,444,12,590,263.78375,4.952542372881356,2110.27,65,1186,11.08411214953271,0.16822429906542055,United Kingdom
12998,493,3,922.33,1,3,3,133,7,160,307.4433333333333,6.8484375,922.3299999999999,58,1124,19.379310344827587,0.0,United Kingdom
12999,196,3,455.88,2,3,2,232,7,49,151.96,22.362244897959183,455.88,25,342,12.214285714285714,0.0,United Kingdom
13000,107,4,1035.8600000000001,3,3,3,333,9,618,258.96500000000003,2.3640776699029127,1035.8600000000001,57,548,8.838709677419354,0.0,United Kingdom
13001,4,33,24172.100000000002,5,5,5,555,15,731,732.4878787878788,16.488714090287278,24172.100000000002,300,13539,13.195906432748538,0.06627680311890838,United Kingdom
13002,318,3,414.13,2,3,2,232,7,116,138.04333333333332,9.446120689655173,414.13,19,201,8.73913043478261,0.0,United Kingdom
13003,106,3,149.05,3,3,1,331,7,109,49.68333333333334,10.052752293577981,149.05,4,103,17.166666666666668,0.0,United Kingdom
13004,12,36,11655.89,5,5,5,555,15,713,323.7747222222222,18.44179523141655,11655.889999999998,417,8768,10.758282208588957,0.08588957055214724,United Kingdom
13005,174,4,999.68,3,3,3,333,9,283,249.92,5.162544169611308,999.6800000000001,41,462,8.25,0.14285714285714285,United Kingdom
13006,56,1,81.57,4,1,1,411,6,1,81.57,365.25,81.57,4,55,13.75,0.0,United Kingdom
13007,580,1,175.25,1,1,1,111,3,1,175.25,365.25,175.25,11,59,5.363636363636363,1.0,United Kingdom
13008,323,3,612.13,2,3,3,233,8,399,204.04333333333332,2.7462406015037595,612.1299999999999,31,379,10.82857142857143,0.2857142857142857,United Kingdom
13009,673,1,234.0,1,1,1,111,3,1,234.0,365.25,234.0,4,120,30.0,0.0,United Kingdom
13010,374,2,330.12,2,2,2,222,6,274,165.06,2.6660583941605838,330.12,10,323,26.916666666666668,0.0,United Kingdom
13011,372,1,101.10000000000001,2,1,1,211,4,1,101.10000000000001,365.25,101.10000000000001,3,26,4.333333333333333,0.0,United Kingdom
13012,9,11,2972.83,5,5,5,555,15,582,270.2572727272727,6.903350515463917,2972.83,95,1563,10.14935064935065,0.0,United Kingdom
13013,1,29,12628.17,5,5,5,555,15,724,435.4541379310345,14.630179558011049,12628.17,289,6463,11.666064981949459,0.0,United Kingdom
13014,11,11,5381.08,5,5,5,555,15,422,489.1890909090909,9.520734597156398,5381.08,140,1979,8.834821428571429,0.5133928571428571,United Kingdom
13015,53,11,6032.42,4,5,5,455,14,549,548.4018181818182,7.3183060109289615,6032.419999999999,260,3535,10.12893982808023,0.04297994269340974,United Kingdom
13016,73,3,789.89,3,3,3,333,9,49,263.2966666666667,22.362244897959183,789.89,39,527,11.212765957446809,0.0,United Kingdom
13017,7,1,204.0,5,1,1,511,7,1,204.0,365.25,204.0,1,48,48.0,0.0,United Kingdom
13018,16,35,9640.36,5,5,5,555,15,632,275.43885714285716,20.22745253164557,9640.36,401,6746,11.187396351575456,0.14759535655058043,United Kingdom
13019,379,6,1229.95,2,4,4,244,10,353,204.99166666666667,6.208215297450425,1229.95,46,397,7.218181818181818,0.36363636363636365,United Kingdom
13020,563,2,618.96,1,2,3,123,6,97,309.48,7.530927835051547,618.96,38,278,7.128205128205129,0.0,United Kingdom
13021,4,17,4863.34,5,5,5,555,15,730,286.07882352941175,8.50582191780822,4863.34,166,2546,9.906614785992218,0.25680933852140075,United Kingdom
13022,430,1,65.3,1,1,1,111,3,1,65.3,365.25,65.3,5,35,7.0,0.0,Belgium
13023,64,3,1448.08,3,3,4,334,10,464,482.6933333333333,2.361530172413793,1448.08,69,585,7.697368421052632,0.0,United Kingdom
13024,471,2,555.87,1,2,2,122,5,111,277.935,6.581081081081081,555.87,26,181,5.838709677419355,0.0,United Kingdom
13025,732,1,323.39,1,1,2,112,4,1,323.39,365.25,323.39,13,241,18.53846153846154,0.0,United Kingdom
13026,1,9,1733.08,5,5,4,554,14,725,192.56444444444443,4.534137931034483,1733.0799999999997,52,2466,30.073170731707318,0.47560975609756095,United Kingdom
13027,114,19,6928.0,3,5,5,355,13,574,364.63157894736844,12.090156794425088,6928.0,7,17200,200.0,0.05813953488372093,United Kingdom
13028,23,2,661.3199999999999,4,2,3,423,9,22,330.65999999999997,33.20454545454545,661.3199999999999,40,798,17.733333333333334,0.0,United Kingdom
13029,31,5,1552.0,4,4,4,444,12,492,310.4,3.711890243902439,1551.9999999999998,13,194,11.411764705882353,0.5882352941176471,United Kingdom
13030,11,2,1223.32,5,2,4,524,11,356,611.66,2.0519662921348316,1223.32,76,598,3.761006289308176,0.0,United Kingdom
13031,407,5,3420.47,2,4,5,245,11,147,684.0939999999999,12.423469387755102,3420.47,275,2399,5.514942528735633,0.0,United Kingdom
13032,52,9,2839.65,4,5,4,454,13,408,315.51666666666665,8.056985294117649,2839.65,147,1281,6.0424528301886795,0.330188679245283,United Kingdom
13033,357,2,220.55,2,2,1,221,5,72,110.275,10.145833333333332,220.54999999999998,12,98,7.538461538461538,0.0,United Kingdom
13034,55,3,922.68,4,3,3,433,10,346,307.56,3.166907514450867,922.68,42,522,9.49090909090909,0.8727272727272727,United Kingdom
13035,74,3,1364.2,3,3,4,334,10,357,454.73333333333335,3.0693277310924367,1364.2,27,926,22.047619047619047,0.0,United Kingdom
13036,685,1,307.1,1,1,2,112,4,1,307.1,365.25,307.1,6,38,6.333333333333333,1.0,United Kingdom
13037,138,12,3907.15,3,5,5,355,13,597,325.59583333333336,7.341708542713568,3907.1500000000005,181,2130,9.181034482758621,0.06465517241379311,United Kingdom
13038,80,3,908.46,3,3,3,333,9,210,302.82,5.217857142857143,908.4600000000002,24,360,12.857142857142858,0.0,United Kingdom
13039,584,4,1010.73,1,3,3,133,7,138,252.6825,10.58695652173913,1010.73,37,290,5.2727272727272725,0.0,United Kingdom
13040,9,2,676.99,5,2,3,523,10,24,338.495,30.4375,676.99,38,355,8.255813953488373,0.4883720930232558,United Kingdom
13041,451,4,799.13,1,3,3,133,7,139,199.7825,10.510791366906474,799.13,23,335,9.571428571428571,0.0,United Kingdom
13042,598,3,1554.59,1,3,4,134,8,133,518.1966666666666,8.238721804511279,1554.5899999999997,164,830,4.1708542713567835,0.0,United Kingdom
13043,273,1,516.42,2,1,2,212,5,1,516.42,365.25,516.42,13,254,19.53846153846154,0.0,United Kingdom
13044,291,11,4853.55,2,5,5,255,12,409,441.2318181818182,9.823349633251834,4853.55,356,2553,6.093078758949881,0.49403341288782815,United Kingdom
13045,99,3,808.9200000000001,3,3,3,333,9,387,269.64000000000004,2.8313953488372094,808.9200000000001,41,405,9.0,0.0,United Kingdom
13046,31,3,882.25,4,3,3,433,10,425,294.0833333333333,2.578235294117647,882.25,50,505,9.017857142857142,0.0,United Kingdom
13047,32,24,8795.16,4,5,5,455,14,692,366.465,12.667630057803468,8795.16,190,3429,8.681012658227848,0.13670886075949368,United Kingdom
13048,14,9,4084.21,5,5,5,555,15,667,453.80111111111114,4.928410794602699,4084.2100000000005,125,2705,10.093283582089553,0.14925373134328357,United Kingdom
13049,64,4,1408.24,3,3,4,334,10,336,352.06,4.348214285714286,1408.24,19,620,23.846153846153847,0.0,United Kingdom
13050,15,35,12246.65,5,5,5,555,15,709,349.9042857142857,18.03067700987306,12246.65,513,7206,7.141724479682854,0.35777998017839446,United Kingdom
13051,579,2,155.8,1,2,1,121,4,40,77.9,18.2625,155.8,4,72,18.0,0.0,United Kingdom
13052,212,7,3162.68,2,4,5,245,11,442,451.81142857142856,5.784502262443438,3162.6800000000003,161,1454,5.747035573122529,0.0,United Kingdom
13053,622,1,127.65,1,1,1,111,3,1,127.65,365.25,127.64999999999999,17,47,2.764705882352941,1.0,United Kingdom
13055,78,4,2322.79,3,3,4,334,10,351,580.6975,4.162393162393162,2322.7899999999995,145,1821,11.824675324675324,0.0,United Kingdom
13056,551,1,209.48,1,1,1,111,3,1,209.48,365.25,209.48,18,158,8.31578947368421,1.0,United Kingdom
13057,530,3,722.09,1,3,3,133,7,101,240.6966666666667,10.849009900990099,722.0900000000001,34,466,11.365853658536585,0.04878048780487805,United Kingdom
13058,25,3,271.40000000000003,4,3,1,431,8,127,90.46666666666668,8.627952755905513,271.40000000000003,5,52,6.5,0.0,United Kingdom
13059,250,10,2303.17,2,5,4,254,11,368,230.317,9.925271739130435,2303.17,155,864,4.2772277227722775,0.19306930693069307,United Kingdom
13060,254,1,307.53000000000003,2,1,2,212,5,1,307.53000000000003,365.25,307.53000000000003,15,123,8.2,0.0,United Kingdom
13061,72,1,248.61,3,1,1,311,5,1,248.61,365.25,248.61,10,107,10.7,0.0,United Kingdom
13062,191,1,328.5,2,1,2,212,5,1,328.5,365.25,328.5,11,255,23.181818181818183,0.0,United Kingdom
13063,481,1,188.4,1,1,1,111,3,1,188.4,365.25,188.4,12,116,9.666666666666666,0.0,United Kingdom
13064,13,6,1571.79,5,4,4,544,13,579,261.965,3.784974093264249,1571.7899999999997,58,670,7.127659574468085,0.6063829787234043,United Kingdom
13065,373,5,1260.91,2,4,4,244,10,174,252.18200000000002,10.495689655172413,1260.91,49,455,5.9868421052631575,0.0,United Kingdom
13066,24,2,466.90000000000003,4,2,2,422,8,7,233.45000000000002,104.35714285714286,466.90000000000003,48,322,6.708333333333333,0.0,United Kingdom
13067,82,3,508.51,3,3,2,332,8,363,169.50333333333333,3.0185950413223144,508.51000000000005,24,131,4.09375,0.84375,United Kingdom
13068,10,2,344.0,5,2,2,522,9,309,172.0,2.3640776699029127,344.0,1,200,100.0,0.0,United Kingdom
13069,1,38,8653.55,5,5,5,555,15,542,227.725,25.607933579335793,8653.550000000001,573,9652,8.64874551971326,0.3010752688172043,United Kingdom
13070,192,4,751.7,2,3,3,233,8,539,187.925,2.710575139146568,751.7000000000002,12,372,11.272727272727273,0.0,United Kingdom
13071,612,1,129.22,1,1,1,111,3,1,129.22,365.25,129.22,12,30,2.5,0.0,United Kingdom
13072,267,1,177.15,2,1,1,211,4,1,177.15,365.25,177.15,7,69,9.857142857142858,0.0,United Kingdom
13073,411,2,418.08,1,2,2,122,5,26,209.04,28.096153846153843,418.08,25,261,9.666666666666666,0.2222222222222222,United Kingdom
13074,511,4,1378.74,1,3,4,134,8,212,344.685,6.891509433962264,1378.7399999999998,26,826,28.482758620689655,0.0,United Kingdom
13075,130,1,919.61,3,1,3,313,7,1,919.61,365.25,919.61,22,485,22.045454545454547,0.0,United Kingdom
13076,458,1,135.4,1,1,1,111,3,1,135.4,365.25,135.4,9,44,4.888888888888889,0.0,United Kingdom
13077,1,11,3084.83,5,5,5,555,15,727,280.4390909090909,5.526478679504814,3084.83,208,2785,8.02593659942363,0.0,United Kingdom
13078,3,57,29460.45,5,5,5,555,15,735,516.85,28.325510204081635,29460.45,153,12083,15.084893882646691,0.10861423220973783,United Kingdom
13079,4,6,419.18,5,4,2,542,11,413,69.86333333333333,5.306295399515738,419.17999999999995,11,158,9.294117647058824,0.11764705882352941,United Kingdom
13080,179,4,281.93,3,3,2,332,8,430,70.4825,3.397674418604651,281.92999999999995,17,193,10.157894736842104,0.0,United Kingdom
13081,12,28,59234.31,5,5,5,555,15,719,2115.5110714285715,14.223922114047289,59234.310000000005,738,41087,17.45412064570943,0.008496176720475786,United Kingdom
13082,126,21,5393.2300000000005,3,5,5,355,13,591,256.8204761904762,12.978426395939087,5393.2300000000005,99,4742,36.75968992248062,0.007751937984496124,United Kingdom
13083,4,3,395.43,5,3,2,532,10,421,131.81,2.6027315914489315,395.43,19,307,13.954545454545455,0.8181818181818182,United Kingdom
13084,492,1,122.39999999999999,1,1,1,111,3,1,122.39999999999999,365.25,122.39999999999999,2,144,72.0,0.0,United Kingdom
13085,158,8,2433.28,3,4,4,344,11,581,304.16,5.029259896729776,2433.28,50,944,11.238095238095237,0.0,United Kingdom
13086,383,1,439.33000000000004,2,1,2,212,5,1,439.33000000000004,365.25,439.33,47,155,3.297872340425532,0.0,United Kingdom
13087,726,1,313.64,1,1,2,112,4,1,313.64,365.25,313.64,15,86,5.733333333333333,1.0,United Kingdom
13088,417,1,236.11,1,1,1,111,3,1,236.11,365.25,236.11,19,76,3.8,0.0,United Kingdom
13089,3,203,116231.43000000001,5,5,5,555,15,734,572.5686206896552,101.01600817438693,116231.43,857,59949,17.831350386674597,0.05800118976799524,United Kingdom
13090,9,24,14041.14,5,5,5,555,15,485,585.0475,18.07422680412371,14041.140000000001,163,3445,12.173144876325088,0.038869257950530034,United Kingdom
13091,28,3,1135.2,4,3,3,433,10,701,378.40000000000003,1.5631241084165477,1135.2,41,1339,29.755555555555556,0.0,United Kingdom
13092,71,12,2157.8,3,5,4,354,12,597,179.8166666666667,7.341708542713568,2157.8,52,664,6.3238095238095235,0.02857142857142857,United Kingdom
13093,276,55,54943.65,2,5,5,255,12,460,998.9754545454546,43.671195652173914,54943.65,199,26227,24.97809523809524,0.1361904761904762,United Kingdom
13094,21,13,2433.1200000000003,4,5,4,454,13,367,187.16307692307694,12.938010899182562,2433.12,5,2088,65.25,0.09375,United Kingdom
13095,71,1,74.39999999999999,3,1,1,311,5,1,74.39999999999999,365.25,74.39999999999999,6,144,24.0,0.0,United Kingdom
13096,394,1,108.0,2,1,1,211,4,1,108.0,365.25,108.0,1,6,6.0,0.0,United Kingdom
13097,33,28,13082.98,4,5,5,455,14,705,467.2492857142857,14.506382978723405,13082.98,390,5396,5.305801376597837,0.119960668633235,United Kingdom
13098,1,28,28801.49,5,5,5,555,15,316,1028.6246428571428,32.36392405063291,28801.489999999998,156,15928,27.846153846153847,0.012237762237762238,United Kingdom
13099,99,1,144.0,3,1,1,311,5,1,144.0,365.25,144.0,1,200,200.0,0.0,United Kingdom
13101,234,4,695.4,2,3,3,233,8,446,173.85,3.275784753363229,695.4,48,478,9.372549019607844,0.0,United Kingdom
13102,1,37,11671.3,5,5,5,555,15,580,315.4405405405405,23.30043103448276,11671.299999999997,212,6576,13.365853658536585,0.10365853658536585,United Kingdom
13103,40,3,709.64,4,3,3,433,10,537,236.54666666666665,2.0405027932960893,709.64,27,426,12.909090909090908,0.0,United Kingdom
13104,3,9,1709.1,5,5,4,554,14,649,189.89999999999998,5.065100154083205,1709.1,15,834,27.8,0.0,United Kingdom
13105,436,1,72.0,1,1,1,111,3,1,72.0,365.25,72.0,1,100,100.0,0.0,United Kingdom
13106,133,2,440.66,3,2,2,322,7,280,220.33,2.6089285714285717,440.66,15,231,14.4375,0.0,United Kingdom
13107,44,9,5253.07,4,5,5,455,14,629,583.6744444444444,5.226152623211447,5253.07,142,4316,24.247191011235955,0.0,United Kingdom
13108,373,2,1098.52,2,2,3,223,7,62,549.26,11.782258064516128,1098.52,27,1043,23.177777777777777,0.0,United Kingdom
13109,60,3,1134.03,3,3,3,333,9,491,378.01,2.231670061099796,1134.03,57,757,10.814285714285715,0.32857142857142857,United Kingdom
13110,31,12,2957.4700000000003,4,5,5,455,14,707,246.45583333333335,6.1994342291372,2957.4700000000003,167,763,3.0277777777777777,0.12698412698412698,United Kingdom
13111,719,1,321.88000000000005,1,1,2,112,4,1,321.88000000000005,365.25,321.88000000000005,12,180,15.0,0.0,United Kingdom
13112,541,1,20.599999999999998,1,1,1,111,3,1,20.599999999999998,365.25,20.599999999999998,2,11,5.5,0.0,United Kingdom
13113,1,37,18625.73,5,5,5,555,15,620,503.3981081081081,21.79717741935484,18625.729999999996,166,4545,11.59438775510204,0.34183673469387754,United Kingdom
13114,731,1,234.38,1,1,1,111,3,1,234.38,365.25,234.38,16,74,4.625,0.0,United Kingdom
13115,12,10,5437.25,5,5,5,555,15,587,543.725,6.222316865417377,5437.250000000001,178,3934,12.528662420382165,0.0,United Kingdom
13116,138,1,501.14,3,1,2,312,6,1,501.14,365.25,501.14000000000004,30,291,9.7,1.0,United Kingdom
13117,22,18,2615.83,4,5,4,454,13,601,145.3238888888889,10.939267886855243,2615.8300000000004,122,2067,10.99468085106383,0.026595744680851064,United Kingdom
13118,20,9,2410.09,4,5,4,454,13,419,267.7877777777778,7.84546539379475,2410.0900000000006,111,834,5.635135135135135,0.6554054054054054,United Kingdom
13119,669,1,134.9,1,1,1,111,3,1,134.9,365.25,134.9,11,110,10.0,0.0,United Kingdom
13120,239,1,30.6,2,1,1,211,4,1,30.6,365.25,30.599999999999998,1,12,12.0,0.0,United Kingdom
13121,269,1,283.73,2,1,2,212,5,1,283.73,365.25,283.73,50,252,5.04,0.0,United Kingdom
13122,94,2,922.39,3,2,3,323,8,146,461.195,5.0034246575342465,922.39,54,585,10.636363636363637,0.0,United Kingdom
13123,473,2,506.75,1,2,2,122,5,56,253.375,13.044642857142858,506.75,36,268,5.955555555555556,0.0,United Kingdom
13124,90,4,4764.5,3,3,5,335,11,295,1191.125,4.952542372881356,4764.5,216,2783,9.338926174496644,0.28523489932885904,United Kingdom
13125,524,1,158.57,1,1,1,111,3,1,158.57,365.25,158.57,20,54,2.5714285714285716,1.0,United Kingdom
13126,5,13,4014.06,5,5,5,555,15,642,308.77384615384614,7.396028037383177,4014.06,183,3409,13.581673306772908,0.0,United Kingdom
13127,78,1,259.17,3,1,1,311,5,1,259.17,365.25,259.17,15,127,8.466666666666667,0.0,United Kingdom
13128,631,1,263.5,1,1,1,111,3,1,263.5,365.25,263.5,1,31,31.0,0.0,United Kingdom
13129,452,2,233.25,1,2,1,121,4,77,116.625,9.487012987012987,233.25,10,296,26.90909090909091,0.0,United Kingdom
13130,94,1,64.0,3,1,1,311,5,1,64.0,365.25,64.0,2,32,16.0,0.0,United Kingdom
13131,23,7,3313.77,4,4,5,445,13,645,473.3957142857143,3.963953488372093,3313.77,107,1523,10.221476510067115,0.31543624161073824,United Kingdom
13132,262,1,77.3,2,1,1,211,4,1,77.3,365.25,77.3,3,20,6.666666666666667,0.0,United Kingdom
13133,274,3,200.45,2,3,1,231,6,185,66.81666666666666,5.922972972972973,200.45,12,55,4.583333333333333,0.0,United Kingdom
13134,86,6,2407.43,3,4,4,344,11,330,401.2383333333333,6.6409090909090915,2407.43,110,1364,11.272727272727273,0.0,United Kingdom
13135,197,2,418.5,2,2,2,222,6,294,209.25,2.4846938775510203,418.5,18,323,17.944444444444443,0.0,United Kingdom
13136,56,13,6274.56,4,5,5,455,14,674,482.65846153846155,7.044881305637983,6274.56,204,3109,9.86984126984127,0.23492063492063492,United Kingdom
13137,11,16,7713.19,5,5,5,555,15,491,482.074375,11.90224032586558,7713.19,628,4294,2.9798750867453156,0.5447605829285218,United Kingdom
13138,22,7,1467.24,4,4,4,444,12,374,209.6057142857143,6.836229946524065,1467.24,41,718,7.252525252525253,0.0,United Kingdom
13139,16,8,8184.5,5,4,5,545,14,421,1023.0625,6.94061757719715,8184.5,214,4526,17.079245283018867,0.10943396226415095,United Kingdom
13140,108,5,1206.78,3,4,3,343,10,382,241.356,4.7807591623036645,1206.78,89,648,5.311475409836065,0.0,United Kingdom
13141,85,17,7673.08,3,5,5,355,13,645,451.35764705882355,9.626744186046512,7673.08,285,5169,12.16235294117647,0.0,United Kingdom
13142,19,1,307.09000000000003,5,1,2,512,8,1,307.09000000000003,365.25,307.09000000000003,23,258,11.217391304347826,1.0,United Kingdom
13143,585,1,405.1,1,1,2,112,4,1,405.1,365.25,405.09999999999997,23,198,8.608695652173912,0.0,United Kingdom
13144,333,2,135.35,2,2,1,221,5,98,67.675,7.454081632653061,135.35,6,29,4.833333333333333,0.0,United Kingdom
13145,40,7,869.52,4,4,3,443,11,560,124.21714285714286,4.565625,869.52,5,266,26.6,0.1,United Kingdom
13146,26,1,228.91,4,1,1,411,6,1,228.91,365.25,228.91,16,154,9.058823529411764,1.0,United Kingdom
13147,10,4,712.8,5,3,3,533,11,89,178.2,16.415730337078653,712.8,1,144,36.0,0.0,United Kingdom
13148,29,26,8615.42,4,5,5,455,14,702,331.3623076923077,13.527777777777777,8615.42,451,4571,5.764186633039092,0.39344262295081966,United Kingdom
13149,14,4,1676.06,5,3,4,534,12,274,419.015,5.3321167883211675,1676.06,76,1280,14.883720930232558,0.0,United Kingdom
13150,484,3,449.96999999999997,1,3,2,132,6,146,149.98999999999998,7.50513698630137,449.9699999999999,7,171,21.375,0.0,United Kingdom
13151,296,3,2573.79,2,3,4,234,9,332,857.93,3.3004518072289155,2573.79,131,832,4.7272727272727275,0.0,United Kingdom
13152,417,7,2124.43,1,4,4,144,9,277,303.48999999999995,9.23014440433213,2124.4299999999994,114,977,7.237037037037037,0.3037037037037037,United Kingdom
13153,6,1,486.22,5,1,2,512,8,1,486.22,365.25,486.22,15,418,27.866666666666667,1.0,United Kingdom
13154,399,3,1624.84,2,3,4,234,9,336,541.6133333333333,3.2611607142857144,1624.84,78,976,10.494623655913978,0.0,United Kingdom
13155,33,6,1750.18,4,4,4,444,12,458,291.69666666666666,4.784934497816594,1750.18,79,909,5.5426829268292686,0.036585365853658534,United Kingdom
13156,385,3,1584.59,2,3,4,234,9,290,528.1966666666666,3.778448275862069,1584.5899999999997,94,914,8.788461538461538,0.0,United Kingdom
13157,49,9,5687.36,4,5,5,455,14,592,631.9288888888889,5.552787162162162,5687.36,173,4762,18.97211155378486,0.23107569721115537,United Kingdom
13158,95,5,1509.38,3,4,4,344,11,293,301.87600000000003,6.232935153583618,1509.38,70,992,9.92,0.0,United Kingdom
13159,9,4,1437.85,5,3,4,534,12,106,359.4625,13.783018867924527,1437.85,114,1059,8.75206611570248,0.0,United Kingdom
13160,22,1,91.8,4,1,1,411,6,1,91.8,365.25,91.8,4,56,14.0,0.0,United Kingdom
13161,313,2,478.88,2,2,2,222,6,187,239.44,3.9064171122994655,478.88,30,106,3.1176470588235294,0.23529411764705882,United Kingdom
13162,122,16,9275.49,3,5,5,355,13,613,579.718125,9.533442088091354,9275.49,186,5755,24.180672268907564,0.23109243697478993,United Kingdom
13163,610,1,17.65,1,1,1,111,3,1,17.65,365.25,17.65,2,3,1.5,0.0,United Kingdom
13164,569,2,372.2,1,2,2,122,5,98,186.1,7.454081632653061,372.2,7,120,12.0,0.0,United Kingdom
13165,46,3,1452.84,4,3,4,434,11,366,484.28,2.9938524590163933,1452.84,47,1736,35.42857142857143,0.0,United Kingdom
13166,283,2,884.18,2,2,3,223,7,131,442.09,5.576335877862595,884.18,55,527,7.63768115942029,0.0,United Kingdom
13167,19,5,1125.15,5,4,3,543,12,371,225.03000000000003,4.922506738544474,1125.15,64,1007,12.432098765432098,0.19753086419753085,United Kingdom
13168,36,5,1875.31,4,4,4,444,12,505,375.062,3.616336633663366,1875.31,127,912,5.066666666666666,0.1388888888888889,United Kingdom
13169,64,3,840.08,3,3,3,333,9,498,280.0266666666667,2.200301204819277,840.0800000000002,16,296,16.444444444444443,0.0,United Kingdom
13170,27,1,116.00999999999999,4,1,1,411,6,1,116.00999999999999,365.25,116.00999999999999,29,147,4.59375,1.0,United Kingdom
13171,22,3,443.21,4,3,2,432,9,277,147.73666666666665,3.955776173285199,443.2099999999999,37,229,4.978260869565218,0.5,United Kingdom
13172,400,1,69.6,2,1,1,211,4,1,69.6,365.25,69.6,1,48,48.0,0.0,United Kingdom
13173,4,11,2627.35,5,5,4,554,14,725,238.85,5.541724137931035,2627.3500000000004,160,1620,6.48,0.0,United Kingdom
13174,16,12,9404.09,5,5,5,555,15,718,783.6741666666667,6.104456824512535,9404.09,602,4541,4.011484098939929,0.29858657243816256,United Kingdom
13175,582,2,787.55,1,2,3,123,6,153,393.775,4.7745098039215685,787.55,40,423,9.195652173913043,0.0,United Kingdom
13176,46,1,494.04,4,1,2,412,7,1,494.04,365.25,494.04,66,453,6.291666666666667,0.0,United Kingdom
13177,65,2,512.2,3,2,2,322,7,365,256.1,2.0013698630136987,512.2000000000002,23,180,6.0,0.0,United Kingdom
13178,26,21,14059.19,4,5,5,455,14,697,669.4852380952382,11.004662840746054,14059.19,194,8778,12.777292576419214,0.11353711790393013,United Kingdom
13179,619,1,572.3100000000001,1,1,2,112,4,1,572.3100000000001,365.25,572.3100000000001,34,368,10.823529411764707,0.0,United Kingdom
13180,607,1,86.10000000000001,1,1,1,111,3,1,86.10000000000001,365.25,86.10000000000001,4,42,10.5,1.0,United Kingdom
13181,381,1,359.69,2,1,2,212,5,1,359.69,365.25,359.69,19,171,9.0,0.0,United Kingdom
13182,45,1,121.18,4,1,1,411,6,1,121.18,365.25,121.18,11,201,18.272727272727273,0.0,United Kingdom
13183,8,15,7036.18,5,5,5,555,15,627,469.07866666666666,8.738038277511961,7036.179999999999,64,4027,25.814102564102566,0.2564102564102564,United Kingdom
13184,15,10,1709.79,5,5,4,554,14,275,170.97899999999998,13.281818181818181,1709.7899999999997,138,1692,9.348066298342541,0.0,United Kingdom
13185,268,1,71.4,2,1,1,211,4,1,71.4,365.25,71.4,1,12,12.0,0.0,United Kingdom
13186,40,3,1593.14,4,3,4,434,11,89,531.0466666666667,12.311797752808989,1593.14,69,820,10.379746835443038,0.0,United Kingdom
13187,337,4,367.01,2,3,2,232,7,287,91.7525,5.090592334494774,367.01,51,375,5.859375,0.0,United Kingdom
13188,11,1,114.6,5,1,1,511,7,1,114.6,365.25,114.60000000000001,2,25,12.5,0.0,United Kingdom
13189,19,2,284.91999999999996,5,2,2,522,9,96,142.45999999999998,7.609375,284.91999999999996,29,842,29.03448275862069,0.0,United Kingdom
13190,544,3,522.96,1,3,2,132,6,188,174.32000000000002,5.82845744680851,522.96,16,308,18.11764705882353,0.7647058823529411,United Kingdom
13191,658,1,164.69,1,1,1,111,3,1,164.69,365.25,164.69,58,115,1.9491525423728813,0.0,United Kingdom
13192,95,6,2554.68,3,4,4,344,11,591,425.78,3.7081218274111674,2554.68,135,1629,10.055555555555555,0.0,United Kingdom
13193,61,1,117.88,3,1,1,311,5,1,117.88,365.25,117.88,22,50,1.7241379310344827,1.0,United Kingdom
13194,136,2,472.78,3,2,2,322,7,285,236.39,2.563157894736842,472.78,10,326,32.6,0.0,United Kingdom
13195,414,1,172.38,1,1,1,111,3,1,172.38,365.25,172.38,43,83,1.5961538461538463,0.0,United Kingdom
13196,11,7,3042.9900000000002,5,4,5,545,14,606,434.71285714285716,4.219059405940595,3042.9900000000002,141,2006,10.670212765957446,0.0,United Kingdom
13197,610,1,329.11,1,1,2,112,4,1,329.11,365.25,329.11,19,204,10.736842105263158,0.0,United Kingdom
13198,10,8,4888.11,5,4,5,545,14,424,611.01375,6.891509433962264,4888.11,265,3449,10.98407643312102,0.0,United Kingdom
13199,4,67,15221.210000000001,5,5,5,555,15,731,227.18223880597017,33.47708618331053,15221.210000000003,61,10339,49.94685990338164,0.014492753623188406,United Kingdom
13200,19,4,871.77,5,3,3,533,11,107,217.9425,13.654205607476637,871.7700000000001,42,516,11.217391304347826,0.043478260869565216,United Kingdom
13201,502,4,1240.61,1,3,4,134,8,140,310.1525,10.435714285714287,1240.61,65,1039,11.806818181818182,0.29545454545454547,United Kingdom
13202,394,7,1552.3500000000001,2,4,4,244,10,336,221.76428571428573,7.609375,1552.3500000000001,55,572,8.289855072463768,0.13043478260869565,United Kingdom
13203,10,10,2627.98,5,5,4,554,14,712,262.798,5.129915730337078,2627.9799999999996,158,2413,14.278106508875739,0.14201183431952663,United Kingdom
13204,731,1,962.71,1,1,3,113,5,1,962.71,365.25,962.71,57,428,7.508771929824562,0.0,United Kingdom
13205,443,1,2190.0,1,1,4,114,6,1,2190.0,365.25,2190.0,1,200,200.0,0.0,United Kingdom
13206,400,13,8414.33,2,5,5,255,12,332,647.2561538461539,14.301957831325302,8414.33,393,7155,12.314974182444063,0.025817555938037865,United Kingdom
13207,15,4,535.86,5,3,2,532,10,596,133.965,2.4513422818791946,535.86,10,178,13.692307692307692,0.0,United Kingdom
13208,59,9,1990.18,4,5,4,454,13,677,221.13111111111112,4.855612998522895,1990.18,198,1345,5.2952755905511815,0.0,United Kingdom
13209,30,13,8509.51,4,5,5,455,14,653,654.5776923076924,7.2714395099540585,8509.510000000002,284,5781,15.795081967213115,0.08743169398907104,United Kingdom
13210,94,1,353.48,3,1,2,312,6,1,353.48,365.25,353.48,22,316,14.363636363636363,0.0,United Kingdom
13211,10,10,2729.32,5,5,4,554,14,722,272.932,5.058864265927978,2729.32,98,1890,9.174757281553399,0.5048543689320388,United Kingdom
13212,20,3,774.08,4,3,3,433,10,41,258.0266666666667,26.725609756097562,774.0800000000002,128,310,2.183098591549296,1.0,United Kingdom
13213,57,11,3839.3,4,5,5,455,14,511,349.02727272727276,7.862524461839531,3839.3,181,2962,14.519607843137255,0.16666666666666666,United Kingdom
13214,418,7,3271.23,1,4,5,145,10,228,467.31857142857143,11.213815789473683,3271.23,207,2966,12.951965065502183,0.034934497816593885,United Kingdom
13215,402,1,81.6,2,1,1,211,4,1,81.6,365.25,81.6,1,96,96.0,0.0,United Kingdom
13216,268,1,333.74,2,1,2,212,5,1,333.74,365.25,333.74,5,297,59.4,0.0,United Kingdom
13217,122,4,639.98,3,3,3,333,9,533,159.995,2.7410881801125706,639.98,3,462,92.4,0.4,United Kingdom
13218,127,1,62.64,3,1,1,311,5,1,62.64,365.25,62.63999999999999,5,88,17.6,0.0,United Kingdom
13219,618,1,76.23,1,1,1,111,3,1,76.23,365.25,76.23,11,11,1.0,0.0,United Kingdom
13220,78,5,1336.0900000000001,3,4,4,344,11,497,267.218,3.6745472837022133,1336.0900000000001,46,396,7.471698113207547,0.018867924528301886,United Kingdom
13221,240,2,847.41,2,2,3,223,7,119,423.705,6.1386554621848735,847.4099999999999,62,244,3.696969696969697,0.0,United Kingdom
13222,577,1,88.5,1,1,1,111,3,1,88.5,365.25,88.5,1,30,30.0,0.0,United Kingdom
13223,200,6,969.12,2,4,3,243,9,464,161.52,4.723060344827586,969.1200000000001,8,568,43.69230769230769,0.3076923076923077,United Kingdom
13224,60,2,2155.95,3,2,4,324,9,91,1077.975,8.027472527472527,2155.95,101,1518,14.055555555555555,0.0,United Kingdom
13225,3,16,16040.07,5,5,5,555,15,719,1002.504375,8.127955493741307,16040.07,60,7225,57.8,0.152,United Kingdom
13226,273,2,312.46,2,2,2,222,6,120,156.23,6.0875,312.46,28,179,6.392857142857143,0.0,United Kingdom
13227,202,1,257.7,2,1,1,211,4,1,257.7,365.25,257.7,9,99,11.0,1.0,United Kingdom
13228,81,1,358.0,3,1,2,312,6,1,358.0,365.25,358.0,2,200,100.0,0.0,United Kingdom
13229,226,1,160.95,2,1,1,211,4,1,160.95,365.25,160.95,10,63,6.3,0.0,United Kingdom
13230,4,30,6320.28,5,5,5,555,15,626,210.676,17.50399361022364,6320.279999999999,653,3635,2.714712471994025,0.4279312920089619,United Kingdom
13232,13,7,1357.6,5,4,4,544,13,230,193.94285714285712,11.116304347826087,1357.6,147,778,3.758454106280193,0.6280193236714976,United Kingdom
13233,74,4,1176.46,3,3,3,333,9,619,294.115,2.360258481421648,1176.46,74,1604,21.105263157894736,0.0,United Kingdom
13234,673,2,357.79,1,2,2,122,5,59,178.895,12.38135593220339,357.79,56,162,2.5714285714285716,0.0,United Kingdom
13235,212,1,1031.07,2,1,3,213,6,1,1031.07,365.25,1031.07,53,441,7.603448275862069,0.0,United Kingdom
13236,25,2,744.85,4,2,3,423,9,82,372.425,8.908536585365853,744.85,34,416,11.555555555555555,0.0,United Kingdom
13237,388,1,643.0,2,1,3,213,6,1,643.0,365.25,643.0,24,128,5.333333333333333,0.0,United Kingdom
13238,17,6,999.63,5,4,3,543,12,573,166.605,3.824607329842932,999.6299999999999,24,442,9.404255319148936,0.0,United Kingdom
13239,262,5,1598.05,2,4,4,244,10,240,319.61,7.609375,1598.05,86,1151,12.376344086021506,0.17204301075268819,United Kingdom
13240,96,8,1738.52,3,4,4,344,11,556,217.315,5.255395683453237,1738.52,160,859,3.7186147186147185,0.7142857142857143,United Kingdom
13241,412,1,115.58,1,1,1,111,3,1,115.58,365.25,115.58,40,48,1.1428571428571428,1.0,United Kingdom
13242,112,7,699.4,3,4,3,343,10,555,99.91428571428571,4.606756756756757,699.4000000000001,19,350,10.0,0.2571428571428571,United Kingdom
13243,203,5,1278.04,2,4,4,244,10,428,255.608,4.266939252336449,1278.04,165,579,2.631818181818182,0.0,United Kingdom
13244,93,1,121.74000000000001,3,1,1,311,5,1,121.74000000000001,365.25,121.74000000000001,27,38,1.4074074074074074,0.0,United Kingdom
13245,51,2,989.22,4,2,3,423,9,381,494.61,1.9173228346456694,989.22,43,371,8.244444444444444,0.6444444444444445,United Kingdom
13246,18,11,3388.73,5,5,5,555,15,507,308.06636363636363,7.924556213017752,3388.73,229,2815,7.427440633245382,0.0633245382585752,United Kingdom
13247,18,4,501.12,5,3,2,532,10,64,125.28,22.828125,501.11999999999995,18,328,13.12,0.56,United Kingdom
13248,125,2,465.68,3,2,2,322,7,64,232.84,11.4140625,465.68,25,305,11.73076923076923,0.19230769230769232,United Kingdom
13249,92,9,1608.9299999999998,3,5,4,354,12,592,178.76999999999998,5.552787162162162,1608.9299999999998,21,1246,35.6,0.11428571428571428,United Kingdom
13250,461,2,256.04,1,2,1,121,4,41,128.02,17.817073170731707,256.04,17,108,5.4,1.0,United Kingdom
13251,402,1,252.68,2,1,1,211,4,1,252.68,365.25,252.67999999999998,25,215,8.6,0.0,United Kingdom
13252,394,2,399.3,2,2,2,222,6,231,199.65,3.162337662337662,399.3,19,134,7.052631578947368,0.0,United Kingdom
13253,157,4,2951.11,3,3,5,335,11,546,737.7775,2.675824175824176,2951.11,73,3015,40.2,0.0,United Kingdom
13254,376,1,51.41,2,1,1,211,4,1,51.41,365.25,51.41,4,43,10.75,1.0,United Kingdom
13255,9,3,904.46,5,3,3,533,11,502,301.4866666666667,2.182768924302789,904.46,26,517,16.15625,0.0,United Kingdom
13257,436,1,149.75,1,1,1,111,3,1,149.75,365.25,149.75,7,33,4.714285714285714,0.0,United Kingdom
13258,12,5,1035.18,5,4,3,543,12,388,207.036,4.706829896907217,1035.18,29,451,9.804347826086957,0.0,United Kingdom
13259,62,9,1433.38,3,5,4,354,12,637,159.26444444444445,5.160518053375196,1433.38,234,517,1.595679012345679,0.9753086419753086,United Kingdom
13260,61,1,557.62,3,1,2,312,6,1,557.62,365.25,557.62,8,142,17.75,1.0,United Kingdom
13261,269,2,944.1,2,2,3,223,7,17,472.05,42.970588235294116,944.1,8,210,23.333333333333332,0.8888888888888888,United Kingdom
13262,263,3,573.45,2,3,2,232,7,337,191.15,3.2514836795252227,573.4499999999999,48,247,4.94,0.52,United Kingdom
13263,1,39,8708.05,5,5,5,555,15,411,223.2833333333333,34.65875912408759,8708.05,507,5390,2.8072916666666665,0.057291666666666664,United Kingdom
13264,443,1,722.5600000000001,1,1,3,113,5,1,722.5600000000001,365.25,722.5600000000001,38,375,9.868421052631579,0.0,United Kingdom
13265,53,5,2122.66,4,4,4,444,12,220,424.532,8.301136363636363,2122.66,66,1752,19.252747252747252,0.0,United Kingdom
13266,11,19,6082.74,5,5,5,555,15,711,320.14421052631576,9.76054852320675,6082.74,154,6797,22.140065146579804,0.05537459283387622,United Kingdom
13267,3,36,9756.31,5,5,5,555,15,729,271.0086111111111,18.037037037037038,9756.310000000001,152,4104,9.633802816901408,0.06572769953051644,United Kingdom
13268,18,11,3198.29,5,5,5,555,15,249,290.75363636363636,16.1355421686747,3198.2900000000004,257,3658,8.313636363636364,0.0,United Kingdom
13269,1,28,8902.74,5,5,5,555,15,736,317.955,13.89538043478261,8902.74,238,6564,13.154308617234468,0.28256513026052105,United Kingdom
13270,366,1,1180.0,2,1,3,213,6,1,1180.0,365.25,1180.0,1,400,200.0,0.0,United Kingdom
13271,37,1,217.38,4,1,1,411,6,1,217.38,365.25,217.38,79,253,2.6354166666666665,0.0,United Kingdom
13272,31,2,276.56,4,2,1,421,7,58,138.28,12.594827586206897,276.56,15,96,6.4,0.5333333333333333,United Kingdom
13273,113,1,138.98,3,1,1,311,5,1,138.98,365.25,138.98,16,153,9.5625,0.0,United Kingdom
13274,409,1,360.85,2,1,2,212,5,1,360.85,365.25,360.84999999999997,19,199,10.473684210526315,0.0,United Kingdom
13275,384,2,241.66,2,2,1,221,5,248,120.83,2.945564516129032,241.66,48,140,2.8,0.08,United Kingdom
13276,64,5,1921.31,3,4,4,344,11,578,384.262,3.1596020761245676,1921.3100000000002,209,855,3.433734939759036,0.8795180722891566,United Kingdom
13277,16,7,523.3,5,4,2,542,11,524,74.75714285714285,4.879293893129771,523.3,10,382,16.608695652173914,0.0,United Kingdom
13278,41,4,1438.85,4,3,4,434,11,569,359.7125,2.5676625659050965,1438.85,80,1358,12.574074074074074,0.42592592592592593,United Kingdom
13279,78,1,137.75,3,1,1,311,5,1,137.75,365.25,137.75,9,73,8.11111111111111,0.0,United Kingdom
13280,122,7,2322.63,3,4,4,344,11,522,331.80428571428575,4.897988505747126,2322.63,159,1495,7.119047619047619,0.0,United Kingdom
13281,439,1,350.85,1,1,2,112,4,1,350.85,365.25,350.85,22,201,9.136363636363637,1.0,United Kingdom
13282,18,4,1313.19,5,3,4,534,12,388,328.2975,3.7654639175257736,1313.19,42,410,8.03921568627451,0.0,United Kingdom
13283,60,4,373.36,3,3,2,332,8,580,93.34,2.5189655172413796,373.36000000000007,19,204,10.2,0.0,United Kingdom
13284,331,1,201.19,2,1,1,211,4,1,201.19,365.25,201.19000000000003,13,91,7.0,0.0,United Kingdom
13285,23,6,3364.59,4,4,5,445,13,600,560.765,3.6525000000000003,3364.5899999999997,182,2457,10.636363636363637,0.09956709956709957,United Kingdom
13286,600,1,734.91,1,1,3,113,5,1,734.91,365.25,734.91,46,274,5.591836734693878,1.0,United Kingdom
13287,603,3,781.59,1,3,3,133,7,101,260.53000000000003,10.849009900990099,781.5900000000001,46,429,8.09433962264151,0.0,United Kingdom
13288,443,5,927.61,1,4,3,143,8,223,185.522,8.189461883408072,927.6099999999999,7,379,37.9,0.1,United Kingdom
13289,724,1,307.95,1,1,2,112,4,1,307.95,365.25,307.95,16,119,7.4375,0.0,United Kingdom
13290,438,1,18.0,1,1,1,111,3,1,18.0,365.25,18.0,1,1,1.0,0.0,United Kingdom
13291,156,11,3321.4700000000003,3,5,5,355,13,510,301.9518181818182,7.877941176470588,3321.4700000000007,155,1619,4.935975609756097,0.0,United Kingdom
13292,39,5,992.5600000000001,4,4,3,443,11,487,198.512,3.75,992.56,55,530,8.983050847457626,0.0,United Kingdom
13293,392,6,1192.94,2,4,3,243,9,276,198.82333333333335,7.940217391304348,1192.94,51,555,7.708333333333333,0.06944444444444445,United Kingdom
13294,190,3,1655.63,2,3,4,234,9,456,551.8766666666667,2.4029605263157894,1655.63,93,996,9.764705882352942,0.0,United Kingdom
13295,360,4,1101.97,2,3,3,233,8,217,275.4925,6.732718894009217,1101.97,56,733,10.940298507462687,0.5522388059701493,United Kingdom
13296,137,6,792.51,3,4,3,343,10,439,132.085,4.992027334851937,792.5100000000001,50,653,12.320754716981131,0.0,United Kingdom
13297,8,7,4368.62,5,4,5,545,14,534,624.0885714285714,4.787921348314607,4368.62,108,2694,21.902439024390244,0.0,United Kingdom
13298,1,1,360.0,5,1,2,512,8,1,360.0,365.25,360.0,2,96,48.0,0.0,United Kingdom
13299,268,3,1218.7,2,3,4,234,9,260,406.23333333333335,4.214423076923077,1218.7,56,416,6.709677419354839,0.0,United Kingdom
13300,169,3,1285.51,3,3,4,334,10,404,428.50333333333333,2.7122524752475248,1285.51,44,455,8.272727272727273,0.0,United Kingdom
13301,104,4,618.75,3,3,3,333,9,188,154.6875,7.7712765957446805,618.7500000000001,75,345,4.2592592592592595,0.7037037037037037,United Kingdom
13302,155,2,158.25,3,2,1,321,6,371,79.125,1.9690026954177897,158.25,3,12,4.0,0.0,United Kingdom
13303,400,1,61.72,2,1,1,211,4,1,61.72,365.25,61.72,4,26,6.5,0.0,United Kingdom
13304,351,4,1211.04,2,3,4,234,9,318,302.76,4.59433962264151,1211.04,59,716,9.179487179487179,0.0,United Kingdom
13305,4,16,3755.31,5,5,5,555,15,635,234.706875,9.203149606299212,3755.31,153,2361,11.46116504854369,0.043689320388349516,United Kingdom
13306,430,1,53.65,1,1,1,111,3,1,53.65,365.25,53.65,4,74,18.5,0.0,United Kingdom
13307,120,3,273.34,3,3,1,331,7,472,91.11333333333333,2.321504237288136,273.34000000000003,15,140,9.333333333333334,0.0,United Kingdom
13308,23,4,1651.89,4,3,4,434,11,574,412.9725,2.545296167247387,1651.89,65,985,13.873239436619718,0.0,United Kingdom
13309,7,6,1706.3700000000001,5,4,4,544,13,385,284.39500000000004,5.6922077922077925,1706.3700000000003,95,1914,14.723076923076922,0.0,United Kingdom
13310,28,5,1541.2,4,4,4,444,12,374,308.24,4.883021390374332,1541.2000000000003,80,816,8.589473684210526,0.0,United Kingdom
13311,4,2,598.57,5,2,2,522,9,145,299.285,5.037931034482759,598.5700000000002,25,305,11.73076923076923,0.0,United Kingdom
13312,451,1,124.75,1,1,1,111,3,1,124.75,365.25,124.75,5,41,8.2,0.0,United Kingdom
13313,22,12,3476.6800000000003,4,5,5,455,14,715,289.72333333333336,6.13006993006993,3476.6800000000007,105,2308,12.342245989304812,0.0748663101604278,United Kingdom
13314,2,3,775.94,5,3,3,533,11,72,258.6466666666667,15.21875,775.9400000000002,55,560,9.03225806451613,0.0,United Kingdom
13315,689,1,310.26000000000005,1,1,2,112,4,1,310.26000000000005,365.25,310.26000000000005,22,232,10.545454545454545,0.0,United Kingdom
13316,37,10,10840.77,4,5,5,455,14,602,1084.077,6.0672757475083055,10840.77,115,7332,41.89714285714286,0.21714285714285714,United Kingdom
13317,66,19,6487.6900000000005,3,5,5,355,13,660,341.45736842105265,10.514772727272728,6487.6900000000005,222,3149,9.154069767441861,0.11627906976744186,United Kingdom
13318,1,3,640.76,5,3,3,533,11,36,213.58666666666667,30.4375,640.76,14,304,15.2,0.15,United Kingdom
13319,5,58,22082.5,5,5,5,555,15,727,380.73275862068965,29.13961485557084,22082.5,345,9270,9.706806282722512,0.05759162303664921,United Kingdom
13320,78,6,2228.1,3,4,4,344,11,400,371.34999999999997,5.478750000000001,2228.1,98,1519,10.126666666666667,0.0,United Kingdom
13321,72,2,567.36,3,2,2,322,7,14,283.68,52.17857142857143,567.36,10,372,33.81818181818182,0.0,United Kingdom
13322,17,1,199.48000000000002,5,1,1,511,7,1,199.48000000000002,365.25,199.48000000000002,25,117,4.68,0.0,United Kingdom
13323,3,5,787.85,5,4,3,543,12,81,157.57,22.546296296296294,787.8499999999999,6,175,8.333333333333334,0.0,United Kingdom
13324,36,18,10412.67,4,5,5,455,14,527,578.4816666666667,12.475332068311197,10412.67,36,8208,62.18181818181818,0.20454545454545456,United Kingdom
13325,82,1,675.3,3,1,3,313,7,1,675.3,365.25,675.3,12,240,20.0,0.0,United Kingdom
13326,432,1,281.76,1,1,2,112,4,1,281.76,365.25,281.76,13,140,10.76923076923077,1.0,United Kingdom
13327,39,20,9815.87,4,5,5,455,14,682,490.79350000000005,10.711143695014663,9815.87,175,4479,13.096491228070175,0.1023391812865497,United Kingdom
13328,316,1,1308.48,2,1,4,214,7,1,1308.48,365.25,1308.48,17,680,40.0,0.0,United Kingdom
13329,32,8,5112.97,4,4,5,445,13,703,639.12125,4.15647226173542,5112.970000000001,68,3486,27.888,0.0,United Kingdom
13330,93,6,2784.23,3,4,4,344,11,562,464.03833333333336,3.8994661921708182,2784.23,80,1975,16.73728813559322,0.15254237288135594,United Kingdom
13331,402,1,200.45,2,1,1,211,4,1,200.45,365.25,200.45000000000002,12,54,4.5,0.0,United Kingdom
13332,14,1,350.90000000000003,5,1,2,512,8,1,350.90000000000003,365.25,350.90000000000003,21,179,8.523809523809524,0.0,United Kingdom
13333,411,3,1015.74,1,3,3,133,7,247,338.58,4.436234817813766,1015.74,54,685,12.454545454545455,0.10909090909090909,United Kingdom
13334,82,5,6263.75,3,4,5,345,12,570,1252.75,3.2039473684210527,6263.75,307,3227,6.722916666666666,0.11041666666666666,United Kingdom
13336,77,1,795.12,3,1,3,313,7,1,795.12,365.25,795.12,51,559,10.96078431372549,0.0,United Kingdom
13337,546,1,1575.26,1,1,4,114,6,1,1575.26,365.25,1575.26,87,980,11.264367816091953,0.0,United Kingdom
13338,158,4,2353.82,3,3,4,334,10,545,588.455,2.6807339449541283,2353.82,113,1151,8.9921875,0.0,United Kingdom
13339,201,1,860.12,2,1,3,213,6,1,860.12,365.25,860.12,54,326,6.037037037037037,0.0,United Kingdom
13340,45,12,18923.84,4,5,5,455,14,609,1576.9866666666667,7.197044334975369,18923.84,190,9260,43.06976744186046,0.11627906976744186,United Kingdom
13341,261,1,775.85,2,1,3,213,6,1,775.85,365.25,775.85,42,301,7.166666666666667,0.0,United Kingdom
13343,178,1,321.43,3,1,2,312,6,1,321.43,365.25,321.43,19,135,7.105263157894737,0.0,United Kingdom
13344,68,3,2229.92,3,3,4,334,10,209,743.3066666666667,5.242822966507177,2229.92,115,971,8.159663865546218,0.0,United Kingdom
13345,288,1,357.5,2,1,2,212,5,1,357.5,365.25,357.5,20,141,7.05,0.0,United Kingdom
13346,463,6,299.4,1,4,2,142,7,133,49.9,16.477443609022558,299.40000000000003,4,180,30.0,0.0,United Kingdom
13347,70,1,309.36,3,1,2,312,6,1,309.36,365.25,309.36,8,205,25.625,0.0,United Kingdom
13348,64,1,233.76000000000002,3,1,1,311,5,1,233.76000000000002,365.25,233.76000000000002,14,136,9.714285714285714,0.0,United Kingdom
13349,11,1,215.32,5,1,1,511,7,1,215.32,365.25,215.32000000000002,16,225,14.0625,0.0,United Kingdom
13350,16,2,883.1700000000001,5,2,3,523,10,63,441.58500000000004,11.595238095238095,883.17,36,287,7.175,0.0,United Kingdom
13351,66,1,341.94,3,1,2,312,6,1,341.94,365.25,341.94,16,117,7.3125,0.0,United Kingdom
13352,60,1,365.98,3,1,2,312,6,1,365.98,365.25,365.98,24,321,13.375,0.0,United Kingdom
13354,71,1,743.53,3,1,3,313,7,1,743.53,365.25,743.5300000000001,51,604,11.843137254901961,0.0,United Kingdom
13355,122,1,674.7,3,1,3,313,7,1,674.7,365.25,674.7,32,314,9.8125,0.0,United Kingdom
13356,80,1,768.24,3,1,3,313,7,1,768.24,365.25,768.2399999999999,42,325,7.738095238095238,0.0,United Kingdom
13357,257,5,3836.41,2,4,5,245,11,369,767.2819999999999,4.949186991869918,3836.4099999999994,284,2142,5.368421052631579,0.22556390977443608,United Kingdom
13358,269,1,408.71000000000004,2,1,2,212,5,1,408.71000000000004,365.25,408.71000000000004,29,285,9.827586206896552,0.0,United Kingdom
13359,64,2,979.3100000000001,3,2,3,323,8,339,489.65500000000003,2.1548672566371683,979.3100000000002,52,381,6.803571428571429,0.0,United Kingdom
13360,432,4,1521.65,1,3,4,134,8,269,380.4125,5.431226765799257,1521.6500000000003,58,942,14.272727272727273,0.0,United Kingdom
13361,472,2,1450.5,1,2,4,124,7,145,725.25,5.037931034482759,1450.5000000000002,29,324,9.529411764705882,0.0,United Kingdom
13362,9,7,5394.07,5,4,5,545,14,415,770.5814285714285,6.160843373493977,5394.070000000001,186,2481,8.325503355704697,0.17114093959731544,United Kingdom
13363,18,3,1661.54,5,3,4,534,12,392,553.8466666666667,2.795280612244898,1661.54,78,1146,11.235294117647058,0.0,United Kingdom
13364,71,1,134.96,3,1,1,311,5,1,134.96,365.25,134.96,10,71,7.1,0.0,United Kingdom
13365,34,2,2225.37,4,2,4,424,10,184,1112.685,3.9701086956521743,2225.37,122,1247,9.7421875,0.6953125,United Kingdom
13366,50,1,56.16,4,1,1,411,6,1,56.16,365.25,56.16,1,144,144.0,0.0,United Kingdom
13367,432,1,478.2,1,1,2,112,4,1,478.2,365.25,478.2,20,253,12.65,0.0,United Kingdom
13368,257,4,1057.5,2,3,3,233,8,166,264.375,8.801204819277109,1057.5,45,606,11.653846153846153,0.0,United Kingdom
13369,366,1,552.5600000000001,2,1,2,212,5,1,552.5600000000001,365.25,552.5600000000001,14,298,10.642857142857142,0.0,United Kingdom
13370,372,1,1509.74,2,1,4,214,7,1,1509.74,365.25,1509.74,39,686,8.794871794871796,0.0,United Kingdom
13371,505,2,2253.76,1,2,4,124,7,127,1126.88,5.751968503937008,2253.76,75,1019,11.076086956521738,0.0,United Kingdom
13372,90,1,346.64,3,1,2,312,6,1,346.64,365.25,346.64,23,159,6.913043478260869,1.0,United Kingdom
13373,61,6,7556.22,3,4,5,345,12,672,1259.3700000000001,3.2611607142857144,7556.22,292,4175,11.662011173184357,0.3128491620111732,United Kingdom
13374,415,2,390.8,1,2,2,122,5,34,195.4,21.485294117647058,390.8,17,135,7.9411764705882355,0.0,United Kingdom
13375,89,2,1792.23,3,2,4,324,9,356,896.115,2.0519662921348316,1792.23,62,1124,15.830985915492958,0.0,United Kingdom
13376,99,3,923.76,3,3,3,333,9,135,307.92,8.116666666666667,923.76,45,493,9.30188679245283,0.0,United Kingdom
13377,397,2,1460.93,2,2,4,224,8,249,730.465,2.933734939759036,1460.93,71,748,9.58974358974359,0.0,United Kingdom
13379,26,3,572.56,4,3,2,432,9,110,190.85333333333332,9.961363636363636,572.56,85,601,6.195876288659794,0.865979381443299,United Kingdom
13380,433,1,62.4,1,1,1,111,3,1,62.4,365.25,62.4,3,48,16.0,1.0,United Kingdom
13381,32,12,8223.42,4,5,5,455,14,706,685.285,6.208215297450425,8223.42,154,5125,14.396067415730338,0.06460674157303371,United Kingdom
13382,281,5,1387.58,2,4,4,244,10,451,277.51599999999996,4.049334811529933,1387.5799999999997,74,863,10.034883720930232,0.0,United Kingdom
13383,544,1,212.0,1,1,1,111,3,1,212.0,365.25,212.0,1,200,200.0,0.0,United Kingdom
13384,31,11,6658.88,4,5,5,455,14,469,605.3527272727273,8.566631130063966,6658.880000000001,192,4142,15.68939393939394,0.07954545454545454,United Kingdom
13385,330,1,520.67,2,1,2,212,5,1,520.67,365.25,520.67,35,281,8.028571428571428,0.0,United Kingdom
13386,414,2,835.46,1,2,3,123,6,22,417.73,33.20454545454545,835.46,24,514,16.580645161290324,0.0,United Kingdom
13387,417,1,189.44,1,1,1,111,3,1,189.44,365.25,189.44000000000003,71,125,1.7123287671232876,0.0,United Kingdom
13388,131,3,1153.7,3,3,3,333,9,472,384.56666666666666,2.321504237288136,1153.7,68,701,10.159420289855072,0.5072463768115942,United Kingdom
13389,11,3,797.96,5,3,3,533,11,221,265.9866666666667,4.95814479638009,797.96,50,429,8.411764705882353,0.0,United Kingdom
13390,75,1,544.08,3,1,2,312,6,1,544.08,365.25,544.08,13,224,17.23076923076923,0.0,United Kingdom
13391,204,1,59.8,2,1,1,211,4,1,59.8,365.25,59.800000000000004,1,4,4.0,0.0,United Kingdom
13392,677,1,91.14,1,1,1,111,3,1,91.14,365.25,91.14,8,82,10.25,1.0,United Kingdom
13393,584,4,1131.45,1,3,3,133,7,148,282.8625,9.871621621621621,1131.4499999999998,53,662,9.594202898550725,0.0,United Kingdom
13394,2,19,6641.46,5,5,5,555,15,736,349.55052631578945,9.429008152173914,6641.46,254,5354,13.09046454767726,0.20048899755501223,United Kingdom
13395,185,3,1157.79,3,3,3,333,9,236,385.93,4.643008474576272,1157.7900000000002,77,1484,18.320987654320987,0.0,United Kingdom
13396,29,2,1353.99,4,2,4,424,10,290,676.995,2.5189655172413796,1353.99,42,600,13.953488372093023,0.0,United Kingdom
13397,73,10,3133.87,3,5,5,355,13,616,313.387,5.929383116883117,3133.8700000000003,68,1104,12.404494382022472,0.02247191011235955,United Kingdom
13398,192,2,670.34,2,2,3,223,7,256,335.17,2.853515625,670.34,37,341,8.743589743589743,0.0,United Kingdom
13399,464,3,275.4,1,3,1,131,5,54,91.8,20.291666666666668,275.40000000000003,10,120,8.0,0.0,United Kingdom
13400,583,1,321.39,1,1,2,112,4,1,321.39,365.25,321.39,23,284,12.347826086956522,0.0,United Kingdom
13402,127,4,1535.13,3,3,4,334,10,437,383.7825,3.34324942791762,1535.13,55,1107,11.53125,0.0,United Kingdom
13403,18,3,229.5,5,3,1,531,9,705,76.5,1.554255319148936,229.49999999999997,9,114,12.666666666666666,0.0,United Kingdom
13404,1,2,252.49,5,2,1,521,8,211,126.245,3.4620853080568716,252.49,11,111,10.090909090909092,0.0,United Kingdom
13405,74,6,1177.04,3,4,3,343,10,650,196.17333333333332,3.3715384615384614,1177.04,33,679,15.790697674418604,0.11627906976744186,United Kingdom
13406,427,2,568.92,1,2,2,122,5,204,284.46,3.5808823529411766,568.92,7,292,32.44444444444444,0.0,United Kingdom
13407,579,3,2244.7,1,3,4,134,8,83,748.2333333333332,13.201807228915662,2244.7,85,1690,19.88235294117647,0.0,United Kingdom
13408,2,106,51654.840000000004,5,5,5,555,15,733,487.30981132075476,52.81923601637108,51654.840000000004,321,29499,35.11785714285714,0.16785714285714284,United Kingdom
13410,24,9,2201.96,4,5,4,454,13,707,244.66222222222223,4.6495756718529,2201.96,25,1244,24.88,0.16,United Kingdom
13411,107,1,213.55,3,1,1,311,5,1,213.55,365.25,213.54999999999998,17,72,4.0,0.0,United Kingdom
13412,620,1,486.4,1,1,2,112,4,1,486.4,365.25,486.40000000000003,33,176,5.176470588235294,0.0,United Kingdom
13413,640,6,429.44,1,4,2,142,7,47,71.57333333333334,46.62765957446808,429.44000000000005,38,455,10.581395348837209,0.06976744186046512,United Kingdom
13414,134,6,1686.14,3,4,4,344,11,469,281.02333333333337,4.6727078891258,1686.1400000000003,48,1502,27.30909090909091,0.09090909090909091,United Kingdom
13415,473,4,800.67,1,3,3,133,7,255,200.1675,5.729411764705882,800.6700000000001,85,502,4.826923076923077,0.0,United Kingdom
13416,44,3,940.8000000000001,4,3,3,433,10,692,313.6,1.5834537572254335,940.8,16,208,8.0,0.0,United Kingdom
13417,5,6,1669.49,5,4,4,544,13,664,278.24833333333333,3.3004518072289155,1669.49,57,532,6.909090909090909,0.0,United Kingdom
13418,12,31,12032.25,5,5,5,555,15,716,388.13709677419354,15.813896648044693,12032.250000000002,328,7606,13.509769094138543,0.02664298401420959,United Kingdom
13419,64,1,221.06,3,1,1,311,5,1,221.06,365.25,221.05999999999997,16,275,17.1875,0.0,United Kingdom
13420,150,2,159.85,3,2,1,321,6,20,79.925,36.525,159.85,8,101,12.625,0.0,United Kingdom
13421,40,8,4101.17,4,4,5,445,13,622,512.64625,4.697749196141479,4101.17,174,2420,8.897058823529411,0.4117647058823529,United Kingdom
13422,64,1,2626.3,3,1,4,314,8,1,2626.3,365.25,2626.3,127,1326,10.440944881889763,0.0,United Kingdom
13423,429,1,217.03,1,1,1,111,3,1,217.03,365.25,217.03,12,141,11.75,0.0,United Kingdom
13424,450,1,572.77,1,1,2,112,4,1,572.77,365.25,572.77,40,529,13.225,0.0,United Kingdom
13425,108,5,3403.63,3,4,5,345,12,471,680.726,3.877388535031847,3403.63,124,2382,13.382022471910112,0.29775280898876405,United Kingdom
13426,1,22,8167.38,5,5,5,555,15,729,371.24454545454546,11.022633744855966,8167.38,162,4868,14.192419825072886,0.11370262390670553,United Kingdom
13427,19,6,1006.53,5,4,3,543,12,702,167.755,3.121794871794872,1006.5300000000001,35,880,16.923076923076923,0.28846153846153844,United Kingdom
13428,10,3,499.98,5,3,2,532,10,504,166.66,2.174107142857143,499.98,122,366,2.5416666666666665,0.0,United Kingdom
13429,11,4,1006.8,5,3,3,533,11,64,251.7,22.828125,1006.8000000000001,55,1390,20.746268656716417,0.3582089552238806,United Kingdom
13430,19,2,691.53,5,2,3,523,10,67,345.765,10.902985074626866,691.53,48,751,15.326530612244898,0.0,United Kingdom
13431,67,8,3316.2400000000002,3,4,5,345,12,592,414.53000000000003,4.9358108108108105,3316.24,113,1570,12.170542635658915,0.0,United Kingdom
13432,571,2,439.1,1,2,2,122,5,40,219.55,18.2625,439.09999999999997,98,217,1.954954954954955,0.0,United Kingdom
13433,501,4,658.32,1,3,3,133,7,195,164.58,7.4923076923076914,658.32,22,190,7.916666666666667,0.0,United Kingdom
13434,74,5,1666.8600000000001,3,4,4,344,11,581,333.372,3.1432874354561102,1666.86,17,864,24.685714285714287,0.3142857142857143,United Kingdom
13435,5,9,4522.41,5,5,5,555,15,494,502.49,6.654352226720648,4522.41,96,2791,18.361842105263158,0.4868421052631579,United Kingdom
13436,2,1,196.89,5,1,1,511,7,1,196.89,365.25,196.89,12,76,6.333333333333333,0.0,United Kingdom
13437,14,7,3379.1600000000003,5,4,5,545,14,175,482.7371428571429,14.610000000000001,3379.1600000000003,143,1283,7.682634730538922,0.0,United Kingdom
13438,547,1,46.5,1,1,1,111,3,1,46.5,365.25,46.5,1,10,10.0,0.0,United Kingdom
13439,255,3,987.24,2,3,3,233,8,270,329.08,4.058333333333334,987.2399999999999,132,952,5.700598802395209,0.0,United Kingdom
13440,423,7,1295.25,1,4,4,144,9,28,185.03571428571428,91.31250000000001,1295.25,49,573,9.711864406779661,0.0,United Kingdom
13441,92,2,720.9,3,2,3,323,8,339,360.45,2.1548672566371683,720.9000000000001,33,520,13.68421052631579,0.0,United Kingdom
13442,667,3,363.97,1,3,2,132,6,70,121.32333333333334,15.653571428571428,363.96999999999997,33,115,3.026315789473684,0.0,United Kingdom
13443,449,6,1170.41,1,4,3,143,8,228,195.06833333333336,9.611842105263158,1170.4100000000003,176,809,3.965686274509804,0.08823529411764706,United Kingdom
13444,374,2,631.68,2,2,3,223,7,131,315.84,5.576335877862595,631.68,51,337,5.810344827586207,0.0,United Kingdom
13445,626,1,241.89999999999998,1,1,1,111,3,1,241.89999999999998,365.25,241.89999999999998,7,198,28.285714285714285,0.0,United Kingdom
13446,430,11,3881.89,1,5,5,155,11,233,352.8990909090909,17.243562231759658,3881.8899999999994,113,2403,12.515625,0.17708333333333334,United Kingdom
13447,23,3,1129.14,4,3,3,433,10,12,376.38000000000005,91.3125,1129.14,55,584,9.898305084745763,0.3728813559322034,United Kingdom
13448,17,13,8902.76,5,5,5,555,15,717,684.8276923076924,6.622384937238493,8902.76,321,4404,7.89247311827957,0.12365591397849462,United Kingdom
13449,24,1,291.88,4,1,2,412,7,1,291.88,365.25,291.88,19,222,11.68421052631579,0.0,United Kingdom
13450,27,13,4120.04,4,5,5,455,14,576,316.92615384615385,8.243489583333332,4120.039999999999,57,4318,29.374149659863946,0.24489795918367346,United Kingdom
13451,26,11,7190.94,4,5,5,455,14,601,653.7218181818181,6.685108153078203,7190.939999999998,561,5268,5.0556621880998085,0.5566218809980806,United Kingdom
13452,259,3,108.0,2,3,1,231,6,213,36.0,5.144366197183099,108.0,2,6,2.0,0.0,United Kingdom
13453,166,3,781.69,3,3,3,333,9,236,260.56333333333333,4.643008474576272,781.69,33,341,8.525,0.0,United Kingdom
13454,641,1,219.87,1,1,1,111,3,1,219.87,365.25,219.87,23,198,8.608695652173912,0.0,United Kingdom
13455,25,6,2905.93,4,4,5,445,13,706,484.32166666666666,3.1041076487252126,2905.9300000000003,79,985,6.840277777777778,0.3055555555555556,United Kingdom
13456,18,6,1766.72,5,4,4,544,13,189,294.4533333333333,11.595238095238095,1766.7199999999998,43,765,12.142857142857142,0.0,United Kingdom
13457,689,2,148.22,1,2,1,121,4,48,74.11,15.21875,148.22,9,96,10.666666666666666,0.0,United Kingdom
13458,7,16,11959.27,5,5,5,555,15,381,747.454375,15.338582677165356,11959.27,290,6760,13.938144329896907,0.0,United Kingdom
13459,625,2,1160.41,1,2,3,123,6,57,580.205,12.81578947368421,1160.41,57,986,13.506849315068493,0.0,United Kingdom
13460,29,2,183.44,4,2,1,421,7,20,91.72,36.525,183.44,16,286,16.823529411764707,0.0,United Kingdom
13461,39,6,4160.0,4,4,5,445,13,558,693.3333333333334,3.9274193548387095,4160.0,30,3132,50.516129032258064,0.08064516129032258,United Kingdom
13462,253,5,1153.8500000000001,2,4,3,243,9,473,230.77000000000004,3.8609936575052854,1153.8500000000001,64,697,9.816901408450704,0.0,United Kingdom
13464,58,6,3097.64,4,4,5,445,13,559,516.2733333333333,3.920393559928444,3097.64,128,1440,9.536423841059603,0.0,United Kingdom
13465,446,2,931.12,1,2,3,123,6,139,465.56,5.255395683453237,931.12,34,584,17.176470588235293,1.0,United Kingdom
13466,184,5,1013.35,3,4,3,343,10,444,202.67000000000002,4.113175675675675,1013.35,49,660,12.0,0.2909090909090909,United Kingdom
13467,11,2,1083.71,5,2,3,523,10,25,541.855,29.220000000000002,1083.71,89,584,5.898989898989899,0.0,United Kingdom
13468,2,72,13362.56,5,5,5,555,15,734,185.5911111111111,35.828337874659404,13362.56,290,5824,8.0,0.0260989010989011,United Kingdom
13469,653,1,82.4,1,1,1,111,3,1,82.4,365.25,82.4,6,52,8.666666666666666,0.0,United Kingdom
13470,99,2,165.0,3,2,1,321,6,15,82.5,48.7,165.0,7,100,10.0,0.0,United Kingdom
13471,1,4,2531.58,5,3,4,534,12,46,632.895,31.760869565217394,2531.58,214,1590,6.115384615384615,0.8538461538461538,United Kingdom
13472,464,2,592.24,1,2,2,122,5,91,296.12,8.027472527472527,592.24,24,310,11.071428571428571,0.0,United Kingdom
13473,61,8,2657.76,3,4,4,344,11,663,332.22,4.407239819004525,2657.76,65,1000,14.285714285714286,0.0,United Kingdom
13474,236,3,662.84,2,3,3,233,8,258,220.9466666666667,4.247093023255814,662.84,116,334,2.5692307692307694,0.9692307692307692,United Kingdom
13475,191,4,1424.83,2,3,4,234,9,107,356.2075,13.654205607476637,1424.83,64,1012,11.767441860465116,0.0,United Kingdom
13476,179,5,1847.47,3,4,4,344,11,466,369.494,3.918991416309013,1847.4700000000003,86,713,6.726415094339623,0.0,United Kingdom
13477,38,11,2834.17,4,5,4,454,13,646,257.6518181818182,6.219427244582044,2834.1700000000005,112,2095,13.259493670886076,0.05063291139240506,United Kingdom
13478,469,5,2189.88,1,4,4,144,9,207,437.976,8.822463768115943,2189.88,114,1189,9.512,0.2,United Kingdom
13479,201,4,851.37,2,3,3,233,8,276,212.8425,5.293478260869565,851.37,45,716,13.50943396226415,0.0,United Kingdom
13480,417,2,627.82,1,2,3,123,6,262,313.91,2.7881679389312977,627.82,40,362,8.829268292682928,0.0,United Kingdom
13481,46,11,3830.84,4,5,5,455,14,689,348.2581818181818,5.831277213352685,3830.84,162,2055,9.174107142857142,0.0,United Kingdom
13482,232,2,336.09,2,2,2,222,6,395,168.045,1.849367088607595,336.09,20,187,9.35,0.0,United Kingdom
13483,66,1,140.34,3,1,1,311,5,1,140.34,365.25,140.34,10,160,16.0,0.0,United Kingdom
13484,241,3,790.72,2,3,3,233,8,398,263.5733333333333,2.753140703517588,790.7199999999999,38,224,5.743589743589744,0.5128205128205128,United Kingdom
13485,233,11,3012.27,2,5,5,255,12,503,273.84272727272725,7.987574552683896,3012.2699999999995,131,1798,11.379746835443038,0.056962025316455694,United Kingdom
13486,78,3,1122.41,3,3,3,333,9,76,374.1366666666667,14.417763157894736,1122.4100000000003,69,669,9.695652173913043,0.0,United Kingdom
13487,58,5,846.87,4,4,3,443,11,677,169.374,2.697562776957164,846.87,31,362,7.387755102040816,0.12244897959183673,United Kingdom
13488,17,23,15548.93,5,5,5,555,15,666,676.0404347826087,12.61373873873874,15548.93,370,7891,10.899171270718233,0.04143646408839779,United Kingdom
13489,105,4,401.12,3,3,2,332,8,189,100.28,7.73015873015873,401.12,11,472,33.714285714285715,0.0,United Kingdom
13490,654,1,154.25,1,1,1,111,3,1,154.25,365.25,154.25,8,25,3.125,0.0,United Kingdom
13491,52,27,4566.56,4,5,5,455,14,681,169.13185185185188,14.481277533039647,4566.56,144,2385,8.899253731343284,0.06343283582089553,United Kingdom
13492,136,3,1269.84,3,3,4,334,10,78,423.28,14.048076923076923,1269.84,38,408,8.16,0.0,Switzerland
13493,275,2,552.63,2,2,2,222,6,11,276.315,66.4090909090909,552.63,6,380,47.5,0.0,Switzerland
13494,312,1,316.26000000000005,2,1,2,212,5,1,316.26000000000005,365.25,316.26000000000005,18,162,9.0,0.0,United Kingdom
13495,8,10,5374.26,5,5,5,555,15,724,537.426,5.044889502762431,5374.26,59,2674,18.19047619047619,0.0,United Kingdom
13496,11,2,653.33,5,2,3,523,10,349,326.665,2.0931232091690544,653.33,28,341,9.742857142857142,0.0,United Kingdom
13497,283,6,1320.3300000000002,2,4,4,244,10,386,220.05500000000004,5.677461139896373,1320.33,52,579,8.64179104477612,0.0,United Kingdom
13498,730,1,327.38,1,1,2,112,4,1,327.38,365.25,327.38,17,362,21.294117647058822,0.0,United Kingdom
13499,18,5,1159.1100000000001,5,4,3,543,12,252,231.82200000000003,7.247023809523809,1159.1100000000001,31,1365,32.5,0.0,United Kingdom
13500,23,4,1466.3,4,3,4,434,11,378,366.575,3.865079365079365,1466.3,77,838,9.858823529411765,0.0,United Kingdom
13501,288,3,2885.11,2,3,5,235,10,282,961.7033333333334,3.8856382978723403,2885.11,90,1253,10.991228070175438,0.0,Switzerland
13502,17,5,780.5,5,4,3,543,12,531,156.1,3.439265536723164,780.5000000000001,28,490,14.848484848484848,0.0,United Kingdom
13503,71,6,1896.19,3,4,4,344,11,589,316.0316666666667,3.720713073005093,1896.19,158,1118,5.646464646464646,0.0,United Kingdom
13504,64,1,295.93,3,1,2,312,6,1,295.93,365.25,295.93,22,178,8.090909090909092,0.0,United Kingdom
13505,73,4,3975.63,3,3,5,335,11,159,993.9075,9.18867924528302,3975.63,182,2486,11.56279069767442,0.12558139534883722,Switzerland
13506,316,5,1639.2,2,4,4,244,10,144,327.84000000000003,12.682291666666666,1639.2,55,1174,11.979591836734693,0.6122448979591837,United Kingdom
13507,3,4,2479.16,5,3,4,534,12,142,619.79,10.288732394366196,2479.16,146,1597,9.858024691358025,0.5061728395061729,United Kingdom
13508,244,2,287.05,2,2,2,222,6,399,143.525,1.830827067669173,287.05,27,180,6.428571428571429,1.0,United Kingdom
13509,9,8,1114.72,5,4,3,543,12,498,139.34,5.867469879518072,1114.72,27,1214,24.775510204081634,0.0,United Kingdom
13510,1,11,4536.34,5,5,5,555,15,717,412.3945454545455,5.603556485355648,4536.34,176,3044,10.53287197231834,0.1453287197231834,United Kingdom
13511,677,1,254.81,1,1,1,111,3,1,254.81,365.25,254.80999999999997,5,60,12.0,0.0,United Kingdom
13512,261,4,713.39,2,3,3,233,8,322,178.3475,4.537267080745342,713.39,31,419,10.743589743589743,0.0,United Kingdom
13513,127,3,824.59,3,3,3,333,9,528,274.86333333333334,2.075284090909091,824.59,32,364,9.1,0.0,United Kingdom
13514,74,4,815.9000000000001,3,3,3,333,9,608,203.97500000000002,2.4029605263157894,815.9000000000001,15,288,13.714285714285714,0.23809523809523808,United Kingdom
13515,73,6,1265.82,3,4,4,344,11,571,210.97,3.8380035026269703,1265.82,64,819,10.776315789473685,0.17105263157894737,United Kingdom
13516,21,4,1685.26,4,3,4,434,11,396,421.315,3.689393939393939,1685.26,55,1114,18.262295081967213,0.0,United Kingdom
13517,60,3,2128.42,3,3,4,334,10,120,709.4733333333334,9.13125,2128.42,125,1369,9.709219858156029,0.0,United Kingdom
13518,86,1,659.44,3,1,3,313,7,1,659.44,365.25,659.44,36,392,10.31578947368421,0.0,United Kingdom
13519,78,2,343.21,3,2,2,322,7,364,171.605,2.006868131868132,343.21000000000004,19,133,7.0,0.0,United Kingdom
13520,59,11,6227.4,4,5,5,455,14,663,566.1272727272727,6.0599547511312215,6227.4,81,3289,16.04390243902439,0.12195121951219512,Switzerland
13521,1,3,1094.7,5,3,3,533,11,8,364.90000000000003,136.96875,1094.7,313,736,1.688073394495413,0.29128440366972475,United Kingdom
13522,30,1,125.80000000000001,4,1,1,411,6,1,125.80000000000001,365.25,125.80000000000001,5,44,8.8,0.0,United Kingdom
13523,33,6,4807.52,4,4,5,445,13,369,801.2533333333334,5.939024390243902,4807.52,177,2354,10.19047619047619,0.20346320346320346,United Kingdom
13524,41,5,680.1800000000001,4,4,3,443,11,179,136.036,10.202513966480447,680.1800000000001,17,324,12.0,0.37037037037037035,United Kingdom
13525,15,2,628.78,5,2,3,523,10,233,314.39,3.1351931330472103,628.78,5,394,65.66666666666667,0.0,United Kingdom
13526,738,2,1083.6399999999999,1,2,3,123,6,1,541.8199999999999,730.5,1083.6399999999999,29,1735,39.43181818181818,0.0,United Kingdom
13527,34,12,4686.62,4,5,5,455,14,653,390.5516666666667,6.712098009188361,4686.62,266,2762,6.043763676148797,0.7614879649890591,United Kingdom
13529,79,2,307.76,3,2,2,322,7,125,153.88,5.844,307.76,15,74,4.933333333333334,0.0,United Kingdom
13530,634,1,402.98,1,1,2,112,4,1,402.98,365.25,402.98,18,272,15.11111111111111,0.0,United Kingdom
13531,205,6,1738.52,2,4,4,244,10,531,289.75333333333333,4.127118644067797,1738.52,44,600,6.666666666666667,0.0,United Kingdom
13532,34,1,210.31,4,1,1,411,6,1,210.31,365.25,210.30999999999997,66,129,1.9545454545454546,1.0,United Kingdom
13533,183,3,270.79,3,3,1,331,7,84,90.26333333333334,13.044642857142858,270.79,61,204,2.6842105263157894,0.0,United Kingdom
13534,2,35,7720.900000000001,5,5,5,555,15,517,220.59714285714287,24.72678916827853,7720.9,163,3869,9.869897959183673,0.0,United Kingdom
13535,403,1,89.5,2,1,1,211,4,1,89.5,365.25,89.5,1,10,10.0,0.0,United Kingdom
13536,1,7,3448.29,5,4,5,545,14,74,492.61285714285714,34.55067567567568,3448.2900000000004,91,2136,11.932960893854748,0.7039106145251397,United Kingdom
13537,426,2,717.85,1,2,3,123,6,26,358.925,28.096153846153843,717.85,38,337,8.023809523809524,0.38095238095238093,United Kingdom
13538,43,12,3112.73,4,5,5,455,14,632,259.39416666666665,6.935126582278481,3112.7299999999996,105,963,6.6875,0.04861111111111111,United Kingdom
13539,86,7,1569.36,3,4,4,344,11,504,224.1942857142857,5.072916666666667,1569.3600000000001,69,710,8.255813953488373,0.0,United Kingdom
13540,467,3,632.39,1,3,3,133,7,188,210.79666666666665,5.82845744680851,632.39,26,189,5.90625,0.375,United Kingdom
13541,427,2,785.25,1,2,3,123,6,143,392.625,5.108391608391608,785.25,10,279,27.9,0.0,United Kingdom
13542,377,17,4006.17,2,5,5,255,12,352,235.6570588235294,17.639914772727273,4006.17,98,815,2.4183976261127595,0.5667655786350149,United Kingdom
13543,634,2,1439.61,1,2,4,124,7,52,719.805,14.048076923076922,1439.61,37,329,7.0,0.0,United Kingdom
13544,40,6,829.0,4,4,3,443,11,605,138.16666666666666,3.6223140495867767,828.9999999999999,219,358,1.3875968992248062,0.2558139534883721,United Kingdom
13545,391,2,374.64,2,2,2,222,6,153,187.32,4.7745098039215685,374.63999999999993,54,257,4.508771929824562,1.0,United Kingdom
13546,12,5,1093.82,5,4,3,543,12,411,218.76399999999998,4.443430656934306,1093.82,95,589,3.849673202614379,0.24836601307189543,United Kingdom
13547,408,1,175.53,2,1,1,211,4,1,175.53,365.25,175.53,44,82,1.7446808510638299,0.0,United Kingdom
13548,96,3,910.67,3,3,3,333,9,375,303.5566666666667,2.922,910.67,169,565,3.021390374331551,0.6631016042780749,United Kingdom
13549,26,8,1005.8000000000001,4,4,3,443,11,361,125.72500000000001,8.094182825484765,1005.8000000000002,44,554,9.389830508474576,0.1864406779661017,United Kingdom
13550,383,1,349.51,2,1,2,212,5,1,349.51,365.25,349.51,40,454,10.318181818181818,1.0,United Kingdom
13551,319,2,244.2,2,2,1,221,5,346,122.1,2.111271676300578,244.20000000000002,5,36,7.2,0.0,United Kingdom
13552,66,22,6978.92,3,5,5,355,13,592,317.2236363636364,13.57347972972973,6978.920000000001,162,2654,12.759615384615385,0.0,United Kingdom
13553,675,1,517.8,1,1,2,112,4,1,517.8,365.25,517.8,85,206,2.1914893617021276,0.0,United Kingdom
13554,380,7,1638.28,2,4,4,244,10,66,234.04,38.73863636363636,1638.28,156,581,2.919597989949749,0.03015075376884422,United Kingdom
13555,74,13,8999.19,3,5,5,355,13,615,692.2453846153846,7.720731707317073,8999.19,264,4827,11.85995085995086,0.23587223587223588,United Kingdom
13556,429,2,200.82,1,2,1,121,4,6,100.41,121.75,200.82,8,134,14.88888888888889,0.0,United Kingdom
13557,28,13,3032.26,4,5,5,455,14,702,233.25076923076924,6.763888888888888,3032.2599999999998,126,2398,13.322222222222223,0.1,United Kingdom
13558,6,4,605.06,5,3,3,533,11,62,151.265,23.564516129032256,605.06,123,344,1.9657142857142857,0.7257142857142858,United Kingdom
13559,513,2,880.0,1,2,3,123,6,30,440.0,24.35,880.0,1,320,160.0,0.0,United Kingdom
13560,7,1,174.37,5,1,1,511,7,1,174.37,365.25,174.37,32,64,1.9393939393939394,0.0,United Kingdom
13561,216,11,1820.72,2,5,4,254,11,433,165.52,9.278868360277137,1820.72,131,1136,4.875536480686695,0.776824034334764,United Kingdom
13562,82,8,4838.18,3,4,5,345,12,612,604.7725,4.7745098039215685,4838.18,88,1603,8.178571428571429,0.0,United Kingdom
13563,84,2,563.53,3,2,2,322,7,55,281.765,13.281818181818183,563.53,49,209,4.26530612244898,0.0,United Kingdom
13564,144,37,16629.75,3,5,5,355,13,593,449.4527027027027,22.789629005059023,16629.75,484,9251,7.278520849724626,0.22816679779701024,United Kingdom
13565,19,3,414.8,5,3,2,532,10,391,138.26666666666668,2.8024296675191813,414.8,45,260,4.333333333333333,1.0,United Kingdom
13566,41,5,1708.1200000000001,4,4,4,444,12,598,341.624,3.053929765886288,1708.1200000000001,263,1266,3.3850267379679146,0.6684491978609626,United Kingdom
13567,428,4,1083.69,1,3,3,133,7,113,270.9225,12.929203539823009,1083.69,180,645,3.1773399014778323,0.0,United Kingdom
13568,173,1,192.85,3,1,1,311,5,1,192.85,365.25,192.85,41,70,1.5909090909090908,1.0,United Kingdom
13569,17,4,893.78,5,3,3,533,11,411,223.445,3.554744525547445,893.7799999999999,140,402,1.8785046728971964,0.0,United Kingdom
13570,243,1,239.49,2,1,1,211,4,1,239.49,365.25,239.49,27,161,5.962962962962963,1.0,United Kingdom
13571,13,26,4540.6900000000005,5,5,5,555,15,718,174.6419230769231,13.22632311977716,4540.6900000000005,263,3197,4.729289940828402,0.28254437869822485,United Kingdom
13572,206,1,1384.25,2,1,4,214,7,1,1384.25,365.25,1384.25,32,534,16.181818181818183,0.0,United Kingdom
13573,50,6,929.91,4,4,3,443,11,586,154.98499999999999,3.7397610921501707,929.9099999999999,73,660,7.415730337078652,0.0,United Kingdom
13574,411,1,421.25,1,1,2,112,4,1,421.25,365.25,421.25,84,316,3.0679611650485437,1.0,United Kingdom
13575,23,5,732.07,4,4,3,443,11,152,146.41400000000002,12.014802631578947,732.07,41,449,9.76086956521739,0.0,United Kingdom
13576,10,28,11554.380000000001,5,5,5,555,15,721,412.6564285714286,14.184466019417474,11554.38,145,4614,16.537634408602152,0.04659498207885305,United Kingdom
13577,25,11,3489.28,4,5,5,455,14,699,317.20727272727277,5.747854077253219,3489.28,102,1661,9.886904761904763,0.0,United Kingdom
13578,409,1,147.66,2,1,1,211,4,1,147.66,365.25,147.66,9,127,14.11111111111111,0.0,United Kingdom
13579,15,5,1539.04,5,4,4,544,13,644,307.808,2.8357919254658386,1539.0400000000002,72,764,8.488888888888889,0.2,United Kingdom
13580,406,1,85.8,2,1,1,211,4,1,85.8,365.25,85.8,5,45,9.0,0.0,United Kingdom
13581,309,2,280.53000000000003,2,2,1,221,5,104,140.26500000000001,7.024038461538461,280.53000000000003,32,119,3.606060606060606,0.0,United Kingdom
13582,390,2,241.68,2,2,1,221,5,227,120.84,3.2180616740088106,241.68,10,106,9.636363636363637,0.0,United Kingdom
13583,156,2,1445.22,3,2,4,324,9,523,722.61,1.3967495219885278,1445.22,93,1097,11.427083333333334,0.0,United Kingdom
13584,307,3,392.45,2,3,2,232,7,369,130.81666666666666,2.969512195121951,392.45,74,363,4.373493975903615,0.2891566265060241,United Kingdom
13585,531,3,684.54,1,3,3,133,7,207,228.17999999999998,5.293478260869565,684.5399999999998,29,1386,35.53846153846154,0.46153846153846156,United Kingdom
13586,541,1,131.53,1,1,1,111,3,1,131.53,365.25,131.53,20,39,1.8571428571428572,0.0,United Kingdom
13587,64,4,1590.1,3,3,4,334,10,599,397.525,2.4390651085141903,1590.1,27,664,22.133333333333333,0.3333333333333333,United Kingdom
13588,16,9,2480.15,5,5,4,554,14,239,275.57222222222225,13.75418410041841,2480.1500000000005,131,2606,14.977011494252874,0.0,United Kingdom
13589,15,6,1112.79,5,4,3,543,12,719,185.465,3.0479833101529903,1112.79,48,293,5.634615384615385,0.38461538461538464,United Kingdom
13590,11,18,6350.04,5,5,5,555,15,726,352.78,9.055785123966942,6350.039999999999,255,5276,12.86829268292683,0.2,United Kingdom
13591,65,7,2093.94,3,4,4,344,11,660,299.13428571428574,3.8738636363636365,2093.94,89,850,8.415841584158416,0.0,United Kingdom
13592,36,4,247.95999999999998,4,3,1,431,8,228,61.989999999999995,6.407894736842105,247.96,15,84,5.25,0.375,United Kingdom
13593,108,14,5517.84,3,5,5,355,13,538,394.13142857142856,9.504646840148698,5517.839999999999,212,2190,5.341463414634147,0.26097560975609757,United Kingdom
13594,53,2,535.57,4,2,2,422,8,432,267.785,1.6909722222222223,535.57,31,396,12.0,0.0,United Kingdom
13595,517,3,818.22,1,3,3,133,7,129,272.74,8.494186046511627,818.22,114,353,2.3223684210526314,0.2894736842105263,United Kingdom
13596,6,2,697.04,5,2,3,523,10,7,348.52,104.35714285714286,697.04,133,406,2.4457831325301207,1.0,United Kingdom
13597,400,2,396.71,2,2,2,222,6,2,198.355,365.25,396.71,17,231,13.588235294117647,0.0,United Kingdom
13598,47,5,789.59,4,4,3,443,11,604,157.918,3.023592715231788,789.59,78,401,4.05050505050505,0.8080808080808081,United Kingdom
13599,1,33,10076.18,5,5,5,555,15,737,305.3387878787879,16.3544776119403,10076.180000000002,235,6454,15.741463414634147,0.0,United Kingdom
13600,312,2,518.42,2,2,2,222,6,321,259.21,2.2757009345794392,518.42,35,599,14.609756097560975,0.0,United Kingdom
13601,45,4,1193.54,4,3,3,433,10,501,298.385,2.9161676646706587,1193.54,160,972,4.984615384615385,0.0,United Kingdom
13602,65,4,1025.17,3,3,3,333,9,495,256.2925,2.951515151515151,1025.17,49,538,9.275862068965518,0.0,United Kingdom
13603,26,1,164.34,4,1,1,411,6,1,164.34,365.25,164.34,27,164,6.074074074074074,1.0,United Kingdom
13604,659,1,717.62,1,1,3,113,5,1,717.62,365.25,717.62,21,242,11.523809523809524,0.0,United Kingdom
13605,387,2,522.67,2,2,2,222,6,184,261.335,3.9701086956521743,522.67,50,425,8.018867924528301,0.0,United Kingdom
13606,29,3,280.54,4,3,1,431,8,282,93.51333333333334,3.8856382978723403,280.54,40,279,6.488372093023256,0.8604651162790697,United Kingdom
13607,40,2,1078.31,4,2,3,423,9,362,539.155,2.0179558011049723,1078.31,110,468,3.8360655737704916,0.8032786885245902,United Kingdom
13608,541,1,236.2,1,1,1,111,3,1,236.2,365.25,236.20000000000002,31,113,3.138888888888889,0.0,United Kingdom
13609,593,1,158.6,1,1,1,111,3,1,158.6,365.25,158.6,7,19,2.7142857142857144,1.0,United Kingdom
13610,12,14,2165.03,5,5,4,554,14,691,154.645,7.4001447178002895,2165.03,309,909,2.1850961538461537,0.5432692307692307,United Kingdom
13611,89,10,3319.53,3,5,5,355,13,647,331.95300000000003,5.645285935085008,3319.53,170,2002,8.74235807860262,0.18340611353711792,United Kingdom
13612,633,1,818.29,1,1,3,113,5,1,818.29,365.25,818.29,50,444,8.88,0.0,United Kingdom
13613,453,5,1039.8500000000001,1,4,3,143,8,207,207.97000000000003,8.822463768115943,1039.8500000000001,50,445,7.5423728813559325,0.0,United Kingdom
13614,24,6,2359.47,4,4,4,444,12,527,393.24499999999995,4.158444022770399,2359.47,227,828,3.055350553505535,0.22509225092250923,United Kingdom
13615,319,8,5988.58,2,4,5,245,11,361,748.5725,8.094182825484765,5988.58,259,2910,7.929155313351498,0.0653950953678474,United Kingdom
13616,568,2,286.15,1,2,2,122,5,122,143.075,5.9877049180327875,286.15,31,175,4.72972972972973,0.5945945945945946,United Kingdom
13617,40,8,1278.75,4,4,4,444,12,454,159.84375,6.436123348017621,1278.75,48,593,5.542056074766355,0.5981308411214953,United Kingdom
13618,174,1,177.34,3,1,1,311,5,1,177.34,365.25,177.34,13,246,18.923076923076923,1.0,United Kingdom
13619,545,2,231.69,1,2,1,121,4,129,115.845,5.662790697674418,231.68999999999997,39,84,1.7142857142857142,0.5306122448979592,United Kingdom
13620,528,1,112.34,1,1,1,111,3,1,112.34,365.25,112.33999999999999,5,74,14.8,0.0,United Kingdom
13621,117,1,230.53,3,1,1,311,5,1,230.53,365.25,230.53,19,343,18.05263157894737,0.0,United Kingdom
13622,696,1,658.95,1,1,3,113,5,1,658.95,365.25,658.95,32,379,11.84375,0.0,United Kingdom
13623,31,10,2566.54,4,5,4,454,13,706,256.654,5.173512747875354,2566.54,211,1023,3.5034246575342465,0.03424657534246575,United Kingdom
13624,388,1,425.12,2,1,2,212,5,1,425.12,365.25,425.11999999999995,22,644,29.272727272727273,0.0,United Kingdom
13625,597,1,301.26,1,1,2,112,4,1,301.26,365.25,301.26,21,144,6.857142857142857,0.0,United Kingdom
13626,253,2,707.04,2,2,3,223,7,126,353.52,5.7976190476190474,707.04,44,398,9.045454545454545,0.0,United Kingdom
13627,59,7,2248.54,4,4,4,444,12,581,321.21999999999997,4.400602409638554,2248.54,118,1632,12.651162790697674,0.16279069767441862,United Kingdom
13628,676,1,310.14,1,1,2,112,4,1,310.14,365.25,310.14,16,106,6.625,0.0,United Kingdom
13629,23,19,13370.86,4,5,5,455,14,642,703.7294736842106,10.809579439252335,13370.86,28,7722,88.75862068965517,0.06896551724137931,United Kingdom
13630,5,7,2031.78,5,4,4,544,13,280,290.2542857142857,9.13125,2031.7799999999997,51,1391,19.591549295774648,0.323943661971831,United Kingdom
13631,100,11,3070.42,3,5,5,355,13,167,279.1290909090909,24.058383233532933,3070.4199999999996,6,467,42.45454545454545,0.09090909090909091,United Kingdom
13632,25,8,3646.25,4,4,5,445,13,586,455.78125,4.986348122866894,3646.2499999999995,166,1639,7.416289592760181,0.2986425339366516,United Kingdom
13634,33,16,5059.18,4,5,5,455,14,664,316.19875,8.801204819277109,5059.180000000001,269,2096,4.657777777777778,0.6733333333333333,United Kingdom
13635,68,4,2999.16,3,3,5,335,11,671,749.79,2.1773472429210132,2999.1599999999994,135,1884,11.62962962962963,0.0,United Kingdom
13636,37,5,950.8,4,4,3,443,11,248,190.16,7.36391129032258,950.8,57,592,9.396825396825397,0.1746031746031746,United Kingdom
13637,52,3,810.5,4,3,3,433,10,174,270.1666666666667,6.297413793103448,810.5000000000001,79,409,4.0495049504950495,0.2871287128712871,United Kingdom
13638,16,1,122.64,5,1,1,511,7,1,122.64,365.25,122.64,8,93,11.625,0.0,United Kingdom
13639,74,2,1346.27,3,2,4,324,9,362,673.135,2.0179558011049723,1346.2699999999998,49,997,16.89830508474576,0.0,United Kingdom
13640,611,1,405.0,1,1,2,112,4,1,405.0,365.25,405.0,4,108,27.0,0.0,United Kingdom
13641,641,5,962.53,1,4,3,143,8,93,192.506,19.637096774193548,962.53,41,1098,24.954545454545453,0.3409090909090909,United Kingdom
13642,216,4,514.72,2,3,2,232,7,217,128.68,6.732718894009217,514.72,93,253,2.219298245614035,1.0,United Kingdom
13643,31,10,2149.82,4,5,4,454,13,700,214.98200000000003,5.217857142857143,2149.82,71,902,8.843137254901961,0.0,United Kingdom
13644,16,4,2617.26,5,3,4,534,12,89,654.315,16.415730337078653,2617.26,144,2067,14.157534246575343,0.0,United Kingdom
13645,120,1,252.1,3,1,1,311,5,1,252.1,365.25,252.1,5,158,31.6,0.0,United Kingdom
13646,400,2,326.25,2,2,2,222,6,1,163.125,730.5,326.25,58,79,1.3620689655172413,0.0,United Kingdom
13647,10,8,3071.68,5,4,5,545,14,593,383.96,4.927487352445194,3071.68,98,1803,12.878571428571428,0.12142857142857143,United Kingdom
13648,400,8,1764.02,2,4,4,244,10,337,220.5025,8.670623145400594,1764.0199999999998,95,960,9.056603773584905,0.20754716981132076,United Kingdom
13649,257,6,1676.93,2,4,4,244,10,270,279.48833333333334,8.116666666666667,1676.93,97,863,6.849206349206349,0.3492063492063492,United Kingdom
13650,17,10,3288.0,5,5,5,555,15,666,328.8,5.4842342342342345,3288.0000000000005,127,1746,10.151162790697674,0.0,United Kingdom
13651,35,3,226.85,4,3,1,431,8,346,75.61666666666666,3.166907514450867,226.84999999999997,14,62,4.428571428571429,0.0,United Kingdom
13652,46,5,2570.85,4,4,4,444,12,606,514.17,3.0136138613861387,2570.85,116,1570,9.874213836477987,0.0,United Kingdom
13653,488,1,152.2,1,1,1,111,3,1,152.2,365.25,152.2,9,72,8.0,0.0,United Kingdom
13654,43,11,6345.2,4,5,5,455,14,694,576.8363636363637,5.789265129682997,6345.200000000001,262,4762,14.474164133738602,0.44072948328267475,United Kingdom
13655,114,6,2280.51,3,4,4,344,11,477,380.08500000000004,4.59433962264151,2280.51,103,1225,10.294117647058824,0.0,United Kingdom
13656,165,4,1089.25,3,3,3,333,9,430,272.3125,3.397674418604651,1089.25,81,862,9.908045977011493,0.0,United Kingdom
13657,11,2,382.14,5,2,2,522,9,190,191.07,3.8447368421052635,382.14,16,209,13.0625,0.5625,United Kingdom
13658,10,9,5930.5,5,5,5,555,15,662,658.9444444444445,4.965634441087613,5930.5,164,2171,9.160337552742616,0.0759493670886076,United Kingdom
13659,206,12,4774.08,2,5,5,255,12,455,397.84,9.632967032967032,4774.08,224,2539,9.232727272727272,0.22545454545454546,United Kingdom
13660,400,1,314.59,2,1,2,212,5,1,314.59,365.25,314.59,39,137,3.341463414634146,0.0,United Kingdom
13661,603,1,325.24,1,1,2,112,4,1,325.24,365.25,325.24,17,118,6.9411764705882355,0.0,United Kingdom
13662,86,11,2250.11,3,5,4,354,12,572,204.55545454545455,7.024038461538462,2250.11,126,1179,8.605839416058394,0.0,United Kingdom
13663,179,5,2047.51,3,4,4,344,11,467,409.502,3.9105995717344757,2047.5100000000002,87,893,9.02020202020202,0.12121212121212122,United Kingdom
13665,386,3,1720.78,2,3,4,234,9,117,573.5933333333334,9.365384615384617,1720.7800000000004,97,1652,15.584905660377359,0.0,United Kingdom
13666,60,5,127.9,3,4,1,341,8,675,25.580000000000002,2.7055555555555553,127.9,19,54,2.8421052631578947,0.0,United Kingdom
13667,149,1,305.02,3,1,2,312,6,1,305.02,365.25,305.02,82,154,1.7701149425287357,0.0,United Kingdom
13668,3,35,13054.94,5,5,5,555,15,725,372.9982857142857,17.632758620689657,13054.94,411,6033,7.835064935064935,0.3025974025974026,United Kingdom
13669,51,3,423.95,4,3,2,432,9,356,141.31666666666666,3.077949438202247,423.95,13,393,28.071428571428573,0.0,United Kingdom
13670,75,1,349.7,3,1,2,312,6,1,349.7,365.25,349.7,25,282,11.28,1.0,United Kingdom
13671,395,1,194.95,2,1,1,211,4,1,194.95,365.25,194.95000000000002,61,107,1.4078947368421053,0.0,United Kingdom
13672,301,3,419.92,2,3,2,232,7,429,139.97333333333333,2.554195804195804,419.92,13,138,7.666666666666667,0.0,United Kingdom
13673,19,2,384.97,5,2,2,522,9,13,192.485,56.192307692307686,384.96999999999997,47,119,1.8307692307692307,0.0,United Kingdom
13674,433,1,240.68,1,1,1,111,3,1,240.68,365.25,240.67999999999998,14,102,7.285714285714286,1.0,United Kingdom
13675,151,2,486.82000000000005,3,2,2,322,7,133,243.41000000000003,5.492481203007519,486.82000000000005,25,330,13.2,0.0,United Kingdom
13676,539,2,243.9,1,2,1,121,4,80,121.95,9.13125,243.9,13,104,8.0,0.0,United Kingdom
13677,405,2,556.64,2,2,2,222,6,115,278.32,6.352173913043479,556.64,98,218,2.0373831775700935,0.42990654205607476,United Kingdom
13678,152,1,263.72,3,1,1,311,5,1,263.72,365.25,263.72,16,908,56.75,0.0,United Kingdom
13679,494,3,281.26,1,3,2,132,6,241,93.75333333333333,4.546680497925311,281.26,44,102,2.04,0.0,United Kingdom
13680,1,12,11435.67,5,5,5,555,15,733,952.9725,5.979536152796726,11435.67,354,5252,8.05521472392638,0.0,United Kingdom
13681,18,4,827.83,5,3,3,533,11,137,206.9575,10.664233576642335,827.83,37,360,6.315789473684211,0.5964912280701754,United Kingdom
13682,187,1,59.5,3,1,1,311,5,1,59.5,365.25,59.5,3,10,3.3333333333333335,1.0,United Kingdom
13683,458,1,258.6,1,1,1,111,3,1,258.6,365.25,258.6,10,180,18.0,0.0,United Kingdom
13684,286,4,596.98,2,3,2,232,7,335,149.245,4.361194029850746,596.98,81,235,2.1559633027522938,0.908256880733945,United Kingdom
13685,3,7,1302.92,5,4,4,544,13,57,186.1314285714286,44.85526315789473,1302.92,29,2228,57.12820512820513,0.0,United Kingdom
13686,183,3,409.04,3,3,2,332,8,218,136.34666666666666,5.026376146788991,409.04,27,378,11.117647058823529,0.0,United Kingdom
13687,438,1,1871.52,1,1,4,114,6,1,1871.52,365.25,1871.5200000000002,45,8808,195.73333333333332,0.0,United Kingdom
13688,635,1,375.5,1,1,2,112,4,1,375.5,365.25,375.5,5,130,26.0,1.0,United Kingdom
13689,63,2,1259.5,3,2,4,324,9,381,629.75,1.9173228346456694,1259.5,6,722,80.22222222222223,0.0,United Kingdom
13690,59,1,172.25,4,1,1,411,6,1,172.25,365.25,172.25,9,67,7.444444444444445,0.0,United Kingdom
13691,396,1,212.78,2,1,1,211,4,1,212.78,365.25,212.78,54,145,2.685185185185185,0.0,United Kingdom
13692,25,5,3096.45,4,4,5,445,13,395,619.29,4.6234177215189876,3096.4499999999994,83,2101,21.885416666666668,0.3229166666666667,United Kingdom
13693,374,9,2011.8200000000002,2,5,4,254,11,358,223.53555555555556,9.182262569832401,2011.8199999999997,78,880,8.30188679245283,0.29245283018867924,United Kingdom
13694,4,143,182693.04,5,5,5,555,15,731,1277.5737062937064,71.45109439124487,182693.04,896,153469,100.63540983606558,0.026885245901639345,United Kingdom
13695,31,16,2770.73,4,5,4,454,13,546,173.170625,10.703296703296704,2770.73,47,1791,18.65625,0.052083333333333336,United Kingdom
13696,422,3,2020.4,1,3,4,134,8,244,673.4666666666667,4.490778688524591,2020.4000000000003,24,552,23.0,0.0,United Kingdom
13697,39,1,151.3,4,1,1,411,6,1,151.3,365.25,151.3,12,177,14.75,0.0,United Kingdom
13698,597,2,421.63,1,2,2,122,5,85,210.815,8.594117647058823,421.62999999999994,31,231,5.775,0.0,United Kingdom
13699,155,2,764.15,3,2,3,323,8,395,382.075,1.849367088607595,764.1499999999999,33,219,5.918918918918919,0.0,United Kingdom
13700,26,13,2613.46,4,5,4,454,13,644,201.03538461538463,7.3730590062111805,2613.4600000000005,163,2809,11.559670781893004,0.3292181069958848,United Kingdom
13701,447,1,161.0,1,1,1,111,3,1,161.0,365.25,161.0,9,80,8.88888888888889,1.0,United Kingdom
13702,446,1,135.18,1,1,1,111,3,1,135.18,365.25,135.18,5,74,14.8,0.0,United Kingdom
13703,318,2,425.56,2,2,2,222,6,96,212.78,7.609375,425.56,36,128,3.4594594594594597,0.0,United Kingdom
13704,5,9,2311.42,5,5,4,554,14,83,256.82444444444445,39.605421686746986,2311.42,111,1531,11.425373134328359,0.08208955223880597,United Kingdom
13705,8,7,1741.33,5,4,4,544,13,616,248.76142857142855,4.150568181818182,1741.33,55,1009,12.011904761904763,0.0,United Kingdom
13706,303,2,626.32,2,2,3,223,7,324,313.16,2.2546296296296293,626.32,38,301,7.921052631578948,0.0,United Kingdom
13707,267,5,3347.91,2,4,5,245,11,269,669.582,6.7890334572490705,3347.9100000000003,142,2210,14.258064516129032,0.0,United Kingdom
13708,271,1,296.88,2,1,2,212,5,1,296.88,365.25,296.88,49,306,6.0,1.0,United Kingdom
13709,4,18,7570.75,5,5,5,555,15,693,420.59722222222223,9.487012987012987,7570.75,296,4130,10.122549019607844,0.0661764705882353,United Kingdom
13710,32,3,509.52,4,3,2,432,9,580,169.84,1.8892241379310346,509.52000000000004,13,336,22.4,0.0,United Kingdom
13711,219,9,1792.26,2,5,4,254,11,505,199.14,6.50940594059406,1792.26,80,819,8.902173913043478,0.043478260869565216,United Kingdom
13712,247,2,747.94,2,2,3,223,7,364,373.97,2.006868131868132,747.9400000000002,32,1040,31.515151515151516,0.0,United Kingdom
13713,408,3,735.46,2,3,3,233,8,174,245.15333333333334,6.297413793103448,735.46,70,286,3.4878048780487805,0.0,United Kingdom
13714,465,1,161.35,1,1,1,111,3,1,161.35,365.25,161.35,30,50,1.6666666666666667,0.0,United Kingdom
13715,281,17,8483.29,2,5,5,255,12,357,499.01705882352945,17.392857142857142,8483.29,277,4934,9.239700374531836,0.14606741573033707,United Kingdom
13716,269,1,138.28,2,1,1,211,4,1,138.28,365.25,138.28,21,138,6.571428571428571,0.0,United Kingdom
13717,32,8,1779.98,4,4,4,444,12,453,222.4975,6.450331125827815,1779.9800000000002,110,2144,17.29032258064516,0.0,United Kingdom
13718,246,2,315.55,2,2,2,222,6,49,157.775,14.908163265306122,315.55,9,173,14.416666666666666,0.0,United Kingdom
13719,15,11,2801.3,5,5,4,554,14,556,254.66363636363639,7.226169064748201,2801.3,194,1599,6.370517928286852,0.10756972111553785,United Kingdom
13720,117,4,799.9,3,3,3,333,9,138,199.975,10.58695652173913,799.9000000000001,42,501,11.651162790697674,0.0,United Kingdom
13721,36,2,741.54,4,2,3,423,9,358,370.77,2.0405027932960893,741.54,41,512,12.19047619047619,0.0,United Kingdom
13722,132,10,5616.93,3,5,5,355,13,514,561.693,7.10603112840467,5616.929999999999,137,2971,15.71957671957672,0.20634920634920634,United Kingdom
13723,217,6,1209.2,2,4,4,244,10,394,201.53333333333333,5.562182741116752,1209.2,51,629,10.661016949152541,0.0,United Kingdom
13724,637,1,213.01,1,1,1,111,3,1,213.01,365.25,213.01,39,130,3.0952380952380953,0.0,United Kingdom
13725,50,8,1980.56,4,4,4,444,12,258,247.57,11.325581395348836,1980.5599999999997,95,806,7.75,0.10576923076923077,United Kingdom
13726,39,2,1086.3799999999999,4,2,3,423,9,61,543.1899999999999,11.975409836065575,1086.3799999999999,39,1054,25.095238095238095,0.0,United Kingdom
13727,29,8,974.25,4,4,3,443,11,701,121.78125,4.168330955777461,974.25,74,370,4.404761904761905,0.16666666666666666,United Kingdom
13728,37,16,2855.17,4,5,4,454,13,693,178.448125,8.432900432900434,2855.1700000000005,75,1269,7.737804878048781,0.0,United Kingdom
13729,436,3,724.73,1,3,3,133,7,248,241.57666666666668,4.418346774193548,724.73,36,419,10.743589743589743,0.5128205128205128,United Kingdom
13730,136,2,752.6,3,2,3,323,8,25,376.3,29.220000000000002,752.6,38,488,11.348837209302326,0.0,United Kingdom
13731,219,2,610.59,2,2,3,223,7,27,305.295,27.055555555555557,610.59,36,278,7.315789473684211,0.0,United Kingdom
13732,28,1,491.86,4,1,2,412,7,1,491.86,365.25,491.85999999999996,33,498,15.090909090909092,0.0,United Kingdom
13733,411,2,487.03000000000003,1,2,2,122,5,324,243.51500000000001,2.2546296296296293,487.03000000000003,28,335,11.551724137931034,0.0,United Kingdom
13734,509,4,3515.04,1,3,5,135,9,94,878.76,15.542553191489361,3515.0400000000004,24,303,10.821428571428571,0.0,United Kingdom
13735,25,13,9813.22,4,5,5,455,14,701,754.8630769230768,6.773537803138374,9813.22,362,4158,6.338414634146342,0.12652439024390244,United Kingdom
13736,5,7,2767.05,5,4,4,544,13,728,395.29285714285714,3.512019230769231,2767.05,325,1552,2.786355475763016,0.7127468581687613,United Kingdom
13737,200,1,339.6,2,1,2,212,5,1,339.6,365.25,339.6,29,125,4.166666666666667,0.0,United Kingdom
13738,396,1,440.93,2,1,2,212,5,1,440.93,365.25,440.93,88,240,2.608695652173913,0.0,United Kingdom
13739,18,2,292.2,5,2,2,522,9,509,146.1,1.4351669941060903,292.2,6,76,12.666666666666666,0.0,United Kingdom
13740,241,5,1597.77,2,4,4,244,10,496,319.554,3.68195564516129,1597.7699999999998,83,991,10.43157894736842,0.0,United Kingdom
13741,72,3,668.4300000000001,3,3,3,333,9,145,222.81000000000003,7.556896551724138,668.4300000000002,34,218,6.411764705882353,0.0,United Kingdom
13742,17,12,3131.02,5,5,5,555,15,303,260.91833333333335,14.465346534653467,3131.0200000000004,200,1124,3.501557632398754,0.5825545171339563,United Kingdom
13743,3,7,1341.6,5,4,4,544,13,256,191.65714285714284,9.9873046875,1341.6,8,1776,43.31707317073171,0.0,United Kingdom
13744,95,2,1156.36,3,2,3,323,8,197,578.18,3.708121827411168,1156.36,54,1249,17.34722222222222,0.7361111111111112,United Kingdom
13745,162,2,777.36,3,2,3,323,8,383,388.68,1.9073107049608353,777.36,46,1146,20.464285714285715,0.0,United Kingdom
13746,414,1,176.69,1,1,1,111,3,1,176.69,365.25,176.69,9,83,9.222222222222221,0.0,United Kingdom
13747,374,2,249.39999999999998,2,2,1,221,5,51,124.69999999999999,14.323529411764707,249.39999999999995,4,68,11.333333333333334,0.0,United Kingdom
13748,96,9,2268.35,3,5,4,354,12,642,252.0388888888889,5.1203271028037385,2268.3500000000004,40,1108,18.779661016949152,0.0,United Kingdom
13750,54,11,3602.18,4,5,5,455,14,563,327.47090909090906,7.136323268206039,3602.1799999999994,51,1370,18.266666666666666,0.2,United Kingdom
13751,288,1,296.25,2,1,2,212,5,1,296.25,365.25,296.25,9,152,16.88888888888889,0.0,United Kingdom
13752,124,7,1578.73,3,4,4,344,11,403,225.53285714285715,6.344292803970223,1578.73,75,1007,10.6,0.37894736842105264,United Kingdom
13753,288,4,2094.57,2,3,4,234,9,449,523.6425,3.2538975501113585,2094.57,64,1450,18.125,0.0,United Kingdom
13754,152,3,447.05,3,3,2,332,8,285,149.01666666666668,3.844736842105263,447.05000000000007,16,315,15.0,0.0,United Kingdom
13755,4,9,2155.03,5,5,4,554,14,59,239.4477777777778,55.71610169491525,2155.0299999999997,232,1264,3.695906432748538,0.0,United Kingdom
13756,2,23,9179.550000000001,5,5,5,555,15,722,399.11086956521746,11.635387811634349,9179.550000000003,142,5441,15.635057471264368,0.0,United Kingdom
13757,675,1,195.55,1,1,1,111,3,1,195.55,365.25,195.54999999999998,8,54,6.75,0.0,United Kingdom
13758,12,15,9313.66,5,5,5,555,15,727,620.9106666666667,7.536107290233838,9313.66,213,4980,16.116504854368934,0.255663430420712,United Kingdom
13759,33,2,659.4100000000001,4,2,3,423,9,37,329.70500000000004,19.743243243243242,659.4100000000001,24,287,11.48,0.04,United Kingdom
13760,54,5,1363.6399999999999,4,4,4,444,12,539,272.72799999999995,3.3882189239332097,1363.6399999999999,95,623,5.235294117647059,0.6554621848739496,United Kingdom
13761,50,6,1952.17,4,4,4,444,12,606,325.3616666666667,3.6163366336633667,1952.1700000000003,118,1079,8.844262295081966,0.3442622950819672,United Kingdom
13762,219,5,2432.16,2,4,4,244,10,479,486.43199999999996,3.8126304801670146,2432.16,23,2496,71.31428571428572,0.5428571428571428,United Kingdom
13763,63,3,5217.44,3,3,5,335,11,371,1739.1466666666665,2.9535040431266846,5217.44,50,3224,64.48,0.0,United Kingdom
13764,71,6,2954.1,3,4,5,345,12,571,492.34999999999997,3.8380035026269703,2954.1,295,2099,5.582446808510638,0.26595744680851063,United Kingdom
13765,653,1,349.11,1,1,2,112,4,1,349.11,365.25,349.11,17,297,17.470588235294116,0.0,United Kingdom
13766,495,1,190.35,1,1,1,111,3,1,190.35,365.25,190.35,16,137,8.058823529411764,1.0,United Kingdom
13767,2,73,35377.73,5,5,5,555,15,736,484.62643835616444,36.22724184782609,35377.73000000001,117,15147,19.052830188679245,0.1371069182389937,United Kingdom
13768,727,2,875.97,1,2,3,123,6,4,437.985,182.625,875.9699999999999,30,373,11.303030303030303,0.3333333333333333,United Kingdom
13769,2,20,5800.42,5,5,5,555,15,721,290.021,10.131761442441054,5800.42,121,2574,9.031578947368422,0.0,United Kingdom
13770,422,4,773.4200000000001,1,3,3,133,7,308,193.35500000000002,4.7435064935064934,773.4200000000001,48,468,9.75,0.0,United Kingdom
13771,64,9,5728.82,3,5,5,355,13,588,636.5355555555556,5.590561224489796,5728.820000000001,182,3140,14.537037037037036,0.0,United Kingdom
13772,34,8,3026.47,4,4,5,445,13,620,378.30875,4.712903225806452,3026.47,394,1456,2.5321739130434784,0.24521739130434783,United Kingdom
13773,397,2,301.54,2,2,2,222,6,263,150.77,2.7775665399239546,301.54,19,174,9.157894736842104,0.0,United Kingdom
13774,82,1,345.0,3,1,2,312,6,1,345.0,365.25,345.0,22,192,8.727272727272727,0.0,United Kingdom
13775,591,1,1049.66,1,1,3,113,5,1,1049.66,365.25,1049.66,63,455,7.222222222222222,0.0,United Kingdom
13776,428,2,36.0,1,2,1,121,4,1,18.0,730.5,36.0,1,2,1.0,0.0,United Kingdom
13777,1,61,51097.5,5,5,5,555,15,737,837.6639344262295,30.231004070556313,51097.5,44,24438,62.50127877237852,0.0792838874680307,United Kingdom
13778,103,4,1124.49,3,3,3,333,9,462,281.1225,3.162337662337662,1124.49,33,511,11.613636363636363,0.7045454545454546,United Kingdom
13779,516,1,161.13,1,1,1,111,3,1,161.13,365.25,161.13,27,53,1.962962962962963,0.0,United Kingdom
13780,7,3,735.82,5,3,3,533,11,399,245.27333333333334,2.7462406015037595,735.82,90,481,4.81,0.0,United Kingdom
13781,251,3,778.83,2,3,3,233,8,470,259.61,2.331382978723404,778.83,56,300,5.2631578947368425,0.2982456140350877,United Kingdom
13782,13,13,1792.77,5,5,4,554,14,720,137.9053846153846,6.594791666666667,1792.7699999999998,187,649,2.6598360655737703,0.9631147540983607,United Kingdom
13783,488,4,1060.84,1,3,3,133,7,185,265.21,7.897297297297297,1060.84,4,1828,182.8,0.0,United Kingdom
13784,10,14,2659.67,5,5,4,554,14,440,189.97642857142858,11.62159090909091,2659.6700000000005,13,2131,49.55813953488372,0.046511627906976744,United Kingdom
13785,429,4,542.49,1,3,2,132,6,31,135.6225,47.12903225806451,542.49,26,151,5.033333333333333,0.16666666666666666,United Kingdom
13786,367,6,3358.94,2,4,5,245,11,368,559.8233333333334,5.955163043478262,3358.9400000000005,80,1652,13.32258064516129,0.5645161290322581,United Kingdom
13787,76,6,1221.55,3,4,4,344,11,619,203.59166666666667,3.540387722132472,1221.5500000000002,71,998,11.604651162790697,0.27906976744186046,United Kingdom
13788,505,1,3.75,1,1,1,111,3,1,3.75,365.25,3.75,1,1,1.0,0.0,United Kingdom
13789,388,1,239.46,2,1,1,211,4,1,239.46,365.25,239.46,18,258,14.333333333333334,0.0,United Kingdom
13790,4,1,348.79999999999995,5,1,2,512,8,1,348.79999999999995,365.25,348.79999999999995,45,748,16.622222222222224,0.0,United Kingdom
13791,128,2,1516.0,3,2,4,324,9,40,758.0,18.2625,1516.0,7,1200,109.0909090909091,0.0,United Kingdom
13792,66,3,383.95,3,3,2,332,8,356,127.98333333333333,3.077949438202247,383.95,23,156,6.782608695652174,0.0,United Kingdom
13793,647,1,96.0,1,1,1,111,3,1,96.0,365.25,96.0,7,52,7.428571428571429,0.0,United Kingdom
13794,547,1,126.03,1,1,1,111,3,1,126.03,365.25,126.02999999999999,9,63,7.0,0.0,United Kingdom
13795,388,4,802.7,2,3,3,233,8,249,200.675,5.867469879518072,802.7,23,1170,40.3448275862069,0.3103448275862069,United Kingdom
13796,499,1,289.7,1,1,2,112,4,1,289.7,365.25,289.7,22,218,9.909090909090908,0.0,United Kingdom
13797,437,3,1179.45,1,3,3,133,7,210,393.15000000000003,5.217857142857143,1179.45,71,573,7.346153846153846,0.0,United Kingdom
13798,1,110,75355.63,5,5,5,555,15,729,685.0511818181818,55.11316872427983,75355.62999999999,168,47457,65.72991689750693,0.26177285318559557,United Kingdom
13799,117,9,2803.57,3,5,4,354,12,527,311.5077777777778,6.237666034155598,2803.57,64,1539,14.518867924528301,0.04716981132075472,United Kingdom
13800,310,3,1679.56,2,3,4,234,9,427,559.8533333333334,2.5661592505854802,1679.56,73,891,12.205479452054794,0.0,United Kingdom
13801,67,1,324.8,3,1,2,312,6,1,324.8,365.25,324.8,23,168,7.304347826086956,0.0,United Kingdom
13802,139,19,26196.11,3,5,5,355,13,523,1378.7426315789473,13.269120458891013,26196.109999999997,212,13979,31.203125,0.18080357142857142,United Kingdom
13803,255,3,1338.91,2,3,4,234,9,363,446.30333333333334,3.0185950413223144,1338.91,73,831,10.653846153846153,0.0,United Kingdom
13804,31,9,3208.52,4,5,5,455,14,406,356.5022222222222,8.09667487684729,3208.5199999999995,149,1833,10.846153846153847,0.0650887573964497,United Kingdom
13805,52,2,900.68,4,2,3,423,9,76,450.34,9.611842105263158,900.68,10,1812,139.3846153846154,0.0,United Kingdom
13806,64,1,256.38,3,1,1,311,5,1,256.38,365.25,256.38,10,56,5.6,0.0,United Kingdom
13807,367,3,532.9,2,3,2,232,7,368,177.63333333333333,2.977581521739131,532.9,24,152,4.75,0.0,United Kingdom
13808,6,5,1723.76,5,4,4,544,13,91,344.752,20.068681318681318,1723.76,70,782,10.289473684210526,0.5263157894736842,United Kingdom
13809,305,3,679.6999999999999,2,3,3,233,8,155,226.56666666666663,7.069354838709677,679.6999999999998,23,281,11.24,0.36,Cyprus
13810,29,3,917.51,4,3,3,433,10,27,305.83666666666664,40.583333333333336,917.51,32,312,8.914285714285715,0.0,Germany
13811,184,3,609.75,3,3,3,333,9,55,203.25,19.922727272727272,609.75,7,68,5.230769230769231,0.0,Germany
13812,42,3,539.0,4,3,2,432,9,63,179.66666666666666,17.392857142857142,539.0,33,333,9.25,0.0,Germany
13813,40,8,2765.4700000000003,4,4,4,444,12,694,345.68375000000003,4.210374639769452,2765.4700000000003,84,1292,9.034965034965035,0.1958041958041958,Germany
13814,92,3,2257.32,3,3,4,334,10,434,752.44,2.5247695852534564,2257.32,56,1214,15.367088607594937,0.0,Germany
13815,22,8,7238.42,4,4,5,445,13,643,904.8025,4.544323483670295,7238.42,203,5029,14.126404494382022,0.0,Germany
13816,24,2,549.72,4,2,2,422,8,40,274.86,18.2625,549.72,25,269,9.607142857142858,0.0,Germany
13817,29,2,382.98,4,2,2,422,8,322,191.49,2.268633540372671,382.98,20,211,8.791666666666666,0.0,Germany
13818,430,1,61.28,1,1,1,111,3,1,61.28,365.25,61.28,5,60,12.0,0.0,United Kingdom
13819,302,6,2642.35,2,4,4,244,10,436,440.39166666666665,5.026376146788991,2642.3500000000004,47,2309,22.861386138613863,0.0,United Kingdom
13820,418,3,660.65,1,3,3,133,7,262,220.21666666666667,4.182251908396947,660.6500000000001,68,287,3.188888888888889,0.5444444444444444,United Kingdom
13821,145,6,1384.88,3,4,4,344,11,559,230.81333333333336,3.920393559928444,1384.88,158,483,2.311004784688995,0.0,United Kingdom
13822,6,2,647.84,5,2,3,523,10,34,323.92,21.485294117647058,647.84,90,611,6.364583333333333,1.0,United Kingdom
13823,19,7,3321.65,5,4,5,545,14,705,474.5214285714286,3.626595744680851,3321.65,108,1564,9.595092024539877,0.0,United Kingdom
13824,33,12,3314.76,4,5,5,455,14,604,276.23,7.256622516556291,3314.76,59,1442,14.42,0.05,United Kingdom
13825,622,2,255.59,1,2,1,121,4,108,127.795,6.763888888888889,255.59,38,182,4.55,0.45,United Kingdom
13826,176,1,189.5,3,1,1,311,5,1,189.5,365.25,189.5,10,82,8.2,0.0,United Kingdom
13827,58,3,412.05,4,3,2,432,9,85,137.35,12.891176470588237,412.05,83,141,1.5161290322580645,0.0,United Kingdom
13828,22,1,209.49,4,1,1,411,6,1,209.49,365.25,209.49,15,311,20.733333333333334,0.0,United Kingdom
13829,421,1,102.0,1,1,1,111,3,1,102.0,365.25,102.0,1,12,12.0,0.0,United Kingdom
13830,582,1,155.9,1,1,1,111,3,1,155.9,365.25,155.9,11,47,4.2727272727272725,0.0,United Kingdom
13831,16,18,7023.58,5,5,5,555,15,713,390.19888888888886,9.220897615708274,7023.579999999998,121,2557,13.67379679144385,0.19786096256684493,United Kingdom
13832,19,2,613.6899999999999,5,2,3,523,10,403,306.84499999999997,1.812655086848635,613.6899999999999,54,422,7.4035087719298245,0.05263157894736842,United Kingdom
13833,159,2,701.36,3,2,3,323,8,244,350.68,2.9938524590163937,701.36,43,244,5.4222222222222225,1.0,United Kingdom
13834,577,2,324.19,1,2,2,122,5,92,162.095,7.940217391304349,324.19,15,221,13.8125,0.0,United Kingdom
13835,25,7,1095.27,4,4,3,443,11,620,156.46714285714285,4.123790322580645,1095.2699999999998,60,520,7.323943661971831,0.29577464788732394,United Kingdom
13836,399,2,620.37,2,2,3,223,7,15,310.185,48.7,620.37,29,273,8.806451612903226,0.0,United Kingdom
13837,212,2,271.24,2,2,1,221,5,105,135.62,6.957142857142857,271.24,17,183,9.631578947368421,0.0,United Kingdom
13838,6,10,1966.09,5,5,4,554,14,573,196.60899999999998,6.37434554973822,1966.09,328,794,1.6822033898305084,1.0,United Kingdom
13839,486,1,139.95000000000002,1,1,1,111,3,1,139.95000000000002,365.25,139.95000000000002,7,25,3.5714285714285716,0.0,United Kingdom
13840,416,1,651.4,1,1,3,113,5,1,651.4,365.25,651.4,40,358,8.95,0.0,United Kingdom
13841,253,1,85.0,2,1,1,211,4,1,85.0,365.25,85.0,1,100,100.0,0.0,United Kingdom
13842,59,18,5617.11,4,5,5,455,14,602,312.06166666666667,10.92109634551495,5617.11,214,2879,8.109859154929577,0.059154929577464786,United Kingdom
13843,381,1,319.75,2,1,2,212,5,1,319.75,365.25,319.75,18,145,8.055555555555555,0.0,United Kingdom
13844,11,1,361.62,5,1,2,512,8,1,361.62,365.25,361.61999999999995,20,196,9.8,0.0,United Kingdom
13845,65,1,312.98,3,1,2,312,6,1,312.98,365.25,312.98,9,182,20.22222222222222,0.0,United Kingdom
13846,25,4,1307.79,4,3,4,434,11,375,326.9475,3.8960000000000004,1307.79,81,705,8.703703703703704,0.0,United Kingdom
13847,720,1,310.72,1,1,2,112,4,1,310.72,365.25,310.72,19,96,5.052631578947368,1.0,United Kingdom
13848,92,8,711.0,3,4,3,343,10,637,88.875,4.58712715855573,711.0,3,2000,181.8181818181818,0.09090909090909091,United Kingdom
13849,52,5,3470.98,4,4,5,445,13,572,694.196,3.1927447552447554,3470.98,189,1883,8.559090909090909,0.13636363636363635,United Kingdom
13850,129,1,1595.48,3,1,4,314,8,1,1595.48,365.25,1595.4799999999998,93,944,10.150537634408602,0.0,United Kingdom
13851,96,8,4088.46,3,4,5,345,12,584,511.0575,5.0034246575342465,4088.46,111,2245,16.035714285714285,0.0,United Kingdom
13852,611,1,187.35000000000002,1,1,1,111,3,1,187.35000000000002,365.25,187.35000000000002,11,85,7.7272727272727275,0.0,United Kingdom
13853,57,1,1090.1399999999999,4,1,3,413,8,1,1090.1399999999999,365.25,1090.1399999999999,23,312,13.565217391304348,0.0,United Kingdom
13854,9,39,12253.96,5,5,5,555,15,691,314.2041025641025,20.614688856729376,12253.959999999997,61,3710,20.497237569060772,0.08287292817679558,United Kingdom
13855,501,4,1310.3400000000001,1,3,4,134,8,230,327.58500000000004,6.352173913043479,1310.3400000000001,64,575,7.876712328767123,0.0,United Kingdom
13856,169,11,1142.03,3,5,3,353,11,450,103.82090909090908,8.928333333333333,1142.03,33,1105,20.462962962962962,0.1111111111111111,United Kingdom
13857,393,6,999.15,2,4,3,243,9,177,166.525,12.38135593220339,999.1500000000001,99,782,6.109375,0.2109375,United Kingdom
13858,57,1,216.17000000000002,4,1,1,411,6,1,216.17000000000002,365.25,216.17,11,75,6.818181818181818,0.0,United Kingdom
13859,326,2,515.86,2,2,2,222,6,203,257.93,3.5985221674876846,515.86,34,167,4.638888888888889,0.0,United Kingdom
13860,1,5,1245.9,5,4,4,544,13,85,249.18,21.48529411764706,1245.9,58,591,7.776315789473684,0.0,United Kingdom
13861,429,2,273.26,1,2,1,121,4,101,136.63,7.232673267326732,273.26,21,225,10.714285714285714,0.47619047619047616,United Kingdom
13862,18,9,2556.09,5,5,4,554,14,371,284.01,8.860512129380053,2556.09,113,1927,12.04375,0.125,United Kingdom
13863,248,4,1239.55,2,3,4,234,9,345,309.8875,4.234782608695652,1239.55,59,553,7.9,0.2571428571428571,United Kingdom
13864,387,1,662.4000000000001,2,1,3,213,6,1,662.4000000000001,365.25,662.4000000000001,1,192,192.0,0.0,United Kingdom
13865,58,4,501.56,4,3,2,432,9,231,125.39,6.324675324675324,501.56,26,204,6.8,0.0,United Kingdom
13866,74,1,145.67,3,1,1,311,5,1,145.67,365.25,145.67,7,57,8.142857142857142,0.0,United Kingdom
13867,31,3,1015.29,4,3,3,433,10,186,338.43,5.891129032258065,1015.2900000000001,51,513,8.40983606557377,0.0,United Kingdom
13868,7,2,867.22,5,2,3,523,10,31,433.61,23.564516129032256,867.2199999999999,32,664,20.12121212121212,0.0,United Kingdom
13869,123,10,8107.67,3,5,5,355,13,567,810.767,6.441798941798942,8107.670000000001,502,4358,5.067441860465117,0.3767441860465116,United Kingdom
13870,2,15,5712.08,5,5,5,555,15,667,380.80533333333335,8.214017991004498,5712.08,159,3449,14.311203319502075,0.0954356846473029,United Kingdom
13871,23,17,7885.85,4,5,5,455,14,696,463.8735294117647,8.921336206896552,7885.849999999999,183,3502,8.711442786069652,0.10696517412935323,United Kingdom
13872,527,3,918.62,1,3,3,133,7,198,306.20666666666665,5.534090909090908,918.6199999999999,51,339,5.947368421052632,0.0,United Kingdom
13873,120,8,1038.92,3,4,3,343,10,526,129.865,5.555133079847909,1038.92,55,472,7.866666666666666,0.3333333333333333,United Kingdom
13874,358,7,1960.4,2,4,4,244,10,314,280.0571428571429,8.14251592356688,1960.4000000000003,46,864,12.521739130434783,0.0,United Kingdom
13875,54,14,4537.37,4,5,5,455,14,668,324.09785714285715,7.654940119760479,4537.370000000001,159,3072,11.377777777777778,0.0962962962962963,United Kingdom
13876,64,1,122.7,3,1,1,311,5,1,122.7,365.25,122.7,7,36,5.142857142857143,0.0,United Kingdom
13877,86,3,449.68,3,3,2,332,8,603,149.89333333333335,1.8171641791044775,449.68000000000006,23,478,20.782608695652176,0.0,United Kingdom
13878,55,4,2473.06,4,3,4,434,11,549,618.265,2.66120218579235,2473.0600000000004,93,959,8.962616822429906,0.3364485981308411,United Kingdom
13879,646,1,395.5,1,1,2,112,4,1,395.5,365.25,395.5,25,204,8.16,0.0,United Kingdom
13880,21,17,4391.66,4,5,5,455,14,540,258.33294117647057,11.498611111111112,4391.66,148,2589,11.305676855895197,0.06986899563318777,United Kingdom
13881,4,43,43955.36,5,5,5,555,15,641,1022.2176744186047,24.50195007800312,43955.36,182,28384,62.10940919037199,0.0,United Kingdom
13882,3,5,1171.28,5,4,3,543,12,61,234.256,29.938524590163937,1171.28,54,953,14.661538461538461,0.0,United Kingdom
13883,11,15,6560.02,5,5,5,555,15,720,437.3346666666667,7.609375,6560.02,200,3584,11.341772151898734,0.2088607594936709,United Kingdom
13884,7,10,1888.48,5,5,4,554,14,462,188.848,7.9058441558441555,1888.4800000000002,108,797,4.1947368421052635,0.45789473684210524,United Kingdom
13885,189,2,506.8,3,2,2,322,7,11,253.4,66.4090909090909,506.8,28,182,6.5,0.0,United Kingdom
13886,71,1,243.56,3,1,1,311,5,1,243.56,365.25,243.55999999999997,16,126,7.875,0.0,United Kingdom
13887,204,1,349.55,2,1,2,212,5,1,349.55,365.25,349.55,19,147,7.7368421052631575,0.0,United Kingdom
13888,120,7,2169.05,3,4,4,344,11,455,309.86428571428576,5.619230769230769,2169.05,124,903,4.907608695652174,0.32065217391304346,United Kingdom
13889,93,6,1991.23,3,4,4,344,11,593,331.87166666666667,3.6956155143338956,1991.2299999999998,57,979,11.795180722891565,0.0,United Kingdom
13890,1,14,2927.38,5,5,5,555,15,732,209.09857142857143,6.985655737704918,2927.3799999999997,100,1392,8.046242774566474,0.07514450867052024,United Kingdom
13891,378,3,861.61,2,3,3,233,8,203,287.2033333333333,5.397783251231528,861.61,97,479,4.79,0.0,United Kingdom
13892,27,6,913.37,4,4,3,443,11,549,152.22833333333332,3.9918032786885242,913.37,33,1801,50.02777777777778,0.027777777777777776,United Kingdom
13893,298,1,821.1,2,1,3,213,6,1,821.1,365.25,821.1,21,190,9.047619047619047,0.0,United Kingdom
13894,24,3,564.62,4,3,2,432,9,286,188.20666666666668,3.8312937062937062,564.62,25,354,13.11111111111111,0.0,United Kingdom
13895,28,6,3934.62,4,4,5,445,13,708,655.77,3.0953389830508473,3934.62,154,2060,11.075268817204302,0.0,United Kingdom
13896,626,1,388.55,1,1,2,112,4,1,388.55,365.25,388.55,21,149,7.095238095238095,0.0,United Kingdom
13897,50,3,1160.72,4,3,3,433,10,627,386.9066666666667,1.7476076555023925,1160.7200000000003,58,820,13.898305084745763,0.3898305084745763,United Kingdom
13898,326,2,686.4,2,2,3,223,7,85,343.2,8.594117647058823,686.4,43,544,11.826086956521738,0.7391304347826086,United Kingdom
13899,16,2,388.52,5,2,2,522,9,258,194.26,2.831395348837209,388.52,19,156,8.210526315789474,0.0,United Kingdom
13900,183,6,1610.5900000000001,3,4,4,344,11,441,268.4316666666667,4.969387755102042,1610.59,80,938,9.873684210526315,0.0,United Kingdom
13901,72,15,5608.9400000000005,3,5,5,355,13,631,373.9293333333334,8.682646592709984,5608.9400000000005,280,3344,10.787096774193548,0.0,United Kingdom
13902,632,5,3319.26,1,4,5,145,10,92,663.8520000000001,19.85054347826087,3319.2600000000007,58,11166,177.23809523809524,0.0,Denmark
13903,400,1,165.45000000000002,2,1,1,211,4,1,165.45000000000002,365.25,165.45000000000002,10,103,10.3,0.0,United Kingdom
13904,37,2,332.64,4,2,2,422,8,257,166.32,2.842412451361868,332.64,24,332,12.76923076923077,0.0,United Kingdom
13905,733,1,312.65,1,1,2,112,4,1,312.65,365.25,312.65,12,135,11.25,0.0,United Kingdom
13906,409,1,42.0,2,1,1,211,4,1,42.0,365.25,42.0,1,100,100.0,0.0,United Kingdom
13907,692,1,136.8,1,1,1,111,3,1,136.8,365.25,136.8,4,68,17.0,1.0,United Kingdom
13908,80,4,2337.55,3,3,4,334,10,196,584.3875,7.454081632653061,2337.55,104,1478,12.114754098360656,0.0,United Kingdom
13909,423,2,286.6,1,2,2,122,5,98,143.3,7.454081632653061,286.6,35,302,7.743589743589744,0.0,United Kingdom
13911,57,20,4243.23,4,5,5,455,14,590,212.1615,12.38135593220339,4243.23,178,4303,18.07983193277311,0.15126050420168066,United Kingdom
13912,424,1,124.95,1,1,1,111,3,1,124.95,365.25,124.95,7,29,4.142857142857143,0.0,United Kingdom
13913,507,1,42.22,1,1,1,111,3,1,42.22,365.25,42.22,3,10,3.3333333333333335,0.0,United Kingdom
13914,12,2,626.45,5,2,3,523,10,24,313.225,30.4375,626.45,28,380,11.515151515151516,0.0,United Kingdom
13915,394,1,70.80000000000001,2,1,1,211,4,1,70.80000000000001,365.25,70.80000000000001,2,24,12.0,0.0,United Kingdom
13916,464,4,1164.91,1,3,3,133,7,211,291.2275,6.924170616113743,1164.91,72,673,9.094594594594595,0.0,United Kingdom
13917,50,2,272.04,4,2,1,421,7,141,136.02,5.180851063829787,272.04,16,228,12.666666666666666,0.0,United Kingdom
13918,50,2,1151.96,4,2,3,423,9,203,575.98,3.5985221674876846,1151.96,30,1012,33.733333333333334,0.0,United Kingdom
13919,59,4,1360.68,4,3,4,434,11,481,340.17,3.0374220374220378,1360.68,65,1133,14.714285714285714,0.0,Denmark
13920,432,4,1774.68,1,3,4,134,8,130,443.67,11.23846153846154,1774.6800000000003,81,1772,20.6046511627907,0.0,United Kingdom
13921,402,4,730.7,2,3,3,233,8,319,182.675,4.579937304075235,730.7000000000002,36,210,4.7727272727272725,0.0,United Kingdom
13922,352,3,865.2,2,3,3,233,8,115,288.40000000000003,9.528260869565218,865.2,30,467,15.566666666666666,0.43333333333333335,United Kingdom
13923,54,1,351.13,4,1,2,412,7,1,351.13,365.25,351.13,20,185,9.25,0.0,United Kingdom
13924,2,6,1845.71,5,4,4,544,13,70,307.61833333333334,31.307142857142857,1845.71,90,1575,13.461538461538462,0.0,United Kingdom
13925,93,4,678.25,3,3,3,333,9,42,169.5625,34.785714285714285,678.25,28,331,8.073170731707316,0.0,United Kingdom
13926,23,1,201.9,4,1,1,411,6,1,201.9,365.25,201.9,11,104,9.454545454545455,0.0,United Kingdom
13927,75,2,708.26,3,2,3,323,8,362,354.13,2.0179558011049723,708.26,37,463,11.292682926829269,0.0,United Kingdom
13928,11,4,464.57,5,3,2,532,10,122,116.1425,11.975409836065575,464.57,23,129,4.777777777777778,0.0,United Kingdom
13929,169,11,3410.58,3,5,5,355,13,525,310.0527272727273,7.652857142857143,3410.5800000000004,38,1334,23.403508771929825,0.0,United Kingdom
13930,58,2,337.34,4,2,2,422,8,78,168.67,9.365384615384615,337.34,15,274,16.11764705882353,0.0,United Kingdom
13931,96,11,5220.42,3,5,5,355,13,640,474.58363636363634,6.2777343750000005,5220.42,205,3312,12.22140221402214,0.0,United Kingdom
13932,295,1,307.4,2,1,2,212,5,1,307.4,365.25,307.4,16,72,4.5,0.0,United Kingdom
13933,109,2,608.79,3,2,3,323,8,39,304.395,18.73076923076923,608.79,23,205,8.91304347826087,0.0,United Kingdom
13934,264,1,922.1,2,1,3,213,6,1,922.1,365.25,922.1,31,390,12.580645161290322,0.0,United Kingdom
13935,597,3,6116.92,1,3,5,135,9,55,2038.9733333333334,19.922727272727272,6116.919999999999,67,2252,28.15,0.0,United Kingdom
13936,180,3,932.71,3,3,3,333,9,234,310.90333333333336,4.682692307692308,932.7100000000002,56,661,11.203389830508474,0.0,United Kingdom
13937,169,2,880.13,3,2,3,323,8,233,440.065,3.1351931330472103,880.1299999999999,54,587,10.87037037037037,0.0,United Kingdom
13938,35,1,71.66,4,1,1,411,6,1,71.66,365.25,71.66,7,70,10.0,0.0,United Kingdom
13939,23,7,1560.96,4,4,4,444,12,589,222.99428571428572,4.340831918505942,1560.96,91,1608,14.618181818181819,0.0,United Kingdom
13940,17,4,839.14,5,3,3,533,11,126,209.785,11.595238095238095,839.14,39,516,10.53061224489796,0.0,United Kingdom
13941,22,15,10966.82,4,5,5,455,14,701,731.1213333333333,7.815620542082739,10966.82,42,5258,50.076190476190476,0.23809523809523808,United Kingdom
13942,535,1,64.0,1,1,1,111,3,1,64.0,365.25,64.0,1,200,200.0,0.0,United Kingdom
13943,578,1,246.54000000000002,1,1,1,111,3,1,246.54000000000002,365.25,246.54,15,94,6.266666666666667,0.0,United Kingdom
13944,653,1,200.43,1,1,1,111,3,1,200.43,365.25,200.42999999999998,35,153,4.371428571428571,0.0,United Kingdom
13945,395,2,854.1500000000001,2,2,3,223,7,85,427.07500000000005,8.594117647058823,854.15,49,413,8.098039215686274,0.0,United Kingdom
13946,79,6,1556.63,3,4,4,344,11,656,259.43833333333333,3.3407012195121952,1556.63,49,1615,28.839285714285715,0.3392857142857143,United Kingdom
13947,65,1,90.60000000000001,3,1,1,311,5,1,90.60000000000001,365.25,90.60000000000001,5,44,8.8,0.0,United Kingdom
13948,361,4,548.76,2,3,2,232,7,374,137.19,3.9064171122994655,548.76,23,248,10.333333333333334,0.3333333333333333,United Kingdom
13949,3,6,2450.2400000000002,5,4,4,544,13,91,408.3733333333334,24.08241758241758,2450.2400000000002,124,2474,15.4625,0.1125,United Kingdom
13950,11,4,745.0600000000001,5,3,3,533,11,235,186.26500000000001,6.217021276595744,745.0600000000002,33,323,9.228571428571428,0.0,United Kingdom
13951,176,3,674.45,3,3,3,333,9,118,224.8166666666667,9.286016949152543,674.4500000000002,38,459,11.76923076923077,0.5128205128205128,United Kingdom
13952,218,14,12823.710000000001,2,5,5,255,12,505,915.9792857142858,10.125742574257426,12823.710000000003,238,5947,14.54034229828851,0.08312958435207823,United Kingdom
13953,7,12,3265.68,5,5,5,555,15,721,272.14,6.079056865464632,3265.68,8,2524,100.96,0.0,United Kingdom
13954,2,2,439.92,5,2,2,522,9,69,219.96,10.58695652173913,439.92,24,150,6.0,0.0,United Kingdom
13955,154,3,545.17,3,3,2,332,8,220,181.72333333333333,4.980681818181818,545.17,82,274,3.1494252873563218,0.0,United Kingdom
13956,5,5,1014.47,5,4,3,543,12,266,202.894,6.8656015037593985,1014.47,123,491,3.2302631578947367,1.0,United Kingdom
13957,418,3,458.25,1,3,2,132,6,240,152.75,4.565625,458.24999999999994,21,157,5.814814814814815,0.3333333333333333,United Kingdom
13958,380,8,4709.2300000000005,2,4,5,245,11,354,588.6537500000001,8.254237288135593,4709.230000000001,172,2264,9.973568281938325,0.21585903083700442,United Kingdom
13959,79,6,1076.18,3,4,3,343,10,431,179.36333333333334,5.0846867749419955,1076.18,120,700,4.294478527607362,0.09815950920245399,United Kingdom
13960,21,2,230.22,4,2,1,421,7,50,115.11,14.610000000000001,230.22,11,142,11.833333333333334,0.0,United Kingdom
13961,392,1,538.4,2,1,2,212,5,1,538.4,365.25,538.4,19,226,11.894736842105264,0.0,United Kingdom
13962,22,3,358.85,4,3,2,432,9,413,119.61666666666667,2.653147699757869,358.85,23,160,6.956521739130435,0.0,United Kingdom
13963,308,17,3004.8,2,5,5,255,12,288,176.75294117647059,21.559895833333332,3004.7999999999997,129,2061,11.982558139534884,0.09302325581395349,United Kingdom
13964,387,2,438.9,2,2,2,222,6,43,219.45,16.988372093023255,438.9,22,228,9.5,0.0,United Kingdom
13965,477,3,996.61,1,3,3,133,7,226,332.2033333333333,4.8484513274336285,996.61,23,425,17.708333333333332,0.0,United Kingdom
13966,435,1,353.9,1,1,2,112,4,1,353.9,365.25,353.9,21,596,27.09090909090909,0.0,United Kingdom
13967,146,2,166.3,3,2,1,321,6,250,83.15,2.922,166.3,4,66,11.0,0.3333333333333333,United Kingdom
13968,423,1,123.66,1,1,1,111,3,1,123.66,365.25,123.66000000000001,8,174,21.75,0.0,United Kingdom
13969,7,35,13104.11,5,5,5,555,15,617,374.4031428571429,20.719205834683954,13104.110000000002,472,6817,6.163652802893309,0.0,United Kingdom
13970,386,2,846.55,2,2,3,223,7,51,423.275,14.323529411764707,846.55,10,469,36.07692307692308,0.0,United Kingdom
13971,19,14,4667.57,5,5,5,555,15,664,333.3978571428571,7.70105421686747,4667.569999999999,184,3084,12.094117647058823,0.06274509803921569,United Kingdom
13972,71,2,190.25,3,2,1,321,6,131,95.125,5.576335877862595,190.25000000000003,15,187,12.466666666666667,0.6,United Kingdom
13973,287,1,264.7,2,1,1,211,4,1,264.7,365.25,264.7,11,109,9.909090909090908,0.0,United Kingdom
13974,49,2,677.72,4,2,3,423,9,532,338.86,1.3731203007518797,677.72,43,356,8.279069767441861,0.0,United Kingdom
13975,31,12,5359.4400000000005,4,5,5,455,14,644,446.62000000000006,6.805900621118012,5359.4400000000005,434,3934,5.2313829787234045,0.014627659574468085,United Kingdom
13976,207,4,1192.3600000000001,2,3,3,233,8,461,298.09000000000003,3.1691973969631237,1192.3600000000001,49,452,8.071428571428571,0.0,United Kingdom
13977,411,1,519.8100000000001,1,1,2,112,4,1,519.8100000000001,365.25,519.8100000000001,13,303,23.307692307692307,1.0,United Kingdom
13978,15,2,200.15,5,2,1,521,8,30,100.075,24.35,200.15,14,315,21.0,0.0,United Kingdom
13979,73,7,3417.13,3,4,5,345,12,663,488.1614285714286,3.8563348416289593,3417.13,356,2296,5.655172413793103,0.3497536945812808,United Kingdom
13980,60,5,799.92,3,4,3,343,10,595,159.98399999999998,3.0693277310924367,799.9199999999998,57,477,7.338461538461538,0.7538461538461538,United Kingdom
13981,416,1,331.14,1,1,2,112,4,1,331.14,365.25,331.14,22,234,10.636363636363637,0.0,United Kingdom
13982,39,9,4445.59,4,5,5,455,14,649,493.95444444444445,5.065100154083205,4445.59,123,2736,10.814229249011857,0.0,United Kingdom
13983,30,21,6346.45,4,5,5,455,14,700,302.21190476190475,10.957500000000001,6346.45,238,4157,12.190615835777127,0.017595307917888565,United Kingdom
13984,27,12,1828.12,4,5,4,454,13,706,152.34333333333333,6.208215297450425,1828.12,53,1213,13.043010752688172,0.24731182795698925,United Kingdom
13985,4,22,10020.86,5,5,5,555,15,664,455.49363636363637,12.101656626506024,10020.859999999999,149,4936,10.283333333333333,0.041666666666666664,United Kingdom
13986,17,1,320.46,5,1,2,512,8,1,320.46,365.25,320.46,12,430,33.07692307692308,0.0,United Kingdom
13987,380,2,682.54,2,2,3,223,7,21,341.27,34.785714285714285,682.54,46,492,10.695652173913043,0.0,United Kingdom
13988,20,8,4714.9,4,4,5,445,13,605,589.3625,4.829752066115702,4714.9,218,3385,11.474576271186441,0.23728813559322035,United Kingdom
13989,66,5,2026.06,3,4,4,344,11,497,405.212,3.6745472837022133,2026.06,61,2207,25.662790697674417,0.0,United Kingdom
13990,213,1,311.3,2,1,2,212,5,1,311.3,365.25,311.3,16,190,11.875,0.0,United Kingdom
13991,12,6,855.97,5,4,3,543,12,131,142.66166666666666,16.729007633587788,855.97,58,998,11.880952380952381,0.7142857142857143,United Kingdom
13992,30,3,219.5,4,3,1,431,8,432,73.16666666666667,2.5364583333333335,219.50000000000003,10,154,14.0,0.0,United Kingdom
13993,43,19,6707.91,4,5,5,455,14,693,353.0478947368421,10.014069264069265,6707.910000000001,110,2135,8.18007662835249,0.20689655172413793,United Kingdom
13994,4,6,2313.14,5,4,4,544,13,144,385.5233333333333,15.21875,2313.14,122,940,6.064516129032258,0.0,United Kingdom
13995,15,14,3902.01,5,5,5,555,15,706,278.71500000000003,7.242917847025496,3902.0100000000007,146,2359,10.256521739130434,0.05652173913043478,United Kingdom
13996,386,2,867.12,2,2,3,223,7,13,433.56,56.192307692307686,867.12,29,613,18.575757575757574,0.0,United Kingdom
13997,519,3,382.31,1,3,2,132,6,31,127.43666666666667,35.346774193548384,382.31,36,146,3.1739130434782608,0.0,United Kingdom
13998,447,3,566.7,1,3,2,132,6,129,188.9,8.494186046511627,566.7,30,204,6.580645161290323,0.5161290322580645,United Kingdom
13999,10,29,9502.26,5,5,5,555,15,724,327.6641379310345,14.630179558011049,9502.259999999998,174,5043,10.821888412017167,0.06437768240343347,United Kingdom
14000,211,5,2047.54,2,4,4,244,10,526,409.508,3.4719581749049433,2047.54,28,1838,37.51020408163265,0.0,United Kingdom
14001,46,9,4530.09,4,5,5,455,14,447,503.34333333333336,7.354026845637584,4530.09,60,1873,16.723214285714285,0.0,United Kingdom
14002,134,2,549.53,3,2,2,322,7,22,274.765,33.20454545454545,549.53,47,877,18.659574468085108,0.0,United Kingdom
14003,733,1,209.41,1,1,1,111,3,1,209.41,365.25,209.41,16,149,9.3125,0.0,United Kingdom
14004,43,11,6258.45,4,5,5,455,14,392,568.9499999999999,10.24936224489796,6258.45,127,3425,14.21161825726141,0.11618257261410789,United Kingdom
14005,10,5,2857.92,5,4,4,544,13,206,571.5840000000001,8.865291262135923,2857.92,53,2438,29.023809523809526,0.35714285714285715,United Kingdom
14006,116,7,2196.67,3,4,4,344,11,536,313.81,4.7700559701492535,2196.67,55,2181,28.324675324675326,0.0,United Kingdom
14007,513,1,79.48,1,1,1,111,3,1,79.48,365.25,79.48,5,16,3.2,0.0,United Kingdom
14008,432,1,509.04,1,1,2,112,4,1,509.04,365.25,509.04,32,326,10.1875,1.0,United Kingdom
14009,198,3,1099.91,2,3,3,233,8,264,366.6366666666667,4.150568181818182,1099.91,71,951,12.85135135135135,0.0,United Kingdom
14010,565,2,445.15,1,2,2,122,5,1,222.575,730.5,445.15000000000003,20,177,7.375,1.0,United Kingdom
14011,480,2,457.82,1,2,2,122,5,127,228.91,5.751968503937008,457.82,32,644,20.125,0.6875,United Kingdom
14012,278,1,328.8,2,1,2,212,5,1,328.8,365.25,328.8,11,160,14.545454545454545,0.0,United Kingdom
14013,110,5,1087.93,3,4,3,343,10,513,217.586,3.559941520467836,1087.9299999999998,56,775,11.397058823529411,0.38235294117647056,United Kingdom
14014,77,3,1951.57,3,3,4,334,10,499,650.5233333333333,2.1958917835671343,1951.5699999999997,76,2004,26.36842105263158,0.32894736842105265,United Kingdom
14015,53,1,917.34,4,1,3,413,8,1,917.34,365.25,917.34,20,378,18.9,0.0,United Kingdom
14016,162,11,11274.460000000001,3,5,5,355,13,538,1024.9509090909091,7.467936802973978,11274.460000000001,354,5722,12.772321428571429,0.11607142857142858,EIRE
14017,571,1,229.75,1,1,1,111,3,1,229.75,365.25,229.75,14,73,5.214285714285714,0.0,United Kingdom
14018,645,1,367.15,1,1,2,112,4,1,367.15,365.25,367.15000000000003,13,224,17.23076923076923,0.0,United Kingdom
14019,47,3,1421.6100000000001,4,3,4,434,11,91,473.87000000000006,12.04120879120879,1421.6100000000001,37,1037,15.712121212121213,0.3787878787878788,United Kingdom
14020,17,4,1249.01,5,3,4,534,12,512,312.2525,2.853515625,1249.01,63,648,9.0,0.0,United Kingdom
14021,155,7,1716.58,3,4,4,344,11,437,245.22571428571428,5.850686498855835,1716.58,84,878,9.755555555555556,0.0,United Kingdom
14022,225,2,792.15,2,2,3,223,7,261,396.075,2.7988505747126435,792.1499999999999,45,681,14.48936170212766,0.0,United Kingdom
14023,7,2,584.07,5,2,2,522,9,242,292.035,3.018595041322314,584.07,30,345,11.129032258064516,0.5161290322580645,United Kingdom
14024,122,3,645.74,3,3,3,333,9,269,215.24666666666667,4.073420074349443,645.74,33,238,7.0,0.9117647058823529,United Kingdom
14025,465,8,3934.0,1,4,5,145,10,119,491.75,24.554621848739494,3934.0,60,1914,19.333333333333332,0.0,United Kingdom
14026,471,2,713.11,1,2,3,123,6,154,356.555,4.7435064935064934,713.11,43,427,8.54,0.0,United Kingdom
14027,61,1,104.82,3,1,1,311,5,1,104.82,365.25,104.82,6,62,10.333333333333334,0.0,United Kingdom
14028,550,3,2610.0,1,3,4,134,8,1,870.0,1095.75,2610.0,3,1800,200.0,0.0,United Kingdom
14029,63,2,467.66,3,2,2,322,7,80,233.83,9.13125,467.66,15,198,13.2,0.0,United Kingdom
14030,18,20,7458.34,5,5,5,555,15,710,372.91700000000003,10.288732394366198,7458.340000000001,591,4350,5.023094688221709,0.16166281755196305,United Kingdom
14031,7,44,40902.37,5,5,5,555,15,729,929.5993181818183,22.045267489711932,40902.37,280,14403,18.441741357234314,0.0,United Kingdom
14032,2,16,4836.43,5,5,5,555,15,723,302.276875,8.08298755186722,4836.429999999999,79,3828,15.688524590163935,0.06147540983606557,United Kingdom
14033,555,1,38.0,1,1,1,111,3,1,38.0,365.25,38.0,1,200,200.0,0.0,United Kingdom
14034,22,3,636.02,4,3,3,433,10,135,212.00666666666666,8.116666666666667,636.02,82,423,4.752808988764045,0.0,United Kingdom
14035,29,9,2856.72,4,5,4,454,13,583,317.4133333333333,5.638507718696398,2856.72,70,1419,9.397350993377483,0.18543046357615894,United Kingdom
14036,285,1,626.65,2,1,3,213,6,1,626.65,365.25,626.65,38,268,7.052631578947368,0.0,United Kingdom
14037,176,6,837.58,3,4,3,343,10,556,139.59666666666666,3.941546762589928,837.58,96,590,5.175438596491228,0.06140350877192982,United Kingdom
14038,78,5,3069.88,3,4,5,345,12,595,613.976,3.0693277310924367,3069.8799999999997,99,1708,10.608695652173912,0.2484472049689441,United Kingdom
14039,33,2,267.28000000000003,4,2,1,421,7,542,133.64000000000001,1.3477859778597785,267.28000000000003,10,192,19.2,0.6,United Kingdom
14040,41,35,12644.82,4,5,5,455,14,698,361.2805714285714,18.314828080229226,12644.82,335,5044,6.352644836272041,0.36649874055415615,United Kingdom
14041,266,1,141.41,2,1,1,211,4,1,141.41,365.25,141.41,21,94,4.476190476190476,0.0,United Kingdom
14042,725,1,431.98,1,1,2,112,4,1,431.98,365.25,431.98,21,180,8.571428571428571,0.0,United Kingdom
14043,491,2,305.93,1,2,2,122,5,238,152.965,3.0693277310924367,305.93,37,153,3.642857142857143,0.0,United Kingdom
14044,27,10,3047.34,4,5,5,455,14,657,304.73400000000004,5.559360730593608,3047.3400000000006,533,1950,2.291421856639248,0.8143360752056404,United Kingdom
14045,109,16,11145.03,3,5,5,355,13,591,696.564375,9.888324873096447,11145.03,16,4187,110.1842105263158,0.0,United Kingdom
14046,284,1,154.99,2,1,1,211,4,1,154.99,365.25,154.99,14,460,32.857142857142854,0.0,United Kingdom
14047,9,14,4255.03,5,5,5,555,15,668,303.93071428571426,7.654940119760479,4255.03,91,1649,10.054878048780488,0.13414634146341464,United Kingdom
14048,305,3,726.74,2,3,3,233,8,77,242.24666666666667,14.23051948051948,726.74,126,467,3.3120567375886525,0.0,United Kingdom
14049,17,13,13003.33,5,5,5,555,15,600,1000.2561538461539,7.91375,13003.33,573,8609,7.963922294172063,0.0,United Kingdom
14050,32,2,746.36,4,2,3,423,9,74,373.18,9.871621621621621,746.3599999999999,49,689,12.75925925925926,0.0,United Kingdom
14051,1,37,22434.0,5,5,5,555,15,735,606.3243243243244,18.386734693877553,22434.000000000004,82,5947,17.805389221556887,0.09281437125748503,United Kingdom
14052,20,2,480.81,4,2,2,422,8,371,240.405,1.9690026954177897,480.81,115,187,1.496,1.0,United Kingdom
14053,124,4,572.3,3,3,2,332,8,362,143.075,4.035911602209945,572.3,3,490,54.44444444444444,0.7777777777777778,United Kingdom
14054,65,1,92.46000000000001,3,1,1,311,5,1,92.46000000000001,365.25,92.46,6,62,10.333333333333334,0.0,United Kingdom
14055,106,3,1520.96,3,3,4,334,10,616,506.9866666666667,1.778814935064935,1520.9599999999998,33,720,21.818181818181817,0.0,United Kingdom
14056,1,23,8214.65,5,5,5,555,15,282,357.1586956521739,29.789893617021278,8214.65,320,4273,3.863471971066908,0.0,United Kingdom
14057,24,22,8380.2,4,5,5,455,14,712,380.91818181818184,11.285814606741573,8380.2,244,6469,14.248898678414097,0.07048458149779736,United Kingdom
14058,463,2,469.19,1,2,2,122,5,67,234.595,10.902985074626866,469.19000000000005,23,211,8.791666666666666,0.7916666666666666,United Kingdom
14059,267,1,183.6,2,1,1,211,4,1,183.6,365.25,183.6,8,128,16.0,0.0,United Kingdom
14060,5,30,9519.08,5,5,5,555,15,634,317.30266666666665,17.283123028391167,9519.079999999998,100,8119,30.07037037037037,0.04814814814814815,United Kingdom
14061,507,3,907.5799999999999,1,3,3,133,7,230,302.52666666666664,4.764130434782609,907.5799999999999,17,133,7.0,0.0,United Kingdom
14062,10,24,25430.08,5,5,5,555,15,719,1059.5866666666668,12.191933240611961,25430.08,141,11129,32.44606413994169,0.0,United Kingdom
14063,438,9,8927.02,1,5,5,155,11,293,991.8911111111112,11.219283276450513,8927.02,30,3442,86.05,0.0,United Kingdom
14064,29,15,3009.86,4,5,5,455,14,657,200.65733333333336,8.33904109589041,3009.8599999999997,131,3081,12.62704918032787,0.10245901639344263,United Kingdom
14065,389,3,891.02,2,3,3,233,8,42,297.00666666666666,26.089285714285715,891.02,42,582,11.877551020408163,0.0,United Kingdom
14066,267,1,152.55,2,1,1,211,4,1,152.55,365.25,152.55,7,45,6.428571428571429,0.0,United Kingdom
14067,64,2,373.75,3,2,2,322,7,32,186.875,22.828125,373.75,51,361,6.9423076923076925,0.4807692307692308,United Kingdom
14068,320,4,1528.3700000000001,2,3,4,234,9,357,382.09250000000003,4.092436974789916,1528.3700000000001,93,513,4.621621621621622,0.7387387387387387,United Kingdom
14069,515,2,230.06,1,2,1,121,4,46,115.03,15.880434782608697,230.06,37,59,1.4047619047619047,0.0,United Kingdom
14070,685,1,314.6,1,1,2,112,4,1,314.6,365.25,314.6,40,86,2.0476190476190474,1.0,United Kingdom
14071,4,8,1442.6,5,4,4,544,13,261,180.325,11.195402298850574,1442.6,271,995,3.0709876543209877,0.3395061728395062,United Kingdom
14072,667,1,390.85,1,1,2,112,4,1,390.85,365.25,390.84999999999997,19,65,3.4210526315789473,0.0,United Kingdom
14073,32,1,151.04,4,1,1,411,6,1,151.04,365.25,151.04,13,130,10.0,0.0,United Kingdom
14074,623,1,219.4,1,1,1,111,3,1,219.4,365.25,219.4,6,228,38.0,0.0,United Kingdom
14075,5,6,1712.92,5,4,4,544,13,536,285.4866666666667,4.088619402985074,1712.9199999999998,59,1494,18.444444444444443,0.20987654320987653,United Kingdom
14076,129,1,122.47,3,1,1,311,5,1,122.47,365.25,122.47000000000001,43,81,1.7608695652173914,0.0,United Kingdom
14077,41,6,615.08,4,4,3,443,11,354,102.51333333333334,6.190677966101695,615.08,43,376,6.714285714285714,0.03571428571428571,United Kingdom
14078,102,9,1692.6299999999999,3,5,4,354,12,519,188.07,6.333815028901734,1692.6299999999999,107,618,3.791411042944785,0.4539877300613497,United Kingdom
14079,125,2,393.1,3,2,2,322,7,557,196.55,1.3114901256732496,393.1000000000001,13,302,23.23076923076923,0.9230769230769231,United Kingdom
14080,33,5,956.03,4,4,3,443,11,704,191.206,2.5941051136363638,956.03,74,268,3.2289156626506026,0.0963855421686747,United Kingdom
14081,302,10,5376.85,2,5,5,255,12,426,537.6850000000001,8.573943661971832,5376.85,465,3712,3.940552016985138,0.1464968152866242,United Kingdom
14082,365,2,413.36,2,2,2,222,6,27,206.68,27.055555555555557,413.36,48,246,3.7846153846153845,0.0,United Kingdom
14083,4,11,1417.34,5,5,4,554,14,717,128.8490909090909,5.603556485355648,1417.34,169,966,3.788235294117647,0.0,United Kingdom
14084,512,1,152.9,1,1,1,111,3,1,152.9,365.25,152.9,7,306,43.714285714285715,0.0,United Kingdom
14085,2,33,10104.97,5,5,5,555,15,729,306.2112121212121,16.53395061728395,10104.969999999998,479,6564,6.146067415730337,0.0,United Kingdom
14086,463,1,18.0,1,1,1,111,3,1,18.0,365.25,18.0,1,1,1.0,0.0,United Kingdom
14087,3,3,852.68,5,3,3,533,11,732,284.22666666666663,1.4969262295081966,852.6799999999998,175,727,3.2895927601809953,0.3936651583710407,United Kingdom
14088,10,16,63151.25,5,5,5,555,15,410,3946.953125,14.253658536585364,63151.24999999999,436,15276,22.39882697947214,0.14076246334310852,United Kingdom
14089,57,1,161.0,4,1,1,411,6,1,161.0,365.25,161.0,13,134,9.571428571428571,0.0,United Kingdom
14090,325,1,76.32000000000001,2,1,1,211,4,1,76.32000000000001,365.25,76.32000000000001,1,72,72.0,0.0,United Kingdom
14091,654,2,7068.16,1,2,5,125,8,44,3534.08,16.602272727272727,7068.159999999999,13,2344,180.30769230769232,0.3076923076923077,United Kingdom
14092,8,24,7229.45,5,5,5,555,15,715,301.2270833333333,12.26013986013986,7229.45,169,3606,9.667560321715818,0.15281501340482573,United Kingdom
14093,12,1,442.85,5,1,2,512,8,1,442.85,365.25,442.84999999999997,95,406,3.8666666666666667,1.0,United Kingdom
14094,440,1,335.22,1,1,2,112,4,1,335.22,365.25,335.22,41,177,3.765957446808511,1.0,United Kingdom
14095,723,1,2.95,1,1,1,111,3,1,2.95,365.25,2.9499999999999997,1,1,1.0,0.0,United Kingdom
14096,4,17,53174.88,5,5,5,555,15,97,3127.934117647059,64.01288659793815,53174.88,1119,16352,3.1993738994325964,0.0,United Kingdom
14097,481,2,422.86,1,2,2,122,5,164,211.43,4.454268292682927,422.86,39,352,8.8,0.675,United Kingdom
14098,37,1,147.35,4,1,1,411,6,1,147.35,365.25,147.35,21,104,4.9523809523809526,0.0,United Kingdom
14099,16,20,5771.110000000001,5,5,5,555,15,713,288.55550000000005,10.245441795231416,5771.1100000000015,273,3670,6.9904761904761905,0.0,United Kingdom
14100,138,1,194.9,3,1,1,311,5,1,194.9,365.25,194.9,24,64,2.4615384615384617,0.0,United Kingdom
14101,74,13,8945.33,3,5,5,355,13,547,688.1023076923077,8.680530164533822,8945.33,19,6602,73.35555555555555,0.2222222222222222,United Kingdom
14102,5,5,1360.28,5,4,4,544,13,39,272.056,46.82692307692308,1360.28,35,961,12.164556962025317,0.06329113924050633,United Kingdom
14104,155,5,702.72,3,4,3,343,10,405,140.544,4.5092592592592595,702.7200000000001,117,509,3.5594405594405596,0.0,United Kingdom
14105,239,5,5988.83,2,4,5,245,11,482,1197.766,3.788900414937759,5988.83,200,3534,12.666666666666666,0.3906810035842294,United Kingdom
14106,737,1,214.8,1,1,1,111,3,1,214.8,365.25,214.79999999999998,1,24,24.0,0.0,United Kingdom
14107,52,11,4877.3,4,5,5,455,14,678,443.39090909090913,5.925884955752212,4877.300000000001,102,3489,14.783898305084746,0.2923728813559322,United Kingdom
14108,31,4,1044.96,4,3,3,433,10,707,261.24,2.0664780763790667,1044.96,49,660,12.692307692307692,0.0,United Kingdom
14109,73,1,144.2,3,1,1,311,5,1,144.2,365.25,144.2,9,88,9.777777777777779,0.0,United Kingdom
14110,4,33,12987.95,5,5,5,555,15,735,393.57424242424247,16.398979591836735,12987.95,177,5825,14.598997493734336,0.12280701754385964,United Kingdom
14111,14,4,692.85,5,3,3,533,11,227,173.2125,6.436123348017621,692.85,10,458,45.8,0.0,United Kingdom
14112,23,13,5834.59,4,5,5,455,14,631,448.8146153846154,7.524960380348653,5834.59,199,3539,10.855828220858896,0.13496932515337423,United Kingdom
14113,4,16,7092.610000000001,5,5,5,555,15,728,443.28812500000004,8.027472527472527,7092.610000000001,76,3439,28.188524590163933,0.0,United Kingdom
14114,274,7,1364.09,2,4,4,244,10,332,194.86999999999998,7.70105421686747,1364.09,72,650,8.783783783783784,0.13513513513513514,United Kingdom
14115,502,2,622.67,1,2,3,123,6,165,311.335,4.427272727272728,622.67,22,509,23.136363636363637,0.0,United Kingdom
14116,20,5,1382.74,4,4,4,444,12,101,276.548,18.081683168316832,1382.74,61,707,9.819444444444445,0.1111111111111111,United Kingdom
14117,144,1,90.0,3,1,1,311,5,1,90.0,365.25,90.0,3,72,24.0,0.0,United Kingdom
14118,429,1,458.45,1,1,2,112,4,1,458.45,365.25,458.45,15,97,6.466666666666667,0.0,United Kingdom
14119,376,2,183.37,2,2,1,221,5,342,91.685,2.1359649122807016,183.37,11,177,16.09090909090909,0.0,United Kingdom
14121,4,4,2768.67,5,3,4,534,12,56,692.1675,26.089285714285715,2768.67,148,2082,13.09433962264151,0.0,United Kingdom
14122,406,3,362.42,2,3,2,232,7,331,120.80666666666667,3.3104229607250755,362.42,12,114,8.76923076923077,0.0,United Kingdom
14123,733,1,436.18,1,1,2,112,4,1,436.18,365.25,436.18,24,234,9.75,1.0,United Kingdom
14124,84,1,278.08,3,1,1,311,5,1,278.08,365.25,278.08,4,792,158.4,0.0,United Kingdom
14125,11,3,2733.43,5,3,4,534,12,67,911.1433333333333,16.354477611940297,2733.43,159,1640,9.820359281437126,0.0,United Kingdom
14126,8,4,1079.18,5,3,3,533,11,436,269.795,3.35091743119266,1079.18,37,799,18.58139534883721,0.0,United Kingdom
14127,123,6,1878.13,3,4,4,344,11,302,313.0216666666667,7.256622516556291,1878.13,96,828,7.076923076923077,0.452991452991453,United Kingdom
14128,61,3,925.41,3,3,3,333,9,490,308.46999999999997,2.2362244897959185,925.41,50,814,12.523076923076923,0.2923076923076923,United Kingdom
14129,2,9,2591.34,5,5,4,554,14,577,287.9266666666667,5.6971403812824954,2591.34,40,1414,12.972477064220184,0.2018348623853211,United Kingdom
14130,319,4,1880.72,2,3,4,234,9,408,470.18,3.5808823529411766,1880.7199999999998,189,1239,5.53125,0.0,United Kingdom
14131,649,1,187.87,1,1,1,111,3,1,187.87,365.25,187.87,45,118,2.269230769230769,0.0,United Kingdom
14132,2,11,3598.95,5,5,5,555,15,181,327.17727272727274,22.197513812154696,3598.9500000000003,100,3368,16.84,0.0,United Kingdom
14133,130,4,843.29,3,3,3,333,9,603,210.8225,2.4228855721393034,843.29,33,398,11.055555555555555,0.2222222222222222,United Kingdom
14134,383,15,11008.55,2,5,5,255,12,347,733.9033333333333,15.788904899135446,11008.55,130,5814,32.3,0.016666666666666666,United Kingdom
14135,2,24,9527.76,5,5,5,555,15,736,396.99,11.910326086956523,9527.76,138,8899,34.76171875,0.0703125,United Kingdom
14136,401,5,1581.3700000000001,2,4,4,244,10,331,316.274,5.517371601208459,1581.37,86,1148,10.830188679245284,0.0,United Kingdom
14137,696,1,332.7,1,1,2,112,4,1,332.7,365.25,332.7,11,462,42.0,0.0,United Kingdom
14138,2,2,982.38,5,2,3,523,10,62,491.19,11.782258064516128,982.38,40,610,12.97872340425532,0.0,United Kingdom
14139,46,4,1086.8,4,3,3,433,10,496,271.7,2.945564516129032,1086.8,48,1049,15.202898550724637,0.0,United Kingdom
14140,4,2,935.05,5,2,3,523,10,27,467.525,27.055555555555557,935.0500000000001,60,811,12.287878787878787,0.0,United Kingdom
14141,3,4,915.13,5,3,3,533,11,102,228.7825,14.323529411764707,915.13,27,355,8.875,0.0,United Kingdom
14142,373,2,983.15,2,2,3,223,7,273,491.575,2.675824175824176,983.1500000000001,42,831,12.590909090909092,0.0,United Kingdom
14143,134,1,115.8,3,1,1,311,5,1,115.8,365.25,115.8,7,30,4.285714285714286,0.0,United Kingdom
14144,486,1,30.6,1,1,1,111,3,1,30.6,365.25,30.599999999999998,1,12,12.0,0.0,United Kingdom
14145,47,7,7600.05,4,4,5,445,13,564,1085.7214285714285,4.533244680851063,7600.049999999999,11,1655,66.2,0.24,United Kingdom
14146,9,12,9450.3,5,5,5,555,15,686,787.525,6.389212827988338,9450.3,337,5780,12.675438596491228,0.17324561403508773,United Kingdom
14147,78,9,2590.2,3,5,4,354,12,562,287.79999999999995,5.849199288256227,2590.1999999999994,24,995,33.166666666666664,0.06666666666666667,United Kingdom
14148,234,2,466.29,2,2,2,222,6,180,233.145,4.058333333333334,466.29,15,223,13.117647058823529,0.0,United Kingdom
14149,221,1,446.62,2,1,2,212,5,1,446.62,365.25,446.61999999999995,28,218,7.785714285714286,0.0,United Kingdom
14150,36,2,658.64,4,2,3,423,9,324,329.32,2.2546296296296293,658.6399999999999,23,496,19.076923076923077,0.0,United Kingdom
14151,673,2,679.45,1,2,3,123,6,43,339.725,16.988372093023255,679.45,44,405,9.204545454545455,0.0,United Kingdom
14152,75,7,2000.22,3,4,4,344,11,583,285.7457142857143,4.385506003430532,2000.2200000000005,104,1844,13.864661654135338,0.15037593984962405,United Kingdom
14153,483,1,233.39999999999998,1,1,1,111,3,1,233.39999999999998,365.25,233.39999999999998,17,312,18.352941176470587,0.0,United Kingdom
14154,239,8,6275.8,2,4,5,245,11,456,784.475,6.407894736842105,6275.8,236,3222,11.034246575342467,0.0,United Kingdom
14155,266,1,118.75,2,1,1,211,4,1,118.75,365.25,118.75,6,25,4.166666666666667,0.0,United Kingdom
14156,10,156,275335.35,5,5,5,555,15,728,1764.970192307692,78.26785714285714,275335.35,1446,138222,34.14575098814229,0.06818181818181818,EIRE
14157,20,5,1002.7800000000001,4,4,3,443,11,626,200.556,2.917332268370607,1002.7800000000001,75,540,6.067415730337078,0.5393258426966292,United Kingdom
14158,40,1,507.65999999999997,4,1,2,412,7,1,507.65999999999997,365.25,507.66,41,781,19.048780487804876,1.0,United Kingdom
14159,20,20,7931.22,4,5,5,455,14,717,396.56100000000004,10.188284518828452,7931.220000000001,706,6583,3.5128068303094984,0.2657417289220918,United Kingdom
14160,610,7,8421.47,1,4,5,145,10,88,1203.0671428571427,29.053977272727273,8421.47,80,4661,43.5607476635514,0.514018691588785,United Kingdom
14161,216,7,3319.65,2,4,5,245,11,510,474.2357142857143,5.013235294117647,3319.6499999999996,202,1623,5.235483870967742,1.0,United Kingdom
14162,174,2,289.36,3,2,2,322,7,118,144.68,6.190677966101695,289.36,25,142,5.68,1.0,United Kingdom
14163,87,5,2534.82,3,4,4,344,11,374,506.96400000000006,4.883021390374332,2534.8200000000006,42,950,16.379310344827587,0.29310344827586204,United Kingdom
14164,71,2,1631.77,3,2,4,324,9,10,815.885,73.05,1631.7699999999998,28,1033,35.62068965517241,0.0,United Kingdom
14165,276,1,122.53999999999999,2,1,1,211,4,1,122.53999999999999,365.25,122.54,23,54,2.16,0.0,United Kingdom
14166,505,2,256.85,1,2,1,121,4,121,128.425,6.037190082644628,256.85,39,84,1.5849056603773586,0.0,United Kingdom
14167,39,8,1296.49,4,4,4,444,12,641,162.06125,4.558502340093604,1296.49,48,350,2.8925619834710745,0.0,United Kingdom
14168,421,2,370.45,1,2,2,122,5,143,185.225,5.108391608391608,370.45,11,147,9.8,0.0,United Kingdom
14169,431,2,624.4300000000001,1,2,3,123,6,13,312.21500000000003,56.192307692307686,624.4300000000001,50,208,3.1044776119402986,0.0,United Kingdom
14170,375,3,595.43,2,3,2,232,7,19,198.47666666666666,57.671052631578945,595.43,123,290,1.7575757575757576,0.0,United Kingdom
14171,98,2,498.79,3,2,2,322,7,632,249.395,1.1558544303797469,498.79,61,211,3.296875,0.0,United Kingdom
14172,605,3,402.72,1,3,2,132,6,37,134.24,29.614864864864867,402.72,38,88,1.6296296296296295,0.35185185185185186,United Kingdom
14173,11,6,586.0,5,4,2,542,11,719,97.66666666666667,3.0479833101529903,586.0,30,194,5.878787878787879,0.0,United Kingdom
14174,33,1,134.46,4,1,1,411,6,1,134.46,365.25,134.46,26,94,3.6153846153846154,1.0,United Kingdom
14175,60,8,7678.88,3,4,5,345,12,568,959.86,5.144366197183098,7678.88,237,3009,9.090634441087614,0.13293051359516617,United Kingdom
14176,297,5,916.01,2,4,3,243,9,83,183.202,22.003012048192772,916.0100000000001,33,326,7.086956521739131,0.0,United Kingdom
14177,86,13,2229.34,3,5,4,354,12,565,171.48769230769233,8.403982300884955,2229.34,141,1048,4.9904761904761905,0.004761904761904762,United Kingdom
14178,9,7,1626.74,5,4,4,544,13,173,232.39142857142858,14.778901734104046,1626.74,191,1505,4.602446483180428,0.15902140672782875,United Kingdom
14179,41,2,719.78,4,2,3,423,9,11,359.89,66.4090909090909,719.7799999999999,135,330,2.0,0.24242424242424243,United Kingdom
14180,11,33,5871.15,5,5,5,555,15,537,177.91363636363636,22.445530726256983,5871.150000000001,125,878,2.916943521594684,0.04318936877076412,United Kingdom
14181,411,2,310.55,1,2,2,122,5,151,155.275,4.837748344370861,310.55,48,122,2.259259259259259,0.0,United Kingdom
14182,444,4,678.77,1,3,3,133,7,152,169.6925,9.611842105263158,678.77,42,174,3.48,0.0,United Kingdom
14183,411,2,286.29,1,2,2,122,5,69,143.145,10.58695652173913,286.29,27,61,1.7428571428571429,1.0,United Kingdom
14184,67,1,452.89,3,1,2,312,6,1,452.89,365.25,452.89000000000004,24,127,5.291666666666667,0.0,United Kingdom
14185,331,1,50.65,2,1,1,211,4,1,50.65,365.25,50.65,3,6,2.0,0.0,United Kingdom
14186,427,5,1552.31,1,4,4,144,9,217,310.462,8.415898617511521,1552.31,75,1550,14.903846153846153,0.0,United Kingdom
14187,474,1,123.5,1,1,1,111,3,1,123.5,365.25,123.5,8,50,6.25,0.0,United Kingdom
14188,31,6,2054.36,4,4,4,444,12,279,342.3933333333334,7.854838709677419,2054.36,34,1162,17.876923076923077,0.0,United Kingdom
14189,2,16,5792.96,5,5,5,555,15,386,362.06,15.139896373056995,5792.96,199,4646,14.70253164556962,0.06329113924050633,United Kingdom
14190,666,1,36.0,1,1,1,111,3,1,36.0,365.25,36.0,1,2,2.0,0.0,United Kingdom
14191,2,15,4818.86,5,5,5,555,15,726,321.2573333333333,7.546487603305786,4818.86,147,3724,14.052830188679245,0.0,United Kingdom
14192,388,1,293.74,2,1,2,212,5,1,293.74,365.25,293.74,14,218,15.571428571428571,0.0,United Kingdom
14193,68,3,1210.19,3,3,4,334,10,328,403.3966666666667,3.3407012195121952,1210.1900000000003,49,653,10.203125,0.0,United Kingdom
14194,5,36,18659.12,5,5,5,555,15,697,518.3088888888889,18.865136298421806,18659.12,432,10037,10.543067226890756,0.1407563025210084,United Kingdom
14195,202,6,2185.6,2,4,4,244,10,432,364.26666666666665,5.072916666666667,2185.6,10,1672,104.5,0.25,United Kingdom
14196,107,1,335.52,3,1,2,312,6,1,335.52,365.25,335.52,6,142,23.666666666666668,0.0,United Kingdom
14197,411,1,390.05,1,1,2,112,4,1,390.05,365.25,390.05,20,143,7.15,0.0,United Kingdom
14198,18,9,1555.83,5,5,4,554,14,685,172.87,4.798905109489051,1555.83,58,623,6.846153846153846,0.0989010989010989,United Kingdom
14199,218,4,1091.7,2,3,3,233,8,312,272.925,4.6826923076923075,1091.7,15,254,14.11111111111111,0.2777777777777778,United Kingdom
14200,617,1,379.2,1,1,2,112,4,1,379.2,365.25,379.2,21,140,6.666666666666667,0.0,United Kingdom
14201,60,10,1193.54,3,5,3,353,11,528,119.354,6.917613636363636,1193.54,47,806,14.654545454545454,0.10909090909090909,United Kingdom
14202,381,3,796.16,2,3,3,233,8,243,265.38666666666666,4.5092592592592595,796.16,27,166,5.724137931034483,0.0,United Kingdom
14203,397,1,339.34,2,1,2,212,5,1,339.34,365.25,339.34,16,80,5.0,1.0,United Kingdom
14204,2,4,1063.31,5,3,3,533,11,735,265.8275,1.9877551020408164,1063.3099999999997,186,492,2.1206896551724137,0.0,United Kingdom
14205,17,9,2414.2,5,5,4,554,14,625,268.2444444444444,5.2596,2414.2,79,1342,10.910569105691057,0.3252032520325203,United Kingdom
14206,239,3,1185.01,2,3,3,233,8,163,395.00333333333333,6.72239263803681,1185.01,62,930,13.098591549295774,0.0,United Kingdom
14207,688,1,157.8,1,1,1,111,3,1,157.8,365.25,157.8,2,36,18.0,0.0,United Kingdom
14208,95,2,567.05,3,2,2,322,7,456,283.525,1.6019736842105263,567.0500000000001,34,529,15.114285714285714,0.7142857142857143,United Kingdom
14209,11,15,4972.67,5,5,5,555,15,675,331.5113333333333,8.116666666666667,4972.67,133,1739,7.528138528138528,0.04329004329004329,United Kingdom
14210,106,16,5861.52,3,5,5,355,13,597,366.345,9.78894472361809,5861.52,143,2604,7.914893617021277,0.05167173252279635,United Kingdom
14211,53,18,4402.29,4,5,5,455,14,677,244.57166666666666,9.71122599704579,4402.29,155,2575,10.729166666666666,0.14583333333333334,United Kingdom
14212,90,2,2190.14,3,2,4,324,9,356,1095.07,2.0519662921348316,2190.14,18,2046,97.42857142857143,0.42857142857142855,United Kingdom
14213,405,1,1192.2,2,1,3,213,6,1,1192.2,365.25,1192.2,5,244,48.8,1.0,United Kingdom
14214,31,5,1004.38,4,4,3,443,11,246,200.876,7.423780487804878,1004.38,64,751,11.208955223880597,0.0,United Kingdom
14215,12,9,3372.4300000000003,5,5,5,555,15,720,374.7144444444445,4.565625,3372.43,167,2285,11.901041666666666,0.0,United Kingdom
14216,3,5,2143.04,5,4,4,544,13,410,428.608,4.454268292682927,2143.04,65,712,9.246753246753247,0.0,United Kingdom
14217,2,23,3414.04,5,5,5,555,15,525,148.43652173913043,16.001428571428573,3414.0400000000004,122,1256,6.939226519337017,0.09392265193370165,United Kingdom
14218,43,1,169.48000000000002,4,1,1,411,6,1,169.48000000000002,365.25,169.48000000000002,12,160,13.333333333333334,0.0,United Kingdom
14219,4,3,633.83,5,3,3,533,11,489,211.27666666666667,2.2407975460122698,633.83,39,363,8.44186046511628,0.0,United Kingdom
14220,247,4,1515.0,2,3,4,234,9,321,378.75,4.5514018691588785,1515.0,26,468,12.31578947368421,0.0,United Kingdom
14221,42,17,6510.27,4,5,5,455,14,569,382.95705882352945,10.91256590509666,6510.270000000001,166,3808,10.97406340057637,0.138328530259366,United Kingdom
14222,177,1,683.17,3,1,3,313,7,1,683.17,365.25,683.17,41,607,14.804878048780488,0.0,United Kingdom
14223,92,3,991.13,3,3,3,333,9,171,330.37666666666667,6.407894736842105,991.13,50,585,9.75,0.3,United Kingdom
14224,110,9,1783.95,3,5,4,354,12,433,198.21666666666667,7.591801385681293,1783.9499999999998,189,863,3.6260504201680672,0.7815126050420168,United Kingdom
14225,435,4,2037.02,1,3,4,134,8,261,509.255,5.597701149425287,2037.02,70,1168,13.425287356321839,0.0,United Kingdom
14226,29,6,3002.53,4,4,5,445,13,412,500.4216666666667,5.319174757281553,3002.5299999999997,89,1726,17.612244897959183,0.0,United Kingdom
14227,26,15,6368.71,4,5,5,455,14,643,424.5806666666667,8.520606531881803,6368.71,246,4048,10.73740053050398,0.03978779840848806,United Kingdom
14228,438,3,723.5500000000001,1,3,3,133,7,108,241.18333333333337,10.145833333333334,723.5500000000002,38,260,6.842105263157895,0.0,United Kingdom
14229,52,7,2584.29,4,4,4,444,12,419,369.1842857142857,6.102028639618139,2584.29,41,934,12.972222222222221,0.0,United Kingdom
14230,436,3,979.8000000000001,1,3,3,133,7,112,326.6,9.783482142857144,979.8000000000001,27,246,7.454545454545454,0.0,United Kingdom
14231,184,4,1191.72,3,3,3,333,9,267,297.93,5.471910112359551,1191.7200000000003,66,610,8.840579710144928,0.0,United Kingdom
14232,43,5,2048.07,4,4,4,444,12,221,409.61400000000003,8.263574660633484,2048.07,81,1941,16.878260869565217,0.40869565217391307,United Kingdom
14233,49,7,2904.27,4,4,5,445,13,594,414.8957142857143,4.30429292929293,2904.2700000000004,42,1261,17.273972602739725,0.0,United Kingdom
14234,22,4,792.98,4,3,3,433,10,35,198.245,41.74285714285715,792.9800000000001,122,963,6.056603773584905,0.0,United Kingdom
14235,75,9,4717.99,3,5,5,355,13,544,524.2211111111111,6.0427389705882355,4717.99,107,3014,20.364864864864863,0.0472972972972973,United Kingdom
14236,81,5,1744.64,3,4,4,344,11,424,348.928,4.307193396226415,1744.6399999999999,39,812,16.24,0.0,United Kingdom
14237,373,2,632.14,2,2,3,223,7,217,316.07,3.3663594470046085,632.14,26,276,7.885714285714286,0.0,United Kingdom
14238,326,3,434.23,2,3,2,232,7,408,144.74333333333334,2.6856617647058827,434.2300000000001,13,189,14.538461538461538,0.15384615384615385,United Kingdom
14239,43,21,4263.17,4,5,5,455,14,691,203.00809523809525,11.100217076700433,4263.17,97,1729,8.233333333333333,0.06190476190476191,United Kingdom
14240,30,3,1246.54,4,3,4,434,11,393,415.5133333333333,2.7881679389312977,1246.54,46,655,10.737704918032787,0.0,United Kingdom
14241,184,2,333.7,3,2,2,322,7,512,166.85,1.4267578125,333.7,12,242,20.166666666666668,0.0,United Kingdom
14242,235,2,280.55,2,2,1,221,5,91,140.275,8.027472527472527,280.55000000000007,13,123,7.6875,0.0,United Kingdom
14243,9,17,7427.150000000001,5,5,5,555,15,467,436.8911764705883,13.296038543897216,7427.15,235,3687,9.93800539083558,0.09973045822102426,United Kingdom
14244,661,1,329.46,1,1,2,112,4,1,329.46,365.25,329.46,16,638,39.875,0.0,United Kingdom
14245,220,2,1693.45,2,2,4,224,8,43,846.725,16.988372093023255,1693.45,107,976,9.037037037037036,0.0,United Kingdom
14246,111,3,1474.06,3,3,4,334,10,135,491.3533333333333,8.116666666666667,1474.06,57,804,10.72,0.3333333333333333,United Kingdom
14247,278,5,772.66,2,4,3,243,9,273,154.53199999999998,6.68956043956044,772.66,82,382,3.264957264957265,1.0,United Kingdom
14248,318,3,1032.95,2,3,3,233,8,197,344.31666666666666,5.562182741116752,1032.95,41,692,14.72340425531915,0.0,United Kingdom
14249,411,12,5593.7,1,5,5,155,11,268,466.14166666666665,16.354477611940297,5593.7,178,2487,8.54639175257732,0.5189003436426117,United Kingdom
14250,7,3,1904.05,5,3,4,534,12,82,634.6833333333333,13.362804878048781,1904.05,94,1200,10.81081081081081,0.6666666666666666,United Kingdom
14251,2,5,2879.7000000000003,5,4,5,545,14,55,575.94,33.20454545454545,2879.7,37,1674,21.46153846153846,0.0,United Kingdom
14252,381,1,166.99,2,1,1,211,4,1,166.99,365.25,166.99,10,111,11.1,0.0,United Kingdom
14253,493,2,363.40000000000003,1,2,2,122,5,129,181.70000000000002,5.662790697674418,363.40000000000003,11,88,7.333333333333333,0.0,United Kingdom
14254,433,1,601.03,1,1,2,112,4,1,601.03,365.25,601.03,23,263,11.434782608695652,1.0,United Kingdom
14255,546,1,18.0,1,1,1,111,3,1,18.0,365.25,18.0,1,1,1.0,0.0,United Kingdom
14256,260,5,2470.04,2,4,4,244,10,434,494.008,4.207949308755761,2470.04,100,1171,8.738805970149254,0.0,United Kingdom
14257,64,9,5894.900000000001,3,5,5,355,13,584,654.9888888888889,5.628852739726027,5894.900000000001,167,3292,13.716666666666667,0.029166666666666667,United Kingdom
14258,9,25,30405.74,5,5,5,555,15,726,1216.2296000000001,12.577479338842975,30405.74,97,13432,44.77333333333333,0.07333333333333333,United Kingdom
14259,142,1,120.0,3,1,1,311,5,1,120.0,365.25,120.0,5,68,13.6,0.0,United Kingdom
14260,471,3,824.28,1,3,3,133,7,77,274.76,14.23051948051948,824.28,50,544,10.666666666666666,0.0,United Kingdom
14261,51,2,1163.45,4,2,3,423,9,27,581.725,27.055555555555557,1163.45,52,406,7.8076923076923075,0.0,United Kingdom
14262,8,8,2618.23,5,4,4,544,13,232,327.27875,12.594827586206897,2618.2300000000005,87,1645,11.503496503496503,0.0,United Kingdom
14263,423,1,322.93,1,1,2,112,4,1,322.93,365.25,322.93,16,171,10.6875,0.0,United Kingdom
14264,155,6,1495.51,3,4,4,344,11,456,249.25166666666667,4.805921052631579,1495.51,59,553,7.0,0.22784810126582278,United Kingdom
14265,109,4,1373.35,3,3,4,334,10,502,343.3375,2.9103585657370514,1373.35,74,715,9.050632911392405,0.0,Unspecified
14266,428,1,40.56,1,1,1,111,3,1,40.56,365.25,40.56,1,24,24.0,0.0,United Kingdom
14267,163,3,1516.24,3,3,4,334,10,97,505.41333333333336,11.296391752577321,1516.2400000000002,25,530,9.636363636363637,0.0,United Kingdom
14268,471,1,354.85,1,1,2,112,4,1,354.85,365.25,354.85,19,147,7.7368421052631575,0.0,United Kingdom
14269,439,1,295.73,1,1,2,112,4,1,295.73,365.25,295.73,16,123,7.6875,1.0,United Kingdom
14270,332,1,492.65000000000003,2,1,2,212,5,1,492.65000000000003,365.25,492.65000000000003,29,197,6.793103448275862,0.0,United Kingdom
14271,226,2,219.13,2,2,1,221,5,183,109.565,3.9918032786885247,219.13,38,149,3.8205128205128207,0.0,United Kingdom
14272,74,4,939.89,3,3,3,333,9,508,234.9725,2.875984251968504,939.89,62,1097,17.140625,0.0,United Kingdom
14273,51,4,559.97,4,3,2,432,9,190,139.9925,7.689473684210527,559.97,22,264,9.10344827586207,0.0,United Kingdom
14274,686,1,256.6,1,1,1,111,3,1,256.6,365.25,256.6,15,178,11.866666666666667,0.0,United Kingdom
14275,396,6,1189.3799999999999,2,4,3,243,9,211,198.23,10.386255924170616,1189.38,14,538,23.391304347826086,0.34782608695652173,United Kingdom
14276,99,7,2102.68,3,4,4,344,11,561,300.3828571428571,4.557486631016043,2102.68,75,1406,11.619834710743802,0.19834710743801653,United Kingdom
14277,15,9,6866.14,5,5,5,555,15,710,762.9044444444445,4.629929577464789,6866.14,334,11455,29.986910994764397,0.2513089005235602,France
14278,410,1,205.83,2,1,1,211,4,1,205.83,365.25,205.83,13,131,10.076923076923077,0.0,United Kingdom
14279,521,2,191.86,1,2,1,121,4,160,95.93,4.565625,191.85999999999999,3,46,15.333333333333334,0.0,United Kingdom
14280,197,1,134.04,2,1,1,211,4,1,134.04,365.25,134.04,8,52,6.5,0.0,United Kingdom
14281,408,1,245.15,2,1,1,211,4,1,245.15,365.25,245.15,7,45,6.428571428571429,0.0,United Kingdom
14282,3,25,7882.5,5,5,5,555,15,659,315.3,13.856221547799697,7882.5,100,5478,21.566929133858267,0.05511811023622047,United Kingdom
14283,463,4,628.44,1,3,3,133,7,106,157.11,13.783018867924527,628.44,36,550,13.414634146341463,0.0,United Kingdom
14284,31,3,1299.65,4,3,4,434,11,622,433.2166666666667,1.7616559485530545,1299.65,59,510,7.611940298507463,0.0,United Kingdom
14285,21,8,3284.42,4,4,5,445,13,710,410.5525,4.115492957746479,3284.4200000000005,48,954,15.639344262295081,0.26229508196721313,United Kingdom
14286,24,7,8461.28,4,4,5,445,13,712,1208.7542857142857,3.590941011235955,8461.28,270,8707,17.448897795591183,0.17034068136272545,United Kingdom
14287,8,3,186.71,5,3,1,531,9,190,62.23666666666667,5.767105263157895,186.71000000000004,9,261,29.0,0.0,United Kingdom
14288,213,1,426.6,2,1,2,212,5,1,426.6,365.25,426.59999999999997,16,188,11.75,0.0,United Kingdom
14289,9,6,911.26,5,4,3,543,12,280,151.87666666666667,7.826785714285714,911.2599999999999,33,292,6.212765957446808,0.0,United Kingdom
14290,11,8,4494.61,5,4,5,545,14,720,561.82625,4.058333333333334,4494.61,120,1600,10.596026490066226,0.0,United Kingdom
14291,2,23,7904.1,5,5,5,555,15,728,343.6565217391304,11.539491758241757,7904.099999999999,241,6146,12.441295546558704,0.1437246963562753,United Kingdom
14292,8,16,9226.25,5,5,5,555,15,623,576.640625,9.380417335473515,9226.25,120,3429,17.76683937823834,0.22279792746113988,United Kingdom
14293,3,9,3268.41,5,5,5,555,15,726,363.15666666666664,4.527892561983471,3268.4099999999994,88,1730,12.91044776119403,0.1791044776119403,United Kingdom
14294,407,1,375.34000000000003,2,1,2,212,5,1,375.34000000000003,365.25,375.34,23,190,8.26086956521739,0.0,United Kingdom
14295,40,5,2362.91,4,4,4,444,12,691,472.582,2.6429088277858175,2362.91,66,1029,14.291666666666666,0.06944444444444445,United Kingdom
14296,421,2,456.4,1,2,2,122,5,152,228.2,4.805921052631579,456.4,27,314,11.62962962962963,0.0,United Kingdom
14297,18,4,1305.33,5,3,4,534,12,257,326.3325,5.684824902723736,1305.33,48,865,13.951612903225806,0.0,United Kingdom
14298,8,82,90024.41,5,5,5,555,15,719,1097.8586585365854,41.6557719054242,90024.41,1370,96262,33.611033519553075,0.0,United Kingdom
14299,8,27,14453.97,5,5,5,555,15,729,535.3322222222222,13.527777777777777,14453.969999999998,164,8052,23.68235294117647,0.08235294117647059,United Kingdom
14300,19,1,43.2,5,1,1,511,7,1,43.2,365.25,43.2,3,32,10.666666666666666,0.0,United Kingdom
14301,117,4,1983.78,3,3,4,334,10,549,495.945,2.66120218579235,1983.7800000000002,37,1646,31.056603773584907,0.5471698113207547,United Kingdom
14302,431,3,742.9000000000001,1,3,3,133,7,306,247.63333333333335,3.5808823529411766,742.9000000000001,25,298,10.642857142857142,0.0,United Kingdom
14303,407,2,277.94,2,2,1,221,5,27,138.97,27.055555555555557,277.94,21,218,9.909090909090908,0.0,United Kingdom
14304,223,3,1725.01,2,3,4,234,9,348,575.0033333333333,3.148706896551724,1725.0100000000002,69,775,8.806818181818182,0.19318181818181818,United Kingdom
14305,71,3,1858.96,3,3,4,334,10,64,619.6533333333333,17.12109375,1858.96,96,1089,10.371428571428572,0.0,United Kingdom
14306,51,6,3151.4,4,4,5,445,13,625,525.2333333333333,3.5064,3151.4,43,2065,44.891304347826086,0.21739130434782608,United Kingdom
14307,89,10,5073.28,3,5,5,355,13,643,507.328,5.6804043545878695,5073.28,205,3374,10.883870967741936,0.0,United Kingdom
14308,549,2,36.0,1,2,1,121,4,1,18.0,730.5,36.0,1,2,1.0,0.0,United Kingdom
14309,8,11,3792.57,5,5,5,555,15,542,344.77909090909094,7.4128228782287815,3792.57,125,2583,13.666666666666666,0.0,United Kingdom
14310,433,1,492.1,1,1,2,112,4,1,492.1,365.25,492.09999999999997,22,230,10.454545454545455,1.0,United Kingdom
14311,243,2,516.45,2,2,2,222,6,324,258.225,2.2546296296296293,516.45,31,235,7.580645161290323,0.0,United Kingdom
14312,47,11,3038.4900000000002,4,5,5,455,14,457,276.22636363636366,8.791575492341357,3038.4900000000002,148,1904,10.577777777777778,0.0,United Kingdom
14314,107,2,240.2,3,2,1,321,6,324,120.1,2.2546296296296293,240.19999999999996,10,332,33.2,0.0,United Kingdom
14315,45,8,3181.9700000000003,4,4,5,445,13,589,397.74625000000003,4.960950764006791,3181.97,83,1344,10.105263157894736,0.0,United Kingdom
14316,422,5,938.58,1,4,3,143,8,208,187.716,8.780048076923077,938.58,21,2438,78.64516129032258,0.0,United Kingdom
14317,65,1,508.58,3,1,2,312,6,1,508.58,365.25,508.58,24,255,10.625,0.0,United Kingdom
14318,460,1,158.02,1,1,1,111,3,1,158.02,365.25,158.02,9,152,16.88888888888889,1.0,United Kingdom
14319,424,1,494.85,1,1,2,112,4,1,494.85,365.25,494.84999999999997,26,329,12.653846153846153,0.0,United Kingdom
14320,207,5,1342.8500000000001,2,4,4,244,10,480,268.57000000000005,3.8046875,1342.8500000000001,68,713,8.802469135802468,0.0,United Kingdom
14321,11,7,2249.38,5,4,4,544,13,462,321.34000000000003,5.534090909090908,2249.38,162,3275,18.29608938547486,0.0,United Kingdom
14322,429,4,474.1,1,3,2,132,6,230,118.525,6.352173913043479,474.1,10,158,12.153846153846153,0.0,United Kingdom
14323,115,2,605.0600000000001,3,2,3,323,8,123,302.53000000000003,5.939024390243903,605.0600000000001,32,350,9.722222222222221,0.0,United Kingdom
14324,410,2,701.61,2,2,3,223,7,283,350.805,2.581272084805654,701.61,41,402,9.804878048780488,0.0,United Kingdom
14325,570,1,245.48000000000002,1,1,1,111,3,1,245.48000000000002,365.25,245.48000000000002,18,320,17.77777777777778,0.0,United Kingdom
14326,242,3,940.98,2,3,3,233,8,290,313.66,3.778448275862069,940.9800000000001,54,572,10.035087719298245,0.0,United Kingdom
14327,163,6,1894.93,3,4,4,344,11,536,315.82166666666666,4.088619402985074,1894.9299999999996,99,1296,12.226415094339623,0.0,United Kingdom
14328,438,1,18.0,1,1,1,111,3,1,18.0,365.25,18.0,1,1,1.0,0.0,United Kingdom
14329,17,15,9883.44,5,5,5,555,15,706,658.8960000000001,7.760269121813032,9883.440000000002,349,5833,10.547920433996383,0.0,United Kingdom
14330,624,1,200.63,1,1,1,111,3,1,200.63,365.25,200.63,13,103,7.923076923076923,0.0,United Kingdom
14331,124,2,462.66,3,2,2,322,7,10,231.33,73.05,462.66,27,252,9.0,0.14285714285714285,United Kingdom
14332,23,5,1943.51,4,4,4,444,12,393,388.702,4.646946564885496,1943.51,47,893,14.174603174603174,0.0,United Kingdom
14333,68,1,415.2,3,1,2,312,6,1,415.2,365.25,415.2,15,58,3.8666666666666667,0.0,United Kingdom
14334,17,12,4318.4800000000005,5,5,5,555,15,551,359.8733333333334,7.954627949183303,4318.4800000000005,148,2986,11.573643410852712,0.12403100775193798,United Kingdom
14335,16,2,468.26,5,2,2,522,9,80,234.13,9.13125,468.25999999999993,55,379,6.015873015873016,0.6666666666666666,Germany
14336,17,4,1621.63,5,3,4,534,12,259,405.4075,5.640926640926641,1621.63,77,1759,19.544444444444444,0.0,United Kingdom
14338,161,3,928.1,3,3,3,333,9,375,309.3666666666667,2.922,928.1,43,622,12.44,0.0,United Kingdom
14339,243,2,620.27,2,2,3,223,7,186,310.135,3.9274193548387095,620.2699999999999,21,456,19.82608695652174,0.0,United Kingdom
14340,219,1,134.7,2,1,1,211,4,1,134.7,365.25,134.7,6,58,9.666666666666666,0.0,United Kingdom
14341,45,18,4467.32,4,5,5,455,14,693,248.18444444444444,9.487012987012987,4467.32,185,2819,10.597744360902256,0.17669172932330826,United Kingdom
14342,21,6,918.44,4,4,3,443,11,451,153.07333333333335,4.85920177383592,918.4400000000002,27,521,15.787878787878787,0.06060606060606061,United Kingdom
14343,421,4,1088.91,1,3,3,133,7,268,272.2275,5.451492537313433,1088.91,193,631,2.6512605042016806,0.09243697478991597,United Kingdom
14344,127,20,3311.75,3,5,5,355,13,498,165.5875,14.668674698795181,3311.75,140,1669,6.868312757201646,0.0,United Kingdom
14345,39,1,108.98,4,1,1,411,6,1,108.98,365.25,108.98,6,50,8.333333333333334,0.0,United Kingdom
14346,121,5,2248.75,3,4,4,344,11,376,449.75,4.857047872340425,2248.75,123,1878,12.863013698630137,0.2602739726027397,United Kingdom
14347,737,1,82.60000000000001,1,1,1,111,3,1,82.60000000000001,365.25,82.60000000000001,6,48,8.0,0.0,United Kingdom
14348,260,1,409.57,2,1,2,212,5,1,409.57,365.25,409.57,18,183,10.166666666666666,0.0,United Kingdom
14349,10,1,133.5,5,1,1,511,7,1,133.5,365.25,133.5,31,86,2.774193548387097,0.0,United Kingdom
14350,274,3,949.13,2,3,3,233,8,155,316.37666666666667,7.069354838709677,949.1299999999999,55,543,9.203389830508474,0.0,United Kingdom
14351,165,1,51.0,3,1,1,311,5,1,51.0,365.25,51.0,1,12,12.0,0.0,United Kingdom
14352,157,4,1078.96,3,3,3,333,9,116,269.74,12.594827586206897,1078.96,44,538,11.446808510638299,0.0,United Kingdom
14353,215,3,376.5,2,3,2,232,7,216,125.5,5.072916666666667,376.50000000000006,18,344,13.76,0.24,United Kingdom
14354,6,2,163.62,5,2,1,521,8,24,81.81,30.4375,163.62,9,210,23.333333333333332,0.3333333333333333,United Kingdom
14355,366,3,1014.45,2,3,3,233,8,261,338.15000000000003,4.198275862068965,1014.45,57,709,9.985915492957746,0.0,United Kingdom
14356,80,2,701.23,3,2,3,323,8,1,350.615,730.5,701.23,33,277,8.393939393939394,0.0,United Kingdom
14357,43,1,225.77,4,1,1,411,6,1,225.77,365.25,225.77,39,148,3.6097560975609757,0.0,United Kingdom
14358,389,2,400.06,2,2,2,222,6,38,200.03,19.223684210526315,400.06,21,338,13.52,0.0,United Kingdom
14359,19,3,912.1800000000001,5,3,3,533,11,68,304.06,16.113970588235293,912.1800000000001,44,371,6.745454545454545,0.14545454545454545,United Kingdom
14360,32,4,2128.23,4,3,4,434,11,62,532.0575,23.564516129032256,2128.23,104,1151,9.754237288135593,0.0,United Kingdom
14361,579,1,214.71,1,1,1,111,3,1,214.71,365.25,214.71,14,251,17.928571428571427,0.0,United Kingdom
14362,22,1,161.2,4,1,1,411,6,1,161.2,365.25,161.2,37,100,2.4390243902439024,0.0,United Kingdom
14363,402,2,227.47000000000003,2,2,1,221,5,49,113.73500000000001,14.908163265306122,227.47000000000003,8,105,13.125,0.0,United Kingdom
14364,109,8,3717.35,3,4,5,345,12,102,464.66875,28.647058823529413,3717.3499999999995,61,1967,28.507246376811594,0.18840579710144928,United Kingdom
14365,395,2,634.68,2,2,3,223,7,287,317.34,2.545296167247387,634.68,50,557,10.92156862745098,0.0,United Kingdom
14366,525,1,136.0,1,1,1,111,3,1,136.0,365.25,136.0,1,16,16.0,0.0,United Kingdom
14367,8,16,9261.52,5,5,5,555,15,267,578.845,21.887640449438205,9261.52,270,4438,8.469465648854962,0.07442748091603053,United Kingdom
14368,320,1,155.0,2,1,1,211,4,1,155.0,365.25,155.0,8,36,4.5,0.0,United Kingdom
14369,642,2,469.13,1,2,2,122,5,19,234.565,38.44736842105263,469.13,24,255,9.807692307692308,0.7307692307692307,United Kingdom
14370,451,6,1147.53,1,4,3,143,8,226,191.255,9.696902654867257,1147.53,37,266,6.045454545454546,0.20454545454545456,United Kingdom
14371,295,1,100.5,2,1,1,211,4,1,100.5,365.25,100.5,4,34,8.5,0.0,United Kingdom
14372,443,2,860.08,1,2,3,123,6,156,430.04,4.6826923076923075,860.08,36,378,9.947368421052632,0.0,United Kingdom
14373,358,1,69.6,2,1,1,211,4,1,69.6,365.25,69.6,4,17,4.25,0.0,United Kingdom
14374,541,1,108.0,1,1,1,111,3,1,108.0,365.25,108.0,7,20,2.857142857142857,0.0,United Kingdom
14375,185,3,1127.14,3,3,3,333,9,355,375.71333333333337,3.086619718309859,1127.14,176,659,3.050925925925926,0.0,United Kingdom
14376,683,1,215.46,1,1,1,111,3,1,215.46,365.25,215.46,17,50,2.7777777777777777,0.0,United Kingdom
14377,191,2,597.15,2,2,2,222,6,70,298.575,10.435714285714287,597.15,11,219,19.90909090909091,0.0,United Kingdom
14378,622,1,131.25,1,1,1,111,3,1,131.25,365.25,131.25,9,57,6.333333333333333,1.0,United Kingdom
14379,44,4,1254.1100000000001,4,3,4,434,11,436,313.52750000000003,3.35091743119266,1254.11,93,713,5.5271317829457365,0.0,United Kingdom
14380,682,1,18.0,1,1,1,111,3,1,18.0,365.25,18.0,1,1,1.0,0.0,United Kingdom
14381,52,2,631.43,4,2,3,423,9,399,315.715,1.830827067669173,631.4299999999998,104,453,3.973684210526316,0.0,United Kingdom
14382,26,2,1299.36,4,2,4,424,10,363,649.68,2.012396694214876,1299.36,227,1701,5.632450331125828,1.0,United Kingdom
14383,38,3,1262.69,4,3,4,434,11,125,420.8966666666667,8.766,1262.69,49,817,13.847457627118644,0.0,United Kingdom
14384,501,1,58.5,1,1,1,111,3,1,58.5,365.25,58.5,3,30,10.0,0.0,United Kingdom
14385,9,3,202.10999999999999,5,3,1,531,9,14,67.36999999999999,78.26785714285715,202.10999999999999,13,159,11.357142857142858,0.0,United Kingdom
14386,297,1,142.4,2,1,1,211,4,1,142.4,365.25,142.4,7,54,7.714285714285714,0.0,United Kingdom
14387,33,3,1759.3600000000001,4,3,4,434,11,76,586.4533333333334,14.417763157894736,1759.3600000000001,125,819,5.85,0.0,United Kingdom
14388,10,16,6704.36,5,5,5,555,15,678,419.0225,8.619469026548673,6704.36,184,4360,10.531400966183575,0.04830917874396135,United Kingdom
14389,65,5,1898.01,3,4,4,344,11,525,379.602,3.4785714285714286,1898.01,48,1388,15.954022988505747,0.0,United Kingdom
14390,10,13,6384.6,5,5,5,555,15,414,491.12307692307695,11.469202898550725,6384.599999999999,197,2910,5.9266802443991855,0.18533604887983707,United Kingdom
14391,577,1,135.6,1,1,1,111,3,1,135.6,365.25,135.6,14,168,12.0,0.0,United Kingdom
14392,432,1,266.4,1,1,1,111,3,1,266.4,365.25,266.4,14,114,8.142857142857142,1.0,United Kingdom
14393,218,1,67.95,2,1,1,211,4,1,67.95,365.25,67.95,5,13,2.6,0.0,United Kingdom
14394,565,1,93.8,1,1,1,111,3,1,93.8,365.25,93.8,6,58,9.666666666666666,0.0,United Kingdom
14395,2,20,8208.01,5,5,5,555,15,598,410.4005,12.215719063545151,8208.01,320,4072,4.9840881272949815,0.16401468788249693,United Kingdom
14396,65,7,2121.93,3,4,4,344,11,672,303.1328571428571,3.8046875,2121.93,202,1022,3.5120274914089347,0.47079037800687284,United Kingdom
14397,3,19,2612.96,5,5,4,554,14,210,137.52421052631578,33.04642857142857,2612.9599999999996,18,1890,21.724137931034484,0.11494252873563218,United Kingdom
14398,401,2,707.79,2,2,3,223,7,126,353.895,5.7976190476190474,707.79,50,267,5.037735849056604,0.0,United Kingdom
14399,394,8,2113.16,2,4,4,244,10,280,264.145,10.435714285714287,2113.1600000000003,119,968,5.015544041450777,0.0,United Kingdom
14400,149,3,1732.47,3,3,4,334,10,482,577.49,2.2733402489626555,1732.47,71,1706,23.36986301369863,0.0,United Kingdom
14401,4,22,6803.34,5,5,5,555,15,721,309.2427272727273,11.14493758668516,6803.34,171,6401,24.06390977443609,0.0,United Kingdom
14402,652,1,285.6,1,1,2,112,4,1,285.6,365.25,285.6,8,240,30.0,0.0,United Kingdom
14403,130,6,1880.51,3,4,4,344,11,508,313.41833333333335,4.3139763779527565,1880.5100000000002,20,737,29.48,0.0,United Kingdom
14404,34,13,2849.14,4,5,4,454,13,685,219.1646153846154,6.9317518248175185,2849.14,123,1656,7.848341232227488,0.6872037914691943,United Kingdom
14405,387,1,195.0,2,1,1,211,4,1,195.0,365.25,195.0,2,100,50.0,0.0,United Kingdom
14406,119,1,156.75,3,1,1,311,5,1,156.75,365.25,156.75,8,77,9.625,0.0,United Kingdom
14407,107,6,2146.13,3,4,4,344,11,169,357.68833333333333,12.967455621301776,2146.13,67,1375,18.835616438356166,0.0,United Kingdom
14408,11,11,4109.77,5,5,5,555,15,721,373.6154545454546,5.57246879334258,4109.77,63,2444,18.94573643410853,0.06976744186046512,United Kingdom
14409,71,9,3738.1400000000003,3,5,5,355,13,496,415.34888888888895,6.627520161290322,3738.1400000000003,76,2401,22.650943396226417,0.0,United Kingdom
14410,92,11,2651.14,3,5,4,354,12,344,241.01272727272726,11.679505813953488,2651.14,307,1377,3.50381679389313,0.33587786259541985,United Kingdom
14411,311,1,1063.0,2,1,3,213,6,1,1063.0,365.25,1063.0,14,196,14.0,0.0,United Kingdom
14412,43,3,1441.19,4,3,4,434,11,381,480.3966666666667,2.875984251968504,1441.1900000000003,75,1428,17.0,0.0,United Kingdom
14413,362,4,445.57,2,3,2,232,7,326,111.3925,4.4815950920245395,445.56999999999994,93,280,2.8282828282828283,0.23232323232323232,United Kingdom
14414,92,8,2387.94,3,4,4,344,11,283,298.4925,10.325088339222615,2387.94,99,2877,24.38135593220339,0.17796610169491525,United Kingdom
14415,1,23,12058.75,5,5,5,555,15,722,524.2934782608696,11.635387811634349,12058.750000000002,445,6304,4.999206978588422,0.3885804916732752,United Kingdom
14416,22,2,490.22,4,2,2,422,8,20,245.11,36.525,490.22,13,326,23.285714285714285,0.0,United Kingdom
14417,388,1,612.6,2,1,3,213,6,1,612.6,365.25,612.6,106,567,4.138686131386861,0.0,United Kingdom
14418,4,3,1924.54,5,3,4,534,12,104,641.5133333333333,10.536057692307692,1924.54,114,1711,13.798387096774194,0.0,United Kingdom
14419,11,7,1260.91,5,4,4,544,13,372,180.13000000000002,6.872983870967742,1260.91,118,556,2.427947598253275,0.0,United Kingdom
14420,99,4,1639.17,3,3,4,334,10,592,409.7925,2.4679054054054053,1639.17,85,1120,12.043010752688172,0.24731182795698925,United Kingdom
14421,57,6,2469.37,4,4,4,444,12,634,411.56166666666667,3.4566246056782335,2469.37,72,1342,13.979166666666666,0.4479166666666667,United Kingdom
14422,1,19,10259.300000000001,5,5,5,555,15,721,539.9631578947369,9.625173370319,10259.300000000001,317,6067,10.990942028985508,0.059782608695652176,United Kingdom
14423,218,3,916.61,2,3,3,233,8,476,305.5366666666667,2.3019957983193278,916.6100000000001,12,419,27.933333333333334,0.0,United Kingdom
14424,18,1,322.08,5,1,2,512,8,1,322.08,365.25,322.08,1,48,48.0,0.0,United Kingdom
14425,435,3,661.39,1,3,3,133,7,302,220.46333333333334,3.6283112582781456,661.39,35,325,8.333333333333334,0.0,United Kingdom
14426,24,17,11532.29,4,5,5,455,14,621,678.37,9.9987922705314,11532.29,452,7023,11.62748344370861,0.033112582781456956,United Kingdom
14427,50,4,986.52,4,3,3,433,10,581,246.63,2.514629948364888,986.5199999999999,43,538,12.227272727272727,0.0,United Kingdom
14428,7,5,1237.83,5,4,4,544,13,317,247.56599999999997,5.761041009463723,1237.83,108,436,3.0277777777777777,0.0,United Kingdom
14429,404,1,516.28,2,1,2,212,5,1,516.28,365.25,516.28,22,286,13.0,0.0,United Kingdom
14430,512,3,1220.9,1,3,4,134,8,95,406.9666666666667,11.53421052631579,1220.9,29,446,12.742857142857142,0.6285714285714286,United Kingdom
14431,303,4,2614.2,2,3,4,234,9,384,653.55,3.8046875,2614.2,72,1202,14.839506172839506,0.0,United Kingdom
14432,10,6,2266.37,5,4,4,544,13,79,377.7283333333333,27.740506329113924,2266.37,256,2070,5.4188481675392675,0.9502617801047121,United Kingdom
14433,466,1,289.6,1,1,2,112,4,1,289.6,365.25,289.6,72,134,1.7402597402597402,0.0,United Kingdom
14434,22,6,1372.8,4,4,4,444,12,50,228.79999999999998,43.830000000000005,1372.8,3,368,30.666666666666668,0.0,United Kingdom
14435,502,1,90.42,1,1,1,111,3,1,90.42,365.25,90.42,3,282,94.0,0.0,United Kingdom
14436,99,2,271.7,3,2,1,321,6,454,135.85,1.6090308370044053,271.7,11,297,27.0,0.0,United Kingdom
14437,366,5,958.84,2,4,3,243,9,217,191.768,8.415898617511521,958.84,34,486,10.125,0.16666666666666666,United Kingdom
14438,306,1,131.9,2,1,1,211,4,1,131.9,365.25,131.9,9,82,9.11111111111111,1.0,United Kingdom
14439,320,5,9375.24,2,4,5,245,11,367,1875.048,4.9761580381471395,9375.240000000002,105,2244,17.3953488372093,0.0,Greece
14440,8,13,6638.7300000000005,5,5,5,555,15,729,510.6715384615385,6.5133744855967075,6638.7300000000005,63,1755,12.446808510638299,0.0,United Kingdom
14441,1,11,4610.74,5,5,5,555,15,689,419.1581818181818,5.831277213352685,4610.74,103,1260,8.181818181818182,0.16883116883116883,United Kingdom
14442,205,7,5023.07,2,4,5,245,11,485,717.5814285714285,5.271649484536082,5023.07,128,1431,7.819672131147541,0.0,Channel Islands
14443,54,5,2368.52,4,4,4,444,12,325,473.704,5.619230769230769,2368.52,119,1520,9.934640522875817,0.16993464052287582,United Kingdom
14444,456,1,134.44,1,1,1,111,3,1,134.44,365.25,134.44,11,180,13.846153846153847,0.0,United Kingdom
14445,456,1,221.65,1,1,1,111,3,1,221.65,365.25,221.65,32,83,2.59375,0.0,United Kingdom
14446,1,5,1251.45,5,4,4,544,13,385,250.29000000000002,4.7435064935064934,1251.45,259,1116,3.2920353982300883,0.0,United Kingdom
14447,19,6,1711.73,5,4,4,544,13,381,285.28833333333336,5.751968503937008,1711.7300000000002,81,913,8.61320754716981,0.0,United Kingdom
14448,9,2,375.35,5,2,2,522,9,354,187.675,2.0635593220338984,375.35,20,104,5.2,0.0,United Kingdom
14449,19,8,2482.8,5,4,4,544,13,417,310.35,7.0071942446043165,2482.8,301,1778,3.2564102564102564,0.0,United Kingdom
14450,181,7,1129.04,3,4,3,343,10,429,161.29142857142855,5.959790209790209,1129.0399999999997,47,522,6.868421052631579,0.5263157894736842,United Kingdom
14451,60,12,3304.87,3,5,5,355,13,631,275.4058333333333,6.946117274167987,3304.8699999999994,245,1757,3.3659003831417627,0.4521072796934866,United Kingdom
14452,11,4,665.59,5,3,3,533,11,510,166.3975,2.864705882352941,665.59,108,289,2.1893939393939394,0.0,United Kingdom
14453,190,1,119.93,2,1,1,211,4,1,119.93,365.25,119.93,22,49,2.227272727272727,0.0,United Kingdom
14454,376,5,977.3000000000001,2,4,3,243,9,357,195.46,5.1155462184873945,977.3,93,400,3.6363636363636362,1.0,United Kingdom
14455,432,4,628.21,1,3,3,133,7,63,157.0525,23.19047619047619,628.21,65,719,9.10126582278481,0.9240506329113924,United Kingdom
14456,5,9,3089.77,5,5,5,555,15,137,343.3077777777778,23.994525547445253,3089.77,580,2908,2.997938144329897,0.6030927835051546,United Kingdom
14457,311,1,113.64,2,1,1,211,4,1,113.64,365.25,113.64,4,88,22.0,0.0,United Kingdom
14458,381,1,237.42,2,1,1,211,4,1,237.42,365.25,237.42,46,328,6.6938775510204085,0.0,United Kingdom
14459,155,2,5375.93,3,2,5,325,10,496,2687.965,1.472782258064516,5375.93,113,2303,20.38053097345133,0.0,United Kingdom
14460,110,9,1093.5,3,5,3,353,11,613,121.5,5.362561174551387,1093.5000000000002,33,1879,44.73809523809524,0.38095238095238093,United Kingdom
14461,148,13,6711.55,3,5,5,355,13,542,516.2730769230769,8.76060885608856,6711.549999999999,515,3027,4.671296296296297,0.0,United Kingdom
14462,66,12,2268.83,3,5,4,354,12,366,189.06916666666666,11.975409836065573,2268.8299999999995,182,1072,3.709342560553633,0.2560553633217993,United Kingdom
14463,98,4,786.5699999999999,3,3,3,333,9,401,196.64249999999998,3.6433915211970076,786.5699999999999,7,210,26.25,0.0,United Kingdom
14464,568,2,111.0,1,2,1,121,4,59,55.5,12.38135593220339,110.99999999999999,4,62,15.5,0.0,United Kingdom
14465,247,11,3710.51,2,5,5,255,12,454,337.3190909090909,8.84966960352423,3710.51,128,2178,10.89,0.045,United Kingdom
14466,29,13,4646.9,4,5,5,455,14,696,357.45384615384614,6.8221982758620685,4646.9,77,2644,12.24074074074074,0.18518518518518517,United Kingdom
14467,18,12,2220.9900000000002,5,5,4,554,14,720,185.0825,6.0875,2220.9900000000002,144,1196,3.883116883116883,0.0,United Kingdom
14468,734,1,204.24,1,1,1,111,3,1,204.24,365.25,204.24,12,164,13.666666666666666,1.0,United Kingdom
14469,416,4,2105.26,1,3,4,134,8,263,526.315,5.555133079847909,2105.26,120,980,6.666666666666667,0.0,United Kingdom
14470,12,3,698.04,5,3,3,533,11,418,232.67999999999998,2.6214114832535884,698.0399999999998,56,282,4.7,0.0,United Kingdom
14471,591,2,400.95,1,2,2,122,5,141,200.475,5.180851063829787,400.95,38,187,4.560975609756097,0.0,United Kingdom
14472,104,9,2214.32,3,5,4,354,12,585,246.03555555555556,5.61923076923077,2214.32,173,1305,3.918918918918919,0.8438438438438438,United Kingdom
14473,74,2,234.34,3,2,1,321,6,208,117.17,3.5120192307692304,234.33999999999997,7,88,12.571428571428571,0.0,United Kingdom
14474,46,2,1278.08,4,2,4,424,10,533,639.04,1.3705440900562853,1278.08,122,453,3.4318181818181817,0.7803030303030303,United Kingdom
14475,72,4,1151.15,3,3,3,333,9,337,287.7875,4.335311572700297,1151.15,40,541,11.270833333333334,0.0,United Kingdom
14476,257,1,215.7,2,1,1,211,4,1,215.7,365.25,215.70000000000002,17,132,6.947368421052632,1.0,United Kingdom
14477,20,7,1969.6,4,4,4,444,12,684,281.37142857142857,3.737938596491228,1969.6000000000001,7,1120,80.0,0.21428571428571427,United Kingdom
14478,382,4,1274.71,2,3,4,234,9,356,318.6775,4.103932584269663,1274.7100000000003,59,1226,18.029411764705884,0.0,United Kingdom
14479,254,4,1299.11,2,3,4,234,9,479,324.7775,3.0501043841336117,1299.11,127,620,4.1610738255033555,0.8120805369127517,United Kingdom
14480,11,4,1299.52,5,3,4,534,12,707,324.88,2.0664780763790667,1299.52,52,670,10.307692307692308,0.0,United Kingdom
14481,165,5,2311.4900000000002,3,4,4,344,11,512,462.29800000000006,3.56689453125,2311.4900000000002,114,1584,10.421052631578947,0.28289473684210525,United Kingdom
14482,18,12,4357.91,5,5,5,555,15,451,363.15916666666664,9.71840354767184,4357.91,185,2891,11.42687747035573,0.04743083003952569,United Kingdom
14483,282,2,257.1,2,2,1,221,5,455,128.55,1.6054945054945053,257.1,13,193,14.846153846153847,0.0,United Kingdom
14484,50,4,1070.98,4,3,3,433,10,672,267.745,2.174107142857143,1070.98,47,744,14.037735849056604,0.0,United Kingdom
14485,39,1,165.75,4,1,1,411,6,1,165.75,365.25,165.75,44,71,1.5106382978723405,0.0,United Kingdom
14486,512,2,175.5,1,2,1,121,4,41,87.75,17.817073170731707,175.5,4,90,15.0,0.0,United Kingdom
14487,27,7,1446.04,4,4,4,444,12,352,206.57714285714286,7.263494318181818,1446.0400000000002,129,837,4.405263157894737,0.6894736842105263,United Kingdom
14488,68,1,1064.28,3,1,3,313,7,1,1064.28,365.25,1064.28,46,799,17.369565217391305,0.0,United Kingdom
14489,207,4,1570.98,2,3,4,234,9,405,392.745,3.6074074074074076,1570.9800000000002,65,1011,10.11,0.0,United Kingdom
14490,406,2,1273.47,2,2,4,224,8,22,636.735,33.20454545454545,1273.47,72,933,11.6625,0.0,United Kingdom
14491,175,2,468.13,3,2,2,322,7,197,234.065,3.708121827411168,468.13,17,179,8.523809523809524,0.0,United Kingdom
14492,430,7,1921.91,1,4,4,144,9,188,274.55857142857144,13.599734042553191,1921.91,70,751,8.16304347826087,0.10869565217391304,United Kingdom
14493,7,10,5034.3,5,5,5,555,15,634,503.43,5.761041009463723,5034.3,292,3183,8.744505494505495,0.17032967032967034,United Kingdom
14494,26,3,401.46,4,3,2,432,9,705,133.82,1.554255319148936,401.46,17,210,12.352941176470589,0.0,United Kingdom
14495,51,3,174.8,4,3,1,431,8,609,58.26666666666667,1.7992610837438423,174.8,7,68,9.714285714285714,0.0,United Kingdom
14496,312,7,2666.28,2,4,4,244,10,321,380.8971428571429,7.964953271028037,2666.28,64,991,8.927927927927929,0.08108108108108109,United Kingdom
14497,309,2,697.0600000000001,2,2,3,223,7,364,348.53000000000003,2.006868131868132,697.0600000000001,40,332,8.3,0.0,United Kingdom
14498,43,10,3713.32,4,5,5,455,14,507,371.332,7.20414201183432,3713.3199999999997,276,2122,5.7196765498652296,0.0,United Kingdom
14499,26,7,2138.9700000000003,4,4,4,444,12,443,305.56714285714287,5.771444695259594,2138.9700000000003,199,1250,3.9184952978056424,0.6238244514106583,United Kingdom
14500,88,3,356.85,3,3,2,332,8,101,118.95,10.849009900990099,356.85,6,117,16.714285714285715,0.0,United Kingdom
14501,184,2,251.21,3,2,1,321,6,136,125.605,5.3713235294117645,251.20999999999998,9,161,16.1,0.0,United Kingdom
14502,20,11,2471.65,4,5,4,454,13,293,224.69545454545457,13.71245733788396,2471.65,368,1498,2.4006410256410255,0.8301282051282052,United Kingdom
14503,3,6,3543.26,5,4,5,545,14,175,590.5433333333334,12.522857142857143,3543.2600000000007,113,2004,12.21951219512195,0.21951219512195122,United Kingdom
14504,47,4,673.26,4,3,3,433,10,231,168.315,6.324675324675324,673.26,85,308,2.878504672897196,0.794392523364486,United Kingdom
14505,17,19,11964.54,5,5,5,555,15,713,629.7126315789474,9.733169705469846,11964.54,898,5383,3.347636815920398,0.3725124378109453,United Kingdom
14506,17,7,3290.67,5,4,5,545,14,582,470.0957142857143,4.393041237113402,3290.6700000000005,251,1078,2.2838983050847457,0.211864406779661,United Kingdom
14507,24,11,3284.4300000000003,4,5,5,455,14,705,298.5845454545455,5.698936170212766,3284.4300000000003,182,1536,5.752808988764045,0.3258426966292135,United Kingdom
14508,22,5,874.9399999999999,4,4,3,443,11,518,174.988,3.5255791505791505,874.9399999999999,142,359,1.9095744680851063,0.4308510638297872,United Kingdom
14509,534,1,110.95,1,1,1,111,3,1,110.95,365.25,110.95,25,38,1.52,0.0,United Kingdom
14510,376,3,1007.43,2,3,3,233,8,60,335.81,18.2625,1007.43,67,821,10.525641025641026,0.0,United Kingdom
14511,11,5,1307.81,5,4,4,544,13,122,261.562,14.969262295081968,1307.8100000000002,53,784,11.529411764705882,0.25,United Kingdom
14512,188,7,1209.57,3,4,4,344,11,544,172.79571428571427,4.699908088235294,1209.57,55,742,9.275,0.325,United Kingdom
14513,101,6,788.01,3,4,3,343,10,467,131.335,4.692719486081371,788.01,15,593,31.210526315789473,0.05263157894736842,United Kingdom
14514,61,9,4598.9800000000005,3,5,5,355,13,665,510.99777777777786,4.943233082706767,4598.9800000000005,212,2496,7.341176470588235,0.2529411764705882,United Kingdom
14515,18,12,3747.31,5,5,5,555,15,532,312.2758333333333,8.238721804511279,3747.31,109,1917,10.892045454545455,0.0,United Kingdom
14516,516,1,163.92,1,1,1,111,3,1,163.92,365.25,163.92,35,68,1.837837837837838,1.0,United Kingdom
14517,33,2,330.45,4,2,2,422,8,108,165.225,6.763888888888889,330.45,17,91,5.055555555555555,0.2222222222222222,United Kingdom
14518,64,1,174.37,3,1,1,311,5,1,174.37,365.25,174.37,16,278,17.375,0.0,United Kingdom
14519,684,2,206.09,1,2,1,121,4,45,103.045,16.233333333333334,206.09,38,82,2.1025641025641026,0.0,United Kingdom
14520,2,2,270.6,5,2,1,521,8,289,135.3,2.527681660899654,270.6,3,146,36.5,0.0,United Kingdom
14521,491,1,202.09,1,1,1,111,3,1,202.09,365.25,202.09,17,211,12.411764705882353,0.0,United Kingdom
14522,24,8,1758.62,4,4,4,444,12,659,219.8275,4.433990895295903,1758.62,34,968,21.043478260869566,0.13043478260869565,United Kingdom
14523,108,1,241.09,3,1,1,311,5,1,241.09,365.25,241.09,12,251,20.916666666666668,0.0,United Kingdom
14524,32,13,2863.81,4,5,4,454,13,385,220.2930769230769,12.333116883116883,2863.81,250,1176,3.5853658536585367,0.14634146341463414,United Kingdom
14525,20,17,8222.84,4,5,5,455,14,706,483.6964705882353,8.794971671388103,8222.84,340,5235,9.640883977900552,0.20994475138121546,United Kingdom
14526,389,1,262.4,2,1,1,211,4,1,262.4,365.25,262.4,41,179,4.261904761904762,0.0,United Kingdom
14527,3,122,27372.6,5,5,5,555,15,735,224.36557377049178,60.6265306122449,27372.599999999995,607,6762,2.503517215845983,0.042576823398741206,United Kingdom
14528,37,1,364.21999999999997,4,1,2,412,7,1,364.21999999999997,365.25,364.21999999999997,18,278,15.444444444444445,0.0,United Kingdom
14529,60,3,620.25,3,3,3,333,9,50,206.75,21.915000000000003,620.25,177,348,1.519650655021834,0.2183406113537118,United Kingdom
14530,26,16,6156.5,4,5,5,455,14,661,384.78125,8.841149773071104,6156.5,269,2959,6.101030927835051,0.0,United Kingdom
14531,480,1,376.34,1,1,2,112,4,1,376.34,365.25,376.34,29,260,8.96551724137931,0.0,United Kingdom
14532,236,11,3859.1800000000003,2,5,5,255,12,462,350.8345454545455,8.696428571428571,3859.1800000000007,209,1115,3.506289308176101,0.9559748427672956,United Kingdom
14533,25,11,3309.25,4,5,5,455,14,585,300.84090909090907,6.867948717948718,3309.25,74,4230,47.52808988764045,0.2808988764044944,United Kingdom
14534,3,26,6290.04,5,5,5,555,15,631,241.92461538461538,15.049920760697306,6290.04,437,2856,3.9069767441860463,0.017783857729138167,United Kingdom
14535,60,9,6045.7300000000005,3,5,5,355,13,593,671.7477777777779,5.543423271500844,6045.730000000001,589,3240,3.834319526627219,0.0,United Kingdom
14536,260,1,171.8,2,1,1,211,4,1,171.8,365.25,171.8,18,40,2.1052631578947367,0.0,United Kingdom
14537,58,2,641.4,4,2,3,423,9,565,320.7,1.2929203539823009,641.4,23,228,9.91304347826087,0.0,United Kingdom
14538,65,5,1203.14,3,4,3,343,10,618,240.62800000000001,2.9550970873786406,1203.14,45,284,5.461538461538462,0.34615384615384615,United Kingdom
14539,16,2,538.6800000000001,5,2,2,522,9,28,269.34000000000003,26.089285714285715,538.6800000000001,31,428,13.375,0.0,United Kingdom
14540,10,11,3788.39,5,5,5,555,15,722,344.3990909090909,5.564750692520775,3788.3899999999994,197,1619,5.930402930402931,0.18315018315018314,United Kingdom
14541,59,14,2499.68,4,5,4,454,13,642,178.54857142857142,7.964953271028037,2499.68,99,1129,6.237569060773481,0.0,United Kingdom
14542,186,1,103.25,3,1,1,311,5,1,103.25,365.25,103.25,5,19,3.8,0.0,United Kingdom
14543,29,39,14775.07,4,5,5,455,14,709,378.8479487179487,20.09132581100141,14775.070000000002,106,2697,12.428571428571429,0.0,United Kingdom
14544,24,3,2982.43,4,3,5,435,12,445,994.1433333333333,2.4623595505617977,2982.43,148,2438,12.697916666666666,0.0,United Kingdom
14545,674,1,349.25,1,1,2,112,4,1,349.25,365.25,349.25,23,236,10.26086956521739,0.0,United Kingdom
14546,5,11,5196.95,5,5,5,555,15,727,472.45,5.526478679504814,5196.95,410,2696,3.3911949685534593,0.6427672955974842,United Kingdom
14547,4,8,4001.41,5,4,5,545,14,50,500.17625,58.440000000000005,4001.41,198,2668,7.2896174863387975,0.8661202185792349,United Kingdom
14548,151,9,2627.49,3,5,4,354,12,582,291.9433333333333,5.64819587628866,2627.49,66,1021,9.035398230088495,0.49557522123893805,United Kingdom
14549,311,4,916.5500000000001,2,3,3,233,8,425,229.13750000000002,3.4376470588235293,916.5500000000001,117,395,2.7430555555555554,0.1875,United Kingdom
14550,11,4,1353.31,5,3,4,534,12,473,338.3275,3.0887949260042284,1353.31,77,776,7.918367346938775,0.0,United Kingdom
14551,18,7,880.04,5,4,3,543,12,663,125.72,3.8563348416289593,880.0400000000001,69,487,6.0875,0.8,United Kingdom
14552,152,3,511.28000000000003,3,3,2,332,8,440,170.42666666666668,2.490340909090909,511.28,124,261,1.6624203821656052,0.0,United Kingdom
14553,19,9,1694.54,5,5,4,554,14,490,188.28222222222223,6.7086734693877546,1694.5400000000002,233,1140,3.8,0.87,United Kingdom
14554,10,4,2374.09,5,3,4,534,12,42,593.5225,34.785714285714285,2374.09,147,1478,6.842592592592593,0.0,United Kingdom
14555,57,6,2317.31,4,4,4,444,12,664,386.2183333333333,3.3004518072289155,2317.31,94,850,7.142857142857143,0.0,United Kingdom
14556,596,3,835.34,1,3,3,133,7,92,278.44666666666666,11.910326086956523,835.34,158,331,1.6305418719211822,0.0,United Kingdom
14557,85,1,788.38,3,1,3,313,7,1,788.38,365.25,788.38,16,510,31.875,0.0,United Kingdom
14558,654,3,655.5,1,3,3,133,7,77,218.5,14.23051948051948,655.5,13,162,10.8,0.0,United Kingdom
14559,390,1,75.6,2,1,1,211,4,1,75.6,365.25,75.6,2,72,36.0,1.0,United Kingdom
14560,7,44,6063.63,5,5,5,555,15,730,137.80977272727273,22.015068493150686,6063.63,60,4460,22.3,0.255,United Kingdom
14561,76,3,1080.76,3,3,3,333,9,108,360.25333333333333,10.145833333333334,1080.76,67,1014,14.695652173913043,0.4782608695652174,United Kingdom
14562,4,26,6685.5,5,5,5,555,15,666,257.13461538461536,14.25900900900901,6685.499999999999,245,2604,4.261865793780688,0.23240589198036007,United Kingdom
14563,510,2,679.44,1,2,3,123,6,82,339.72,8.908536585365853,679.44,95,335,2.9130434782608696,0.2,United Kingdom
14564,435,2,2605.62,1,2,4,124,7,300,1302.81,2.435,2605.62,107,1295,12.102803738317757,0.0,Channel Islands
14565,96,5,3763.2200000000003,3,4,5,345,12,377,752.644,4.844164456233422,3763.2200000000003,139,1940,12.125,0.0,United Kingdom
14566,111,4,4092.0,3,3,5,335,11,423,1023.0,3.453900709219858,4092.0,9,2400,150.0,0.25,Channel Islands
14567,57,2,1530.3600000000001,4,2,4,424,10,73,765.1800000000001,10.006849315068493,1530.3600000000001,33,412,12.484848484848484,0.0,United Kingdom
14568,435,1,919.7,1,1,3,113,5,1,919.7,365.25,919.6999999999999,47,645,13.72340425531915,0.0,Channel Islands
14569,1,4,598.98,5,3,2,532,10,602,149.745,2.426910299003322,598.98,31,258,7.371428571428571,0.0,United Kingdom
14570,281,3,613.75,2,3,3,233,8,162,204.58333333333334,6.763888888888888,613.75,64,431,6.338235294117647,0.0,United Kingdom
14571,425,1,161.65,1,1,1,111,3,1,161.65,365.25,161.65,30,57,1.8387096774193548,1.0,United Kingdom
14572,3,11,5627.96,5,5,5,555,15,618,511.63272727272727,6.50121359223301,5627.96,336,2933,5.576045627376426,0.37832699619771865,United Kingdom
14573,180,13,2617.17,3,5,4,354,12,520,201.32076923076923,9.13125,2617.17,183,835,2.0979899497487438,0.1984924623115578,United Kingdom
14574,733,1,143.70000000000002,1,1,1,111,3,1,143.70000000000002,365.25,143.70000000000002,11,63,5.7272727272727275,0.0,United Kingdom
14575,488,1,460.71,1,1,2,112,4,1,460.71,365.25,460.71,71,176,2.3783783783783785,1.0,United Kingdom
14576,372,1,70.80000000000001,2,1,1,211,4,1,70.80000000000001,365.25,70.80000000000001,1,24,12.0,0.0,United Kingdom
14577,13,7,1374.25,5,4,4,544,13,716,196.32142857142858,3.5708798882681565,1374.2500000000002,104,573,3.097297297297297,0.3837837837837838,United Kingdom
14578,3,1,168.63,5,1,1,511,7,1,168.63,365.25,168.63,24,240,10.0,0.0,United Kingdom
14579,432,1,105.56,1,1,1,111,3,1,105.56,365.25,105.56,24,56,2.24,1.0,United Kingdom
14580,518,1,14.85,1,1,1,111,3,1,14.85,365.25,14.85,1,3,3.0,0.0,United Kingdom
14581,17,2,433.8,5,2,2,522,9,527,216.9,1.386148007590133,433.8,59,309,4.753846153846154,0.7384615384615385,United Kingdom
14582,41,1,114.11,4,1,1,411,6,1,114.11,365.25,114.11,6,73,12.166666666666666,1.0,United Kingdom
14583,6,8,1782.33,5,4,4,544,13,615,222.79125,4.751219512195122,1782.33,353,1155,2.282608695652174,0.4031620553359684,United Kingdom
14584,169,8,1747.91,3,4,4,344,11,491,218.48875,5.95112016293279,1747.9100000000003,127,963,4.357466063348416,0.0,United Kingdom
14585,50,5,1143.27,4,4,3,443,11,366,228.654,4.989754098360656,1143.27,88,630,5.675675675675675,0.0,United Kingdom
14586,277,1,237.35999999999999,2,1,1,211,4,1,237.35999999999999,365.25,237.35999999999996,19,444,23.36842105263158,0.0,United Kingdom
14587,19,9,1601.14,5,5,4,554,14,312,177.90444444444447,10.536057692307692,1601.14,170,761,1.9869451697127938,0.0,United Kingdom
14588,578,1,135.39,1,1,1,111,3,1,135.39,365.25,135.39,16,62,3.875,0.0,United Kingdom
14589,372,1,79.5,2,1,1,211,4,1,79.5,365.25,79.5,3,10,1.6666666666666667,0.0,United Kingdom
14590,425,20,3006.62,1,5,5,155,11,307,150.331,23.794788273615637,3006.62,124,904,4.431372549019608,0.0,United Kingdom
14591,15,4,1457.76,5,3,4,534,12,197,364.44,7.416243654822336,1457.76,138,1297,6.583756345177665,0.0,United Kingdom
14592,35,3,570.46,4,3,2,432,9,28,190.15333333333334,39.13392857142858,570.46,132,415,2.5304878048780486,0.0,United Kingdom
14593,22,12,3713.62,4,5,5,455,14,708,309.4683333333333,6.190677966101695,3713.6199999999994,436,1875,3.0193236714975846,0.09500805152979067,United Kingdom
14594,7,2,634.83,5,2,3,523,10,365,317.415,2.0013698630136987,634.8300000000002,48,331,3.9404761904761907,0.0,United Kingdom
14595,20,8,2164.45,4,4,4,444,12,668,270.55625,4.374251497005988,2164.45,119,1228,9.029411764705882,0.25735294117647056,United Kingdom
14596,627,1,207.52,1,1,1,111,3,1,207.52,365.25,207.52,50,79,1.3859649122807018,0.0,United Kingdom
14597,11,6,2201.54,5,4,4,544,13,425,366.92333333333335,5.156470588235294,2201.54,79,1447,14.048543689320388,0.0,United Kingdom
14598,44,2,384.03999999999996,4,2,2,422,8,525,192.01999999999998,1.3914285714285715,384.03999999999996,83,354,3.933333333333333,0.0,United Kingdom
14599,390,2,474.54,2,2,2,222,6,118,237.27,6.190677966101695,474.53999999999996,77,295,3.597560975609756,1.0,United Kingdom
14600,306,2,865.17,2,2,3,223,7,87,432.585,8.39655172413793,865.17,53,487,9.018518518518519,0.0,United Kingdom
14601,11,1,213.96,5,1,1,511,7,1,213.96,365.25,213.96,7,168,24.0,0.0,United Kingdom
14602,656,1,205.35999999999999,1,1,1,111,3,1,205.35999999999999,365.25,205.35999999999999,31,80,2.5806451612903225,1.0,United Kingdom
14603,275,1,660.0,2,1,3,213,6,1,660.0,365.25,660.0,2,400,200.0,0.0,United Kingdom
14604,633,1,143.85999999999999,1,1,1,111,3,1,143.85999999999999,365.25,143.85999999999999,20,88,3.8260869565217392,0.0,United Kingdom
14605,374,4,939.71,2,3,3,233,8,357,234.9275,4.092436974789916,939.71,88,424,3.81981981981982,0.0,United Kingdom
14606,1,192,30609.03,5,5,5,555,15,735,159.42203125,95.41224489795918,30609.03,1262,15635,2.3812062138288153,0.19829424307036247,United Kingdom
14607,16,22,20995.920000000002,5,5,5,555,15,708,954.3600000000001,11.34957627118644,20995.92,106,12297,58.83732057416268,0.05741626794258373,United Kingdom
14608,4,11,3352.94,5,5,5,555,15,729,304.8127272727273,5.511316872427983,3352.94,15,927,21.558139534883722,0.09302325581395349,United Kingdom
14609,72,10,482.24,3,5,2,352,10,596,48.224000000000004,6.128355704697986,482.24000000000007,6,2014,154.92307692307693,0.07692307692307693,United Kingdom
14610,396,2,24.35,2,2,1,221,5,118,12.175,6.190677966101695,24.35,10,15,1.5,0.0,United Kingdom
14611,444,2,604.33,1,2,3,123,6,154,302.165,4.7435064935064934,604.33,37,582,15.31578947368421,0.0,United Kingdom
14612,415,1,877.7,1,1,3,113,5,1,877.7,365.25,877.6999999999999,14,134,9.571428571428571,0.0,United Kingdom
14613,680,1,76.32000000000001,1,1,1,111,3,1,76.32000000000001,365.25,76.32000000000001,1,72,72.0,0.0,United Kingdom
14614,386,1,295.13,2,1,2,212,5,1,295.13,365.25,295.13,19,189,9.947368421052632,0.0,United Kingdom
14615,394,5,951.76,2,4,3,243,9,153,190.352,11.936274509803923,951.7600000000001,40,495,10.3125,0.0,United Kingdom
14616,243,5,527.78,2,4,2,242,8,306,105.556,5.968137254901961,527.7800000000001,3,170,34.0,0.0,United Kingdom
14617,403,2,190.47,2,2,1,221,5,13,95.235,56.192307692307686,190.47,7,81,9.0,0.0,United Kingdom
14618,9,7,1342.32,5,4,4,544,13,537,191.76,4.761173184357542,1342.32,40,704,13.803921568627452,0.0392156862745098,United Kingdom
14619,246,2,1291.24,2,2,4,224,8,295,645.62,2.476271186440678,1291.2400000000002,58,594,9.9,0.0,United Kingdom
14620,206,2,412.78000000000003,2,2,2,222,6,78,206.39000000000001,9.365384615384615,412.78000000000003,26,214,8.23076923076923,0.0,United Kingdom
14621,1,9,3000.57,5,5,5,555,15,682,333.3966666666667,4.820014662756598,3000.57,134,1706,10.729559748427674,0.1069182389937107,United Kingdom
14622,185,1,320.58000000000004,3,1,2,312,6,1,320.58000000000004,365.25,320.58000000000004,21,146,6.9523809523809526,0.0,United Kingdom
14623,32,10,2060.18,4,5,4,454,13,569,206.01799999999997,6.419156414762742,2060.18,193,1059,3.6267123287671232,0.0,United Kingdom
14624,57,6,814.07,4,4,3,443,11,547,135.67833333333334,4.006398537477148,814.07,39,645,12.647058823529411,0.0,United Kingdom
14625,196,11,4497.88,2,5,5,255,12,527,408.89818181818185,7.623814041745731,4497.88,167,2155,8.101503759398497,0.0,United Kingdom
14626,24,11,5388.97,4,5,5,455,14,705,489.90636363636366,5.698936170212766,5388.97,181,3135,13.512931034482758,0.04741379310344827,United Kingdom
14627,379,1,462.75,2,1,2,212,5,1,462.75,365.25,462.75,29,284,9.793103448275861,0.0,United Kingdom
14628,91,5,1998.0,3,4,4,344,11,592,399.6,3.084881756756757,1998.0000000000002,65,1147,13.337209302325581,0.0,United Kingdom
14629,4,2,959.01,5,2,3,523,10,43,479.505,16.988372093023255,959.01,133,380,2.5,0.5526315789473685,United Kingdom
14630,484,1,338.65,1,1,2,112,4,1,338.65,365.25,338.65,21,111,5.285714285714286,0.0,United Kingdom
14631,51,6,2003.74,4,4,4,444,12,436,333.95666666666665,5.026376146788991,2003.74,65,1407,15.461538461538462,0.0,United Kingdom
14632,263,1,114.56,2,1,1,211,4,1,114.56,365.25,114.56,8,96,12.0,0.0,United Kingdom
14633,266,1,344.90000000000003,2,1,2,212,5,1,344.90000000000003,365.25,344.90000000000003,20,96,4.8,0.0,United Kingdom
14634,438,4,2124.46,1,3,4,134,8,104,531.115,14.048076923076922,2124.46,105,1906,17.486238532110093,0.0,United Kingdom
14635,454,1,215.22,1,1,1,111,3,1,215.22,365.25,215.22,15,118,7.866666666666666,1.0,United Kingdom
14636,36,2,609.85,4,2,3,423,9,232,304.925,3.148706896551724,609.85,27,241,8.607142857142858,0.0,United Kingdom
14637,677,1,106.68,1,1,1,111,3,1,106.68,365.25,106.68,7,100,14.285714285714286,1.0,United Kingdom
14638,51,1,443.6,4,1,2,412,7,1,443.6,365.25,443.59999999999997,16,166,10.375,0.0,United Kingdom
14639,52,9,4977.01,4,5,5,455,14,609,553.0011111111112,5.397783251231527,4977.01,203,2410,8.253424657534246,0.0,United Kingdom
14640,24,10,3667.06,4,5,5,455,14,661,366.706,5.52571860816944,3667.06,165,1651,8.093137254901961,0.0,United Kingdom
14641,22,1,110.46000000000001,4,1,1,411,6,1,110.46000000000001,365.25,110.46,7,90,12.857142857142858,0.0,United Kingdom
14642,59,1,96.12,4,1,1,411,6,1,96.12,365.25,96.12,2,76,38.0,0.0,United Kingdom
14643,170,5,1612.09,3,4,4,344,11,558,322.418,3.2728494623655915,1612.0900000000001,57,1377,22.20967741935484,0.0,United Kingdom
14644,68,7,2247.72,3,4,4,344,11,668,321.1028571428571,3.8274700598802394,2247.72,50,770,12.419354838709678,0.0,United Kingdom
14645,157,3,858.3,3,3,3,333,9,477,286.09999999999997,2.297169811320755,858.3000000000001,45,587,12.229166666666666,0.0,United Kingdom
14646,2,151,474728.37,5,5,5,555,15,735,3143.896490066225,75.03775510204082,474728.36999999994,961,320327,83.22343465835282,0.026760197453884124,Netherlands
14647,201,2,510.22,2,2,2,222,6,322,255.11,2.268633540372671,510.22,42,180,3.5294117647058822,1.0,United Kingdom
14648,416,15,4463.34,1,5,5,155,11,312,297.556,17.560096153846153,4463.34,286,3094,6.8,0.0,United Kingdom
14649,5,9,3776.41,5,5,5,555,15,683,419.6011111111111,4.812957540263543,3776.41,374,2464,4.3076923076923075,0.06818181818181818,United Kingdom
14650,589,1,62.5,1,1,1,111,3,1,62.5,365.25,62.5,4,22,5.5,0.0,United Kingdom
14651,67,9,1982.4,3,5,4,354,12,564,220.26666666666668,5.82845744680851,1982.3999999999999,216,886,3.076388888888889,0.0,United Kingdom
14652,77,1,114.18,3,1,1,311,5,1,114.18,365.25,114.18,29,53,1.8275862068965518,0.0,United Kingdom
14653,1,12,3452.28,5,5,5,555,15,736,287.69,5.955163043478262,3452.28,271,1976,5.119170984455959,0.19430051813471502,United Kingdom
14654,738,1,246.86,1,1,1,111,3,1,246.86,365.25,246.86,27,273,10.11111111111111,0.0,United Kingdom
14655,8,7,3878.51,5,4,5,545,14,588,554.0728571428572,4.348214285714286,3878.51,72,2341,22.728155339805824,0.13592233009708737,United Kingdom
14656,169,5,814.65,3,4,3,343,10,434,162.93,4.207949308755761,814.6500000000001,148,318,1.4790697674418605,0.0,United Kingdom
14657,18,6,1460.87,5,4,4,544,13,417,243.47833333333332,5.255395683453237,1460.87,143,885,4.116279069767442,0.0,United Kingdom
14658,5,2,225.2,5,2,1,521,8,111,112.6,6.581081081081081,225.2,27,47,1.6206896551724137,1.0,United Kingdom
14659,9,9,2529.93,5,5,4,554,14,306,281.1033333333333,10.742647058823529,2529.9299999999994,147,1195,4.723320158102767,0.20948616600790515,United Kingdom
14660,87,2,292.46000000000004,3,2,2,322,7,14,146.23000000000002,52.17857142857143,292.46000000000004,24,228,7.6,0.0,United Kingdom
14661,27,1,107.95,4,1,1,411,6,1,107.95,365.25,107.95,4,35,8.75,1.0,United Kingdom
14662,29,7,1416.33,4,4,4,444,12,707,202.33285714285714,3.6163366336633667,1416.33,199,935,3.6956521739130435,0.0,United Kingdom
14663,430,2,490.6,1,2,2,122,5,1,245.3,730.5,490.59999999999997,60,397,5.838235294117647,0.0,United Kingdom
14664,20,2,637.89,4,2,3,423,9,13,318.945,56.192307692307686,637.89,78,466,4.707070707070707,1.0,United Kingdom
14665,61,7,2749.65,3,4,4,344,11,531,392.8071428571429,4.814971751412429,2749.65,94,1144,8.666666666666666,0.18181818181818182,United Kingdom
14666,24,1,196.65,4,1,1,411,6,1,196.65,365.25,196.65,14,161,11.5,0.0,United Kingdom
14667,11,54,21881.61,5,5,5,555,15,726,405.21500000000003,27.16735537190083,21881.61,578,12946,9.505139500734215,0.053597650513950074,United Kingdom
14668,445,1,111.63,1,1,1,111,3,1,111.63,365.25,111.63,10,49,4.083333333333333,0.0,United Kingdom
14669,242,7,3245.61,2,4,5,245,11,495,463.65857142857146,5.165151515151515,3245.61,334,2054,5.2,0.0,United Kingdom
14670,280,3,602.0,2,3,2,232,7,452,200.66666666666666,2.4242256637168142,602.0,159,434,2.3085106382978724,0.0,United Kingdom
14671,549,2,1127.45,1,2,3,123,6,18,563.725,40.58333333333333,1127.4499999999998,48,571,10.381818181818181,0.0,United Kingdom
14672,235,4,1113.14,2,3,3,233,8,445,278.285,3.2831460674157302,1113.14,93,646,6.09433962264151,0.0,United Kingdom
14673,3,7,3410.81,5,4,5,545,14,406,487.25857142857143,6.297413793103448,3410.81,86,2035,12.484662576687116,0.0,United Kingdom
14674,509,1,173.66,1,1,1,111,3,1,173.66,365.25,173.66,14,103,7.357142857142857,1.0,United Kingdom
14675,16,2,1066.9,5,2,3,523,10,372,533.45,1.9637096774193548,1066.9,196,726,3.025,0.0,United Kingdom
14676,31,12,8161.03,4,5,5,455,14,608,680.0858333333333,7.208881578947368,8161.03,77,8252,62.045112781954884,0.03759398496240601,United Kingdom
14677,593,1,184.91,1,1,1,111,3,1,184.91,365.25,184.91,14,139,9.928571428571429,0.0,United Kingdom
14678,579,1,403.39,1,1,2,112,4,1,403.39,365.25,403.39000000000004,24,179,7.458333333333333,1.0,United Kingdom
14679,382,3,1289.44,2,3,4,234,9,349,429.81333333333333,3.1396848137535818,1289.4399999999998,49,794,12.603174603174603,0.0,United Kingdom
14680,25,58,57233.77,4,5,5,455,14,710,986.7891379310345,29.83732394366197,57233.77,222,27264,21.102167182662537,0.0,United Kingdom
14681,71,6,875.1500000000001,3,4,3,343,10,582,145.85833333333335,3.765463917525773,875.1500000000001,19,172,8.6,0.0,United Kingdom
14682,188,6,1513.8600000000001,3,4,4,344,11,484,252.31000000000003,4.527892561983471,1513.8600000000001,79,949,11.034883720930232,0.023255813953488372,United Kingdom
14683,588,1,151.21,1,1,1,111,3,1,151.21,365.25,151.21,21,386,18.38095238095238,0.0,United Kingdom
14684,26,6,1472.35,4,4,4,444,12,364,245.39166666666665,6.020604395604395,1472.35,272,1039,2.001926782273603,0.7630057803468208,United Kingdom
14685,576,8,4617.84,1,4,5,145,10,150,577.23,19.48,4617.84,109,2012,10.317948717948719,0.6051282051282051,United Kingdom
14686,414,5,885.83,1,4,3,143,8,245,177.166,7.454081632653061,885.83,185,475,2.021276595744681,0.0,United Kingdom
14687,107,3,1402.06,3,3,4,334,10,445,467.3533333333333,2.4623595505617977,1402.0599999999997,34,850,21.25,0.25,United Kingdom
14688,8,28,7706.57,5,5,5,555,15,448,275.23464285714283,22.828125000000004,7706.570000000001,197,5580,10.87719298245614,0.04483430799220273,United Kingdom
14689,209,1,112.80000000000001,2,1,1,211,4,1,112.80000000000001,365.25,112.80000000000001,13,76,5.846153846153846,1.0,United Kingdom
14690,44,4,794.33,4,3,3,433,10,366,198.5825,3.9918032786885247,794.3300000000002,69,344,3.276190476190476,0.0,United Kingdom
14691,31,5,2114.33,4,4,4,444,12,182,422.866,10.034340659340659,2114.33,50,707,9.95774647887324,0.4084507042253521,United Kingdom
14692,137,12,1745.09,3,5,4,354,12,480,145.42416666666665,9.13125,1745.0899999999997,101,905,5.552147239263804,0.0736196319018405,United Kingdom
14693,265,7,1165.3600000000001,2,4,3,243,9,261,166.48000000000002,9.795977011494251,1165.3600000000001,43,388,5.173333333333333,0.56,United Kingdom
14694,617,1,244.31,1,1,1,111,3,1,244.31,365.25,244.30999999999997,15,193,12.866666666666667,0.0,United Kingdom
14695,519,3,1620.07,1,3,4,134,8,213,540.0233333333333,5.144366197183099,1620.07,76,678,7.883720930232558,0.0,United Kingdom
14696,4,8,2769.58,5,4,4,544,13,417,346.1975,7.0071942446043165,2769.58,137,2151,12.505813953488373,0.09302325581395349,United Kingdom
14697,218,2,188.61,2,2,1,221,5,1,94.305,730.5,188.61,22,181,8.227272727272727,0.0,United Kingdom
14698,2,5,1250.76,5,4,4,544,13,49,250.152,37.27040816326531,1250.76,148,615,2.9285714285714284,0.40476190476190477,United Kingdom
14699,214,4,702.6,2,3,3,233,8,311,175.65,4.697749196141479,702.6,45,484,9.68,0.0,United Kingdom
14700,32,5,3116.26,4,4,5,445,13,453,623.2520000000001,4.031456953642384,3116.26,111,1634,9.611764705882353,0.0,United Kingdom
14701,11,15,4356.64,5,5,5,555,15,674,290.4426666666667,8.128709198813057,4356.640000000001,455,1782,2.892857142857143,0.19480519480519481,United Kingdom
14702,1,29,6738.62,5,5,5,555,15,727,232.36620689655172,14.56980742778542,6738.62,338,3073,4.262135922330097,0.13730929264909847,United Kingdom
14703,15,1,318.17,5,1,2,512,8,1,318.17,365.25,318.17,22,183,8.318181818181818,0.0,United Kingdom
14704,11,11,1813.57,5,5,4,554,14,612,164.87,6.564950980392157,1813.5700000000002,319,1209,2.5031055900621118,0.2670807453416149,United Kingdom
14705,199,1,179.0,2,1,1,211,4,1,179.0,365.25,179.0,1,100,100.0,0.0,United Kingdom
14706,619,1,390.69,1,1,2,112,4,1,390.69,365.25,390.69,25,263,9.392857142857142,0.0,United Kingdom
14707,436,2,139.2,1,2,1,121,4,141,69.6,5.180851063829787,139.2,1,96,48.0,0.0,United Kingdom
14708,3,5,2150.33,5,4,4,544,13,452,430.066,4.040376106194691,2150.33,27,1509,28.471698113207548,0.0,United Kingdom
14709,15,25,8864.380000000001,5,5,5,555,15,719,354.57520000000005,12.699930458970794,8864.380000000001,105,4141,11.599439775910364,0.22128851540616246,United Kingdom
14710,14,13,1923.04,5,5,4,554,14,721,147.92615384615385,6.585644937586685,1923.04,310,1151,2.6040723981900453,0.21040723981900453,United Kingdom
14711,10,11,2303.8,5,5,4,554,14,252,209.43636363636367,15.943452380952381,2303.8000000000006,221,978,2.7394957983193278,0.10084033613445378,United Kingdom
14712,29,4,1328.0700000000002,4,3,4,434,11,388,332.01750000000004,3.7654639175257736,1328.0700000000002,24,411,12.84375,0.625,United Kingdom
14713,9,21,5418.87,5,5,5,555,15,726,258.0414285714286,10.565082644628099,5418.87,222,3456,4.923076923076923,0.0,United Kingdom
14714,24,4,906.24,4,3,3,433,10,663,226.56,2.2036199095022626,906.2400000000001,64,642,6.903225806451613,0.0,United Kingdom
14715,25,8,1843.45,4,4,4,444,12,664,230.43125,4.400602409638554,1843.45,102,1034,7.492753623188406,0.0,United Kingdom
14716,43,3,565.45,4,3,2,432,9,401,188.48333333333335,2.732543640897756,565.45,85,752,7.52,0.0,United Kingdom
14717,733,1,81.3,1,1,1,111,3,1,81.3,365.25,81.3,11,32,2.909090909090909,1.0,United Kingdom
14718,410,1,226.42,2,1,1,211,4,1,226.42,365.25,226.42,11,202,18.363636363636363,0.0,United Kingdom
14719,2,5,1602.13,5,4,4,544,13,247,320.42600000000004,7.3937246963562755,1602.1300000000003,177,1032,4.3544303797468356,0.0,United Kingdom
14720,6,3,663.81,5,3,3,533,11,120,221.26999999999998,9.13125,663.8099999999998,34,219,5.918918918918919,0.7567567567567568,United Kingdom
14721,379,1,115.77,2,1,1,211,4,1,115.77,365.25,115.77,24,59,2.185185185185185,0.0,United Kingdom
14722,147,3,513.37,3,3,2,332,8,339,171.12333333333333,3.232300884955752,513.37,72,222,2.3617021276595747,0.0,United Kingdom
14723,10,11,2093.27,5,5,4,554,14,725,190.2972727272727,5.541724137931035,2093.27,287,1308,2.7193347193347193,0.2286902286902287,United Kingdom
14724,590,1,341.35,1,1,2,112,4,1,341.35,365.25,341.35,40,187,4.348837209302325,0.0,United Kingdom
14725,25,4,1315.24,4,3,4,434,11,510,328.81,2.864705882352941,1315.24,85,1340,12.761904761904763,0.0,United Kingdom
14726,655,1,124.75,1,1,1,111,3,1,124.75,365.25,124.75,15,91,4.7894736842105265,0.0,United Kingdom
14727,274,3,476.33,2,3,2,232,7,272,158.77666666666667,4.028492647058823,476.33,43,468,9.957446808510639,0.0,United Kingdom
14728,413,1,190.58,1,1,1,111,3,1,190.58,365.25,190.58,14,68,4.857142857142857,0.0,United Kingdom
14729,374,3,907.38,2,3,3,233,8,251,302.46,4.365537848605578,907.38,126,574,2.7596153846153846,0.0,United Kingdom
14730,1,8,1998.76,5,4,4,544,13,275,249.845,10.625454545454545,1998.7599999999998,317,1132,2.259481037924152,0.0,United Kingdom
14731,47,3,380.02,4,3,2,432,9,165,126.67333333333333,6.6409090909090915,380.02000000000004,38,256,5.688888888888889,0.3333333333333333,United Kingdom
14732,8,19,5513.17,5,5,5,555,15,722,290.1668421052632,9.611842105263158,5513.17,162,2273,8.205776173285198,0.0,United Kingdom
14733,16,15,16184.97,5,5,5,555,15,385,1078.998,14.230519480519481,16184.970000000003,140,6491,18.652298850574713,0.020114942528735632,United Kingdom
14734,426,4,1056.42,1,3,3,133,7,125,264.105,11.688,1056.42,48,378,6.0,0.4126984126984127,United Kingdom
14735,4,56,12240.16,5,5,5,555,15,732,218.5742857142857,27.942622950819672,12240.16,198,4513,12.330601092896174,0.1366120218579235,United Kingdom
14736,485,2,401.08,1,2,2,122,5,1,200.54,730.5,401.08,70,164,1.64,0.0,United Kingdom
14737,4,4,3554.17,5,3,5,535,13,396,888.5425,3.689393939393939,3554.17,28,1071,23.8,0.0,United Kingdom
14738,43,9,1818.0,4,5,4,454,13,689,202.0,4.771044992743106,1818.0000000000002,58,757,9.4625,0.0,United Kingdom
14739,4,25,11981.74,5,5,5,555,15,733,479.26959999999997,12.457366984993179,11981.74,129,9180,35.859375,0.0703125,United Kingdom
14740,197,11,4137.16,2,5,5,255,12,455,376.1054545454545,8.83021978021978,4137.16,173,2081,9.008658008658008,0.08658008658008658,United Kingdom
14741,12,7,1897.5900000000001,5,4,4,544,13,405,271.0842857142857,6.312962962962963,1897.5900000000001,48,1120,13.176470588235293,0.15294117647058825,United Kingdom
14742,435,1,579.85,1,1,2,112,4,1,579.85,365.25,579.85,34,374,11.0,0.0,United Kingdom
14743,593,1,50.480000000000004,1,1,1,111,3,1,50.480000000000004,365.25,50.48,3,40,13.333333333333334,0.0,United Kingdom
14744,16,14,3763.98,5,5,5,555,15,553,268.85571428571427,9.246835443037975,3763.98,57,2457,20.305785123966942,0.0,United Kingdom
14745,113,12,2571.81,3,5,4,354,12,524,214.3175,8.364503816793894,2571.8100000000004,74,1977,14.02127659574468,0.04964539007092199,United Kingdom
14746,406,4,593.5,2,3,2,232,7,17,148.375,85.94117647058823,593.5,7,398,44.22222222222222,0.0,United Kingdom
14747,249,1,328.2,2,1,2,212,5,1,328.2,365.25,328.2,18,84,4.666666666666667,0.0,United Kingdom
14748,29,10,3172.12,4,5,5,455,14,616,317.212,5.929383116883117,3172.1200000000003,129,2752,14.408376963350785,0.0,United Kingdom
14749,480,1,310.15,1,1,2,112,4,1,310.15,365.25,310.15,18,403,22.38888888888889,0.0,United Kingdom
14750,736,1,112.03,1,1,1,111,3,1,112.03,365.25,112.02999999999999,32,65,2.03125,0.0,United Kingdom
14751,684,2,126.45,1,2,1,121,4,41,63.225,17.817073170731707,126.45000000000002,7,65,9.285714285714286,1.0,United Kingdom
14752,44,1,389.64000000000004,4,1,2,412,7,1,389.64000000000004,365.25,389.64000000000004,5,260,52.0,0.0,United Kingdom
14753,87,2,869.51,3,2,3,323,8,373,434.755,1.9584450402144773,869.51,45,412,8.583333333333334,0.375,United Kingdom
14754,45,6,1550.48,4,4,4,444,12,646,258.41333333333336,3.392414860681115,1550.4800000000002,110,1011,7.37956204379562,0.2116788321167883,United Kingdom
14755,10,25,9948.65,5,5,5,555,15,726,397.94599999999997,12.577479338842975,9948.65,219,4401,9.265263157894736,0.18526315789473685,United Kingdom
14756,15,3,2613.86,5,3,4,534,12,409,871.2866666666667,2.679095354523227,2613.86,102,1423,11.957983193277311,0.0,United Kingdom
14757,75,1,420.5,3,1,2,312,6,1,420.5,365.25,420.5,19,160,8.421052631578947,1.0,United Kingdom
14758,145,7,2847.27,3,4,4,344,11,465,406.7528571428571,5.498387096774193,2847.27,91,840,6.176470588235294,0.0,United Kingdom
14759,5,3,1625.97,5,3,4,534,12,228,541.99,4.805921052631579,1625.97,92,569,5.578431372549019,0.0,United Kingdom
14760,297,1,89.2,2,1,1,211,4,1,89.2,365.25,89.2,5,40,8.0,0.0,United Kingdom
14761,59,3,447.92,4,3,2,432,9,385,149.30666666666667,2.8461038961038962,447.92,21,206,8.583333333333334,0.2916666666666667,United Kingdom
14762,264,2,417.57,2,2,2,222,6,362,208.785,2.0179558011049723,417.57,28,428,14.266666666666667,0.0,United Kingdom
14764,47,1,278.3,4,1,1,411,6,1,278.3,365.25,278.3,6,190,31.666666666666668,0.0,United Kingdom
14765,29,3,254.11,4,3,1,431,8,147,84.70333333333333,7.454081632653061,254.10999999999999,38,135,3.4615384615384617,0.0,United Kingdom
14766,8,11,6559.49,5,5,5,555,15,543,596.3172727272727,7.399171270718232,6559.49,251,4063,11.95,0.20294117647058824,United Kingdom
14767,474,1,382.81,1,1,2,112,4,1,382.81,365.25,382.81,18,117,6.5,1.0,United Kingdom
14768,17,2,192.60000000000002,5,2,1,521,8,109,96.30000000000001,6.70183486238532,192.60000000000002,4,52,10.4,0.0,United Kingdom
14769,3,17,15753.93,5,5,5,555,15,721,926.7017647058824,8.611997226074896,15753.930000000002,834,11255,7.892706872370266,0.7194950911640954,United Kingdom
14770,232,8,3637.6400000000003,2,4,5,245,11,419,454.70500000000004,6.973747016706444,3637.64,152,1598,8.111675126903553,0.09137055837563451,United Kingdom
14771,621,2,597.5,1,2,2,122,5,115,298.75,6.352173913043479,597.5,46,622,13.23404255319149,0.5957446808510638,United Kingdom
14772,112,1,139.26,3,1,1,311,5,1,139.26,365.25,139.26,9,82,9.11111111111111,0.0,United Kingdom
14773,593,1,140.55,1,1,1,111,3,1,140.55,365.25,140.55,10,53,5.3,0.0,United Kingdom
14774,529,1,241.45000000000002,1,1,1,111,3,1,241.45000000000002,365.25,241.45000000000002,13,99,7.615384615384615,0.0,United Kingdom
14775,58,3,1418.46,4,3,4,434,11,313,472.82,3.5007987220447285,1418.46,57,1558,19.475,0.0,United Kingdom
14776,51,15,3708.2999999999997,4,5,5,455,14,395,247.21999999999997,13.870253164556964,3708.2999999999997,68,4658,24.51578947368421,0.10526315789473684,United Kingdom
14777,404,1,307.56,2,1,2,212,5,1,307.56,365.25,307.56,16,212,13.25,0.0,United Kingdom
14778,127,2,730.86,3,2,3,323,8,181,365.43,4.035911602209945,730.86,34,306,8.742857142857142,0.0,United Kingdom
14779,281,3,343.35,2,3,2,232,7,43,114.45,25.482558139534884,343.35,40,84,2.048780487804878,0.0,United Kingdom
14780,55,2,447.68,4,2,2,422,8,24,223.84,30.4375,447.68,26,310,11.481481481481481,0.2962962962962963,United Kingdom
14782,320,1,200.10000000000002,2,1,1,211,4,1,200.10000000000002,365.25,200.10000000000002,6,114,19.0,0.0,United Kingdom
14783,659,1,307.3,1,1,2,112,4,1,307.3,365.25,307.3,17,262,15.411764705882353,0.0,United Kingdom
14784,26,3,427.98,4,3,2,432,9,363,142.66,3.0185950413223144,427.98,25,363,13.444444444444445,0.4074074074074074,United Kingdom
14785,10,2,77.4,5,2,1,521,8,4,38.7,182.625,77.4,2,84,28.0,0.0,United Kingdom
14786,550,1,92.16,1,1,1,111,3,1,92.16,365.25,92.16000000000001,7,112,16.0,0.0,United Kingdom
14787,471,1,110.65,1,1,1,111,3,1,110.65,365.25,110.64999999999999,14,59,3.933333333333333,0.0,United Kingdom
14788,7,3,1156.32,5,3,3,533,11,588,385.44,1.8635204081632653,1156.32,53,719,12.39655172413793,0.25862068965517243,United Kingdom
14789,29,1,197.64,4,1,1,411,6,1,197.64,365.25,197.64,6,116,19.333333333333332,0.0,United Kingdom
14790,17,10,2504.67,5,5,4,554,14,711,250.467,5.137130801687764,2504.6700000000005,65,2642,18.220689655172414,0.09655172413793103,United Kingdom
14791,607,1,303.63,1,1,2,112,4,1,303.63,365.25,303.63,19,127,6.684210526315789,0.0,United Kingdom
14792,64,1,6.2,3,1,1,311,5,1,6.2,365.25,6.2,2,2,1.0,0.0,United Kingdom
14793,21,2,625.9,4,2,3,423,9,513,312.95,1.4239766081871346,625.9,39,361,9.256410256410257,0.0,United Kingdom
14794,3,10,1721.98,5,5,4,554,14,484,172.198,7.546487603305785,1721.9799999999998,85,783,7.528846153846154,0.08653846153846154,United Kingdom
14795,166,1,131.45000000000002,3,1,1,311,5,1,131.45000000000002,365.25,131.45000000000002,6,17,2.8333333333333335,1.0,United Kingdom
14796,1,27,10889.710000000001,5,5,5,555,15,724,403.3225925925926,13.621201657458563,10889.710000000001,487,7653,4.927881519639407,0.0,United Kingdom
14797,507,1,300.31,1,1,2,112,4,1,300.31,365.25,300.31,16,99,6.1875,0.0,United Kingdom
14798,53,8,724.31,4,4,3,443,11,596,90.53875,4.902684563758389,724.31,30,601,12.26530612244898,0.0,United Kingdom
14799,51,2,350.71,4,2,2,422,8,686,175.355,1.064868804664723,350.7099999999999,20,407,17.695652173913043,0.0,United Kingdom
14800,48,17,7599.0,4,5,5,455,14,387,447.0,16.044573643410853,7599.0,337,6967,10.620426829268293,0.850609756097561,United Kingdom
14801,61,1,193.56,3,1,1,311,5,1,193.56,365.25,193.55999999999997,56,175,2.9661016949152543,1.0,United Kingdom
14802,438,2,36.0,1,2,1,121,4,1,18.0,730.5,36.0,1,2,1.0,0.0,United Kingdom
14803,162,3,845.5500000000001,3,3,3,333,9,130,281.85,8.428846153846154,845.5500000000001,35,370,8.409090909090908,0.3181818181818182,United Kingdom
14804,9,1,353.27,5,1,2,512,8,1,353.27,365.25,353.27,12,121,10.083333333333334,0.0,United Kingdom
14805,15,7,1113.04,5,4,3,543,12,606,159.00571428571428,4.219059405940595,1113.0400000000002,88,421,3.1893939393939394,0.8560606060606061,United Kingdom
14806,75,2,303.43,3,2,2,322,7,363,151.715,2.012396694214876,303.43,17,423,21.15,1.0,United Kingdom
14807,391,2,519.29,2,2,2,222,6,259,259.645,2.8204633204633205,519.29,37,247,6.175,1.0,United Kingdom
14808,40,8,2553.67,4,4,4,444,12,132,319.20875,22.136363636363633,2553.67,176,2147,9.136170212765958,0.22127659574468084,United Kingdom
14809,621,2,686.76,1,2,3,123,6,1,343.38,730.5,686.76,18,232,12.88888888888889,1.0,United Kingdom
14810,41,13,2535.07,4,5,4,454,13,388,195.00538461538463,12.237757731958764,2535.07,125,1247,3.836923076923077,0.7107692307692308,United Kingdom
14811,387,1,170.5,2,1,1,211,4,1,170.5,365.25,170.5,28,74,2.642857142857143,0.0,United Kingdom
14812,599,1,185.8,1,1,1,111,3,1,185.8,365.25,185.79999999999998,36,136,3.675675675675676,0.0,United Kingdom
14813,370,4,1082.97,2,3,3,233,8,241,270.7425,6.062240663900415,1082.97,110,474,2.6779661016949152,0.3389830508474576,United Kingdom
14814,581,1,160.46,1,1,1,111,3,1,160.46,365.25,160.46,28,96,3.0,0.0,United Kingdom
14815,37,2,778.5,4,2,3,423,9,31,389.25,23.564516129032256,778.4999999999999,53,744,14.037735849056604,0.0,United Kingdom
14816,197,1,57.85,2,1,1,211,4,1,57.85,365.25,57.85,4,5,1.25,0.0,United Kingdom
14817,200,7,3735.86,2,4,5,245,11,427,533.6942857142857,5.9877049180327875,3735.86,142,2462,10.704347826086957,0.1,United Kingdom
14818,74,6,1170.41,3,4,3,343,10,573,195.06833333333336,3.824607329842932,1170.41,87,546,5.102803738317757,0.0,United Kingdom
14819,64,4,470.16,3,3,2,332,8,653,117.54,2.237366003062787,470.16,52,173,3.0350877192982457,0.0,United Kingdom
14820,21,9,1212.81,4,5,4,454,13,656,134.75666666666666,5.011051829268292,1212.81,51,724,11.3125,0.703125,United Kingdom
14821,367,7,1286.45,2,4,4,244,10,309,183.77857142857144,8.274271844660195,1286.4500000000003,65,485,6.736111111111111,0.0,United Kingdom
14822,485,1,157.7,1,1,1,111,3,1,157.7,365.25,157.7,9,94,10.444444444444445,0.0,United Kingdom
14823,180,3,321.43,3,3,2,332,8,14,107.14333333333333,78.26785714285715,321.43,56,88,1.2571428571428571,1.0,United Kingdom
14824,10,10,4022.9100000000003,5,5,5,555,15,627,402.29100000000005,5.8253588516746415,4022.9100000000008,84,1954,12.367088607594937,0.012658227848101266,United Kingdom
14825,4,24,4919.2300000000005,5,5,5,555,15,608,204.9679166666667,14.417763157894736,4919.2300000000005,187,2848,9.187096774193549,0.02258064516129032,United Kingdom
14826,582,2,385.2,1,2,2,122,5,113,192.6,6.464601769911504,385.2,10,152,15.2,0.0,United Kingdom
14828,197,13,9114.82,2,5,5,255,12,535,701.14,8.875233644859813,9114.820000000002,72,8446,83.62376237623762,0.07920792079207921,United Kingdom
14829,29,7,1692.84,4,4,4,444,12,407,241.8342857142857,6.281941031941033,1692.8400000000001,77,1147,10.427272727272728,0.0,United Kingdom
14830,53,1,197.13,4,1,1,411,6,1,197.13,365.25,197.13,39,169,4.225,0.0,United Kingdom
14831,680,3,1676.57,1,3,4,134,8,57,558.8566666666667,19.223684210526315,1676.5700000000002,67,885,10.792682926829269,0.0,United Kingdom
14832,630,1,18.0,1,1,1,111,3,1,18.0,365.25,18.0,1,1,1.0,0.0,United Kingdom
14833,499,1,94.8,1,1,1,111,3,1,94.8,365.25,94.8,7,58,8.285714285714286,0.0,United Kingdom
14834,18,7,2206.16,5,4,4,544,13,389,315.1657142857143,6.572622107969151,2206.16,55,872,10.022988505747126,0.0,United Kingdom
14835,529,2,297.0,1,2,2,122,5,88,148.5,8.301136363636363,297.0,1,180,90.0,0.0,United Kingdom
14836,10,3,102.45,5,3,1,531,9,20,34.15,54.7875,102.44999999999999,5,45,7.5,0.0,United Kingdom
14837,90,9,3472.2,3,5,5,355,13,595,385.79999999999995,5.5247899159663865,3472.1999999999994,171,3030,14.497607655502392,0.5741626794258373,United Kingdom
14838,423,2,773.6700000000001,1,2,3,123,6,313,386.83500000000004,2.3338658146964857,773.6700000000001,69,362,5.098591549295775,0.0,United Kingdom
14839,418,3,915.28,1,3,3,133,7,285,305.0933333333333,3.844736842105263,915.2799999999999,61,927,12.527027027027026,0.4594594594594595,United Kingdom
14840,268,2,362.71000000000004,2,2,2,222,6,271,181.35500000000002,2.695571955719557,362.71000000000004,20,179,8.136363636363637,0.0,United Kingdom
14841,53,14,7173.56,4,5,5,455,14,683,512.3971428571429,7.486822840409956,7173.56,196,4164,13.88,0.0,United Kingdom
14842,44,4,2547.69,4,3,4,434,11,264,636.9225,5.534090909090908,2547.6899999999996,128,1166,8.041379310344828,0.0,United Kingdom
14843,437,1,211.8,1,1,1,111,3,1,211.8,365.25,211.79999999999998,9,132,14.666666666666666,0.0,United Kingdom
14844,64,10,6702.43,3,5,5,355,13,542,670.243,6.738929889298893,6702.430000000001,158,4369,15.772563176895307,0.0,United Kingdom
14845,600,1,50.0,1,1,1,111,3,1,50.0,365.25,50.0,1,200,200.0,0.0,United Kingdom
14846,427,1,437.4,1,1,2,112,4,1,437.4,365.25,437.40000000000003,12,193,16.083333333333332,0.0,United Kingdom
14847,149,3,1348.95,3,3,4,334,10,415,449.65000000000003,2.6403614457831326,1348.95,56,533,8.596774193548388,0.0,United Kingdom
14848,405,1,310.56,2,1,2,212,5,1,310.56,365.25,310.56,11,260,23.636363636363637,1.0,United Kingdom
14849,22,43,15763.45,4,5,5,455,14,676,366.59186046511627,23.23335798816568,15763.449999999999,279,12026,15.928476821192053,0.14966887417218544,United Kingdom
14850,312,7,1794.01,2,4,4,244,10,256,256.28714285714284,9.9873046875,1794.01,129,1408,7.0049751243781095,0.47761194029850745,United Kingdom
14851,23,3,829.41,4,3,3,433,10,607,276.46999999999997,1.805189456342669,829.4099999999999,38,631,15.023809523809524,0.0,United Kingdom
14852,58,18,6147.18,4,5,5,455,14,585,341.51,11.23846153846154,6147.18,152,4371,14.1,0.0935483870967742,United Kingdom
14853,24,5,1376.87,4,4,4,444,12,581,275.37399999999997,3.1432874354561102,1376.87,26,345,11.129032258064516,0.0,United Kingdom
14854,78,11,4278.96,3,5,5,355,13,608,388.99636363636364,6.60814144736842,4278.96,170,2999,13.948837209302326,0.05116279069767442,United Kingdom
14855,119,7,6520.3,3,4,5,345,12,491,931.4714285714286,5.207230142566192,6520.300000000001,168,3510,16.956521739130434,0.3140096618357488,United Kingdom
14856,36,3,1311.38,4,3,4,434,11,20,437.1266666666667,54.7875,1311.38,65,714,10.818181818181818,0.0,United Kingdom
14857,60,7,3652.04,3,4,5,345,12,574,521.72,4.454268292682927,3652.04,170,2081,9.769953051643192,0.0,United Kingdom
14858,506,1,180.75,1,1,1,111,3,1,180.75,365.25,180.75,11,105,9.545454545454545,0.0,United Kingdom
14859,13,5,1705.64,5,4,4,544,13,542,341.12800000000004,3.3694649446494465,1705.6400000000003,51,888,13.454545454545455,0.22727272727272727,United Kingdom
14860,19,1,170.32,5,1,1,511,7,1,170.32,365.25,170.32,11,232,21.09090909090909,1.0,United Kingdom
14861,52,10,1380.73,4,5,4,454,13,679,138.073,5.379234167893962,1380.73,62,1076,12.511627906976743,0.1511627906976744,United Kingdom
14862,26,2,858.72,4,2,3,423,9,122,429.36,5.9877049180327875,858.7199999999999,47,772,16.083333333333332,0.0,United Kingdom
14863,29,1,266.76,4,1,1,411,6,1,266.76,365.25,266.76,11,132,12.0,0.0,United Kingdom
14865,7,4,129.72,5,3,1,531,9,731,32.43,1.9986320109439124,129.71999999999997,4,300,33.333333333333336,0.0,United Kingdom
14866,11,19,20166.010000000002,5,5,5,555,15,459,1061.3689473684212,15.119281045751634,20166.010000000002,40,8761,63.948905109489054,0.029197080291970802,United Kingdom
14867,186,16,2924.76,3,5,5,355,13,548,182.7975,10.664233576642335,2924.76,67,996,7.2700729927007295,0.10218978102189781,United Kingdom
14868,3,12,4184.01,5,5,5,555,15,416,348.6675,10.536057692307692,4184.01,132,2230,10.568720379146919,0.12796208530805686,United Kingdom
14869,9,6,2804.2400000000002,5,4,4,544,13,715,467.3733333333334,3.065034965034965,2804.2400000000002,187,2138,8.552,0.716,United Kingdom
14870,262,6,1838.95,2,4,4,244,10,422,306.4916666666667,5.193127962085308,1838.9500000000003,43,483,7.430769230769231,0.0,United Kingdom
14871,3,9,1257.02,5,5,4,554,14,735,139.6688888888889,4.472448979591837,1257.0199999999998,123,454,2.2587064676616917,0.0,United Kingdom
14872,484,3,816.6,1,3,3,133,7,149,272.2,7.354026845637583,816.5999999999999,34,662,15.395348837209303,0.0,United Kingdom
14873,210,2,854.13,2,2,3,223,7,423,427.065,1.726950354609929,854.13,48,311,6.346938775510204,0.0,United Kingdom
14874,535,1,116.18,1,1,1,111,3,1,116.18,365.25,116.18,6,148,24.666666666666668,0.0,United Kingdom
14875,108,3,2732.65,3,3,4,334,10,334,910.8833333333333,3.2806886227544907,2732.65,88,1332,14.96629213483146,0.0,United Kingdom
14876,521,2,256.7,1,2,1,121,4,40,128.35,18.2625,256.69999999999993,12,162,12.461538461538462,0.0,United Kingdom
14877,418,2,437.0,1,2,2,122,5,224,218.5,3.2611607142857144,436.99999999999994,57,171,2.590909090909091,1.0,United Kingdom
14878,13,25,4105.24,5,5,5,555,15,644,164.2096,14.178959627329192,4105.24,159,2432,6.450928381962865,0.7241379310344828,United Kingdom
14879,685,1,185.06,1,1,1,111,3,1,185.06,365.25,185.05999999999997,27,104,3.8518518518518516,1.0,United Kingdom
14880,77,3,706.19,3,3,3,333,9,211,235.39666666666668,5.193127962085308,706.19,45,373,7.9361702127659575,0.0,United Kingdom
14881,20,1,255.4,4,1,1,411,6,1,255.4,365.25,255.4,17,316,18.58823529411765,1.0,United Kingdom
14882,27,14,3628.15,4,5,5,455,14,592,259.1535714285714,8.63766891891892,3628.1499999999996,32,1640,24.11764705882353,0.35294117647058826,United Kingdom
14883,19,6,761.59,5,4,3,543,12,193,126.93166666666667,11.354922279792746,761.5899999999999,39,790,14.90566037735849,0.0,United Kingdom
14884,669,1,120.6,1,1,1,111,3,1,120.6,365.25,120.60000000000001,8,72,9.0,0.0,United Kingdom
14885,132,3,1598.12,3,3,4,334,10,334,532.7066666666666,3.2806886227544907,1598.1199999999997,24,1308,42.193548387096776,0.4838709677419355,United Kingdom
14886,253,1,364.8,2,1,2,212,5,1,364.8,365.25,364.8,18,160,8.88888888888889,0.0,United Kingdom
14887,79,1,1862.0,3,1,4,314,8,1,1862.0,365.25,1862.0,6,1100,183.33333333333334,0.0,United Kingdom
14888,207,1,369.2,2,1,2,212,5,1,369.2,365.25,369.2,20,184,9.2,0.0,United Kingdom
14889,336,1,135.9,2,1,1,211,4,1,135.9,365.25,135.9,10,90,9.0,0.0,United Kingdom
14890,254,3,817.25,2,3,3,233,8,406,272.4166666666667,2.698891625615764,817.2500000000001,55,636,11.157894736842104,0.0,United Kingdom
14891,148,4,1106.73,3,3,3,333,9,288,276.6825,5.072916666666666,1106.73,55,788,12.507936507936508,0.42857142857142855,United Kingdom
14892,691,1,202.35000000000002,1,1,1,111,3,1,202.35000000000002,365.25,202.35000000000002,13,79,6.076923076923077,0.0,United Kingdom
14893,10,3,1802.66,5,3,4,534,12,608,600.8866666666667,1.802220394736842,1802.66,98,1047,9.877358490566039,0.0,United Kingdom
14894,85,3,1492.81,3,3,4,334,10,652,497.6033333333333,1.6805981595092025,1492.81,39,603,13.108695652173912,0.0,United Kingdom
14895,8,38,24739.94,5,5,5,555,15,721,651.051052631579,19.250346740638,24739.94,441,10714,11.904444444444444,0.19777777777777777,United Kingdom
14896,205,8,2090.4700000000003,2,4,4,244,10,528,261.30875000000003,5.534090909090908,2090.4700000000003,150,1117,3.8919860627177703,0.44947735191637633,United Kingdom
14897,8,8,3129.34,5,4,5,545,14,716,391.1675,4.081005586592179,3129.34,94,1162,9.149606299212598,0.0,United Kingdom
14898,23,14,3473.06,4,5,5,455,14,712,248.07571428571427,7.18188202247191,3473.06,185,2207,7.259868421052632,0.21052631578947367,United Kingdom
14899,395,1,1340.98,2,1,4,214,7,1,1340.98,365.25,1340.98,126,586,4.2773722627737225,0.0,United Kingdom
14900,522,1,13.919999999999998,1,1,1,111,3,1,13.919999999999998,365.25,13.92,1,48,48.0,0.0,United Kingdom
14901,11,12,2289.65,5,5,4,554,14,487,190.80416666666667,9.0,2289.65,103,1053,6.3053892215568865,0.0,United Kingdom
14902,26,3,1035.6200000000001,4,3,3,433,10,527,345.2066666666667,2.0792220113851996,1035.6200000000003,51,716,12.135593220338983,0.0,United Kingdom
14903,21,5,2804.47,4,4,4,444,12,257,560.894,7.10603112840467,2804.47,227,1536,4.326760563380281,0.4112676056338028,United Kingdom
14904,2,4,1621.58,5,3,4,534,12,425,405.395,3.4376470588235293,1621.5799999999997,127,2461,17.09027777777778,0.0,United Kingdom
14905,158,8,1971.39,3,4,4,344,11,578,246.42375,5.055363321799308,1971.39,45,1009,12.935897435897436,0.0,United Kingdom
14906,445,1,18.0,1,1,1,111,3,1,18.0,365.25,18.0,1,1,1.0,0.0,United Kingdom
14907,3,16,6165.79,5,5,5,555,15,599,385.361875,9.756260434056761,6165.79,153,2817,9.516891891891891,0.06756756756756757,United Kingdom
14908,74,2,381.9,3,2,2,322,7,388,190.95,1.8827319587628868,381.9,14,182,13.0,0.0,United Kingdom
14909,437,3,1404.68,1,3,4,134,8,226,468.2266666666667,4.8484513274336285,1404.6800000000003,61,888,11.1,0.2625,United Kingdom
14910,3,4,434.35,5,3,2,532,10,51,108.5875,28.647058823529413,434.34999999999997,25,238,7.933333333333334,0.5,United Kingdom
14911,1,398,277722.44,5,5,5,555,15,737,697.7950753768845,197.2449118046133,277722.44,2550,147995,13.16096042685638,0.08261449533125834,EIRE
14912,17,6,1867.58,5,4,4,544,13,665,311.2633333333333,3.2954887218045115,1867.5800000000002,44,1819,28.873015873015873,0.0,Italy
14913,36,8,4053.58,4,4,5,445,13,449,506.6975,6.507795100222717,4053.5800000000004,176,3955,16.012145748987855,0.0,United Kingdom
14915,91,11,1811.25,3,5,4,354,12,645,164.6590909090909,6.22906976744186,1811.25,65,707,7.855555555555555,0.0,United Kingdom
14916,71,8,3042.95,3,4,5,345,12,546,380.36875,5.351648351648352,3042.9500000000003,113,2415,18.02238805970149,0.05223880597014925,United Kingdom
14917,597,2,1120.39,1,2,3,123,6,1,560.195,730.5,1120.39,29,875,30.17241379310345,0.0,United Kingdom
14918,116,9,5955.81,3,5,5,355,13,495,661.7566666666667,6.640909090909091,5955.81,79,2551,18.092198581560282,0.1773049645390071,United Kingdom
14919,539,1,359.35,1,1,2,112,4,1,359.35,365.25,359.34999999999997,13,129,9.923076923076923,0.0,United Kingdom
14920,213,3,1607.17,2,3,4,234,9,352,535.7233333333334,3.1129261363636362,1607.17,90,886,9.1340206185567,0.41237113402061853,United Kingdom
14921,30,2,1317.75,4,2,4,424,10,171,658.875,4.271929824561403,1317.75,78,953,12.217948717948717,0.6794871794871795,United Kingdom
14922,394,2,843.74,2,2,3,223,7,114,421.87,6.407894736842105,843.74,49,376,7.52,0.0,United Kingdom
14923,51,1,749.1,4,1,3,413,8,1,749.1,365.25,749.1,44,418,9.5,0.0,United Kingdom
14924,246,3,762.06,2,3,3,233,8,393,254.01999999999998,2.7881679389312977,762.06,30,312,10.064516129032258,0.0,United Kingdom
14926,382,2,359.4,2,2,2,222,6,216,179.7,3.3819444444444446,359.4,2,204,68.0,0.0,United Kingdom
14927,397,1,308.2,2,1,2,212,5,1,308.2,365.25,308.2,20,196,9.8,0.0,United Kingdom
14928,628,1,223.91000000000003,1,1,1,111,3,1,223.91000000000003,365.25,223.91,21,268,12.761904761904763,0.0,United Kingdom
14929,32,2,836.69,4,2,3,423,9,389,418.345,1.877892030848329,836.6900000000002,34,487,14.323529411764707,0.0,United Kingdom
14930,109,6,5083.08,3,4,5,345,12,497,847.18,4.409456740442656,5083.08,213,2199,7.881720430107527,0.0,Channel Islands
14931,5,5,918.6800000000001,5,4,3,543,12,236,183.73600000000002,7.7383474576271185,918.6800000000001,30,417,10.170731707317072,0.0,Channel Islands
14932,366,2,933.66,2,2,3,223,7,20,466.83,36.525,933.66,29,337,6.877551020408164,0.0,Channel Islands
14933,444,4,1475.0,1,3,4,134,8,1,368.75,1461.0,1475.0,1,500,125.0,0.0,Channel Islands
14934,82,5,3439.5,3,4,5,345,12,359,687.9,5.087047353760446,3439.5,115,2100,11.35135135135135,0.0,Channel Islands
14935,297,2,2715.28,2,2,4,224,8,322,1357.64,2.268633540372671,2715.28,25,1724,66.3076923076923,0.0,Channel Islands
14936,34,12,12366.91,4,5,5,455,14,549,1030.5758333333333,7.9836065573770485,12366.909999999998,267,6274,11.905123339658443,0.20683111954459202,Channel Islands
14937,57,3,1621.88,4,3,4,434,11,73,540.6266666666667,15.01027397260274,1621.8799999999999,33,484,14.235294117647058,0.0,Channel Islands
14938,562,2,2322.43,1,2,4,124,7,1,1161.215,730.5,2322.43,71,1369,19.281690140845072,0.0,Channel Islands
14940,418,2,531.49,1,2,2,122,5,315,265.745,2.319047619047619,531.49,32,384,12.0,0.3125,United Kingdom
14941,579,1,182.1,1,1,1,111,3,1,182.1,365.25,182.1,7,80,11.428571428571429,0.0,United Kingdom
14942,402,4,746.56,2,3,3,233,8,328,186.64,4.454268292682927,746.56,12,354,18.63157894736842,0.0,United Kingdom
14943,663,1,107.62,1,1,1,111,3,1,107.62,365.25,107.62,5,46,9.2,1.0,United Kingdom
14944,30,19,9720.67,4,5,5,455,14,631,511.6142105263158,10.998019017432647,9720.67,184,4864,16.05280528052805,0.0,United Kingdom
14945,414,1,179.4,1,1,1,111,3,1,179.4,365.25,179.4,11,156,14.181818181818182,0.0,United Kingdom
14946,14,1,100.9,5,1,1,511,7,1,100.9,365.25,100.89999999999999,3,22,7.333333333333333,0.0,United Kingdom
14947,72,6,1047.89,3,4,3,343,10,552,174.64833333333334,3.970108695652174,1047.89,47,416,7.703703703703703,0.0,United Kingdom
14948,23,6,1101.97,4,4,3,443,11,196,183.66166666666666,11.181122448979592,1101.97,56,673,10.682539682539682,0.0,United Kingdom
14949,469,4,515.0,1,3,2,132,6,252,128.75,5.7976190476190474,515.0,16,250,9.25925925925926,0.0,United Kingdom
14950,19,1,371.2,5,1,2,512,8,1,371.2,365.25,371.2,19,136,7.157894736842105,1.0,United Kingdom
14951,79,1,314.33,3,1,2,312,6,1,314.33,365.25,314.33,20,311,15.55,0.0,United Kingdom
14952,60,32,17629.35,3,5,5,355,13,676,550.9171875,17.289940828402365,17629.35,240,6977,22.72638436482085,0.05211726384364821,United Kingdom
14953,25,4,1014.07,4,3,3,433,10,410,253.5175,3.563414634146341,1014.0699999999999,202,1028,3.969111969111969,0.5057915057915058,United Kingdom
14954,12,2,499.54,5,2,2,522,9,690,249.77,1.058695652173913,499.54,111,219,1.7380952380952381,0.6746031746031746,United Kingdom
14955,733,1,163.77,1,1,1,111,3,1,163.77,365.25,163.77,30,74,2.3870967741935485,0.0,United Kingdom
14956,421,1,424.0,1,1,2,112,4,1,424.0,365.25,424.0,4,800,200.0,0.0,United Kingdom
14957,253,2,333.29,2,2,2,222,6,391,166.645,1.8682864450127876,333.28999999999996,27,105,3.6206896551724137,0.0,United Kingdom
14958,147,6,957.94,3,4,3,343,10,588,159.65666666666667,3.7270408163265305,957.94,52,249,3.4583333333333335,0.0,United Kingdom
14959,64,4,695.42,3,3,3,333,9,232,173.855,6.297413793103448,695.42,37,494,8.372881355932204,0.3898305084745763,United Kingdom
14960,8,2,221.27,5,2,1,521,8,162,110.635,4.509259259259259,221.26999999999998,23,221,8.185185185185185,0.0,United Kingdom
14961,11,22,16410.15,5,5,5,555,15,724,745.9159090909092,11.098756906077348,16410.15,328,8372,12.495522388059701,0.020895522388059702,United Kingdom
14962,271,4,366.91,2,3,2,232,7,313,91.7275,4.667731629392971,366.91,14,123,8.785714285714286,0.0,United Kingdom
14963,10,12,3164.62,5,5,5,555,15,515,263.7183333333333,8.510679611650485,3164.62,304,2317,4.699797160243408,0.1359026369168357,United Kingdom
14964,247,1,206.21,2,1,1,211,4,1,206.21,365.25,206.21,13,143,11.0,0.0,United Kingdom
14965,96,2,599.0,3,2,2,322,7,1,299.5,730.5,599.0,80,365,4.397590361445783,1.0,United Kingdom
14966,15,6,1125.92,5,4,3,543,12,709,187.65333333333334,3.0909732016925244,1125.92,125,1098,6.8625,0.0,United Kingdom
14967,50,6,1982.6100000000001,4,4,4,444,12,686,330.435,3.194606413994169,1982.61,22,652,22.482758620689655,0.0,United Kingdom
14968,30,2,506.94,4,2,2,422,8,428,253.47,1.7067757009345796,506.94,83,258,3.0352941176470587,0.0,United Kingdom
14969,704,1,906.23,1,1,3,113,5,1,906.23,365.25,906.23,13,665,51.15384615384615,0.0,United Kingdom
14970,68,12,4919.35,3,5,5,355,13,595,409.9458333333334,7.366386554621848,4919.35,71,982,8.690265486725664,0.7522123893805309,United Kingdom
14971,35,3,1116.57,4,3,3,433,10,8,372.19,136.96875,1116.57,144,644,4.025,0.0,United Kingdom
14972,128,2,145.07,3,2,1,321,6,252,72.535,2.8988095238095237,145.07,20,40,2.0,0.0,United Kingdom
14973,107,3,636.45,3,3,3,333,9,118,212.15,9.286016949152543,636.45,29,369,11.53125,0.0,United Kingdom
14974,37,1,114.39,4,1,1,411,6,1,114.39,365.25,114.39,17,44,2.0952380952380953,0.0,United Kingdom
14975,57,2,472.39,4,2,2,422,8,363,236.195,2.012396694214876,472.39,25,507,19.5,0.0,United Kingdom
14976,57,7,790.86,4,4,3,443,11,269,112.98,9.504646840148698,790.86,47,234,3.25,0.0,United Kingdom
14977,726,1,31.93,1,1,1,111,3,1,31.93,365.25,31.930000000000003,4,17,4.25,0.0,United Kingdom
14978,72,10,3141.19,3,5,5,355,13,518,314.119,7.051158301158301,3141.1900000000005,175,740,2.525597269624573,0.0,United Kingdom
14979,735,1,439.46000000000004,1,1,2,112,4,1,439.46000000000004,365.25,439.46000000000004,42,213,4.018867924528302,0.0,United Kingdom
14980,737,1,150.68,1,1,1,111,3,1,150.68,365.25,150.68,24,79,3.2916666666666665,0.0,United Kingdom
14981,246,2,372.92,2,2,2,222,6,177,186.46,4.127118644067797,372.92,20,241,10.954545454545455,0.0,United Kingdom
14982,572,1,237.78,1,1,1,111,3,1,237.78,365.25,237.78,39,125,3.2051282051282053,1.0,United Kingdom
14983,689,1,183.20000000000002,1,1,1,111,3,1,183.20000000000002,365.25,183.20000000000002,30,90,3.0,0.0,United Kingdom
14984,19,6,1271.41,5,4,4,544,13,678,211.90166666666667,3.232300884955752,1271.41,48,350,6.25,0.9285714285714286,United Kingdom
14985,198,2,297.35,2,2,2,222,6,159,148.675,4.59433962264151,297.35,78,260,2.9885057471264367,0.0,United Kingdom
14986,376,2,566.9,2,2,2,222,6,307,283.45,2.3794788273615635,566.8999999999999,87,342,3.42,1.0,United Kingdom
14987,16,8,1713.85,5,4,4,544,13,721,214.23125,4.052704576976422,1713.85,4,671,39.470588235294116,0.17647058823529413,United Kingdom
14988,212,7,2066.6,2,4,4,244,10,390,295.2285714285714,6.55576923076923,2066.6,171,1276,5.229508196721311,0.0,United Kingdom
14989,662,1,342.4,1,1,2,112,4,1,342.4,365.25,342.4,18,200,11.11111111111111,0.0,United Kingdom
14990,612,2,305.42,1,2,2,122,5,118,152.71,6.190677966101695,305.42,41,130,3.0232558139534884,0.0,United Kingdom
14991,430,1,314.67,1,1,2,112,4,1,314.67,365.25,314.67,21,191,9.095238095238095,0.0,United Kingdom
14992,442,1,210.5,1,1,1,111,3,1,210.5,365.25,210.5,27,145,5.37037037037037,0.0,United Kingdom
14993,564,1,36.13,1,1,1,111,3,1,36.13,365.25,36.13,9,21,2.1,0.0,United Kingdom
14994,382,5,959.68,2,4,3,243,9,240,191.93599999999998,7.609375,959.68,233,577,1.8612903225806452,0.0,United Kingdom
14995,39,2,233.23000000000002,4,2,1,421,7,241,116.61500000000001,3.0311203319502074,233.23000000000002,53,103,1.6885245901639345,0.0,United Kingdom
14996,481,2,442.28999999999996,1,2,2,122,5,1,221.14499999999998,730.5,442.28999999999996,37,404,9.853658536585366,1.0,United Kingdom
14997,46,4,789.0799999999999,4,3,3,433,10,609,197.26999999999998,2.399014778325123,789.0799999999999,36,1408,37.05263157894737,0.0,United Kingdom
14998,170,4,770.73,3,3,3,333,9,435,192.6825,3.3586206896551722,770.7300000000001,111,367,2.8897637795275593,0.0,United Kingdom
14999,593,1,129.48000000000002,1,1,1,111,3,1,129.48000000000002,365.25,129.48000000000002,9,88,9.777777777777779,0.0,United Kingdom
15000,48,1,490.52,4,1,2,412,7,1,490.52,365.25,490.52,76,218,2.831168831168831,1.0,United Kingdom
15001,394,2,230.85999999999999,2,2,1,221,5,1,115.42999999999999,730.5,230.85999999999996,44,81,1.5,0.0,United Kingdom
15002,116,9,4815.33,3,5,5,355,13,580,535.0366666666666,5.667672413793103,4815.329999999999,220,2518,6.805405405405406,0.0,United Kingdom
15003,473,6,1060.7,1,4,3,143,8,209,176.78333333333333,10.485645933014354,1060.6999999999998,253,547,1.5673352435530086,0.0,United Kingdom
15004,147,1,1248.0,3,1,4,314,8,1,1248.0,365.25,1248.0,154,630,3.9873417721518987,0.0,United Kingdom
15005,16,56,14106.89,5,5,5,555,15,722,251.90875,28.329639889196674,14106.89,591,8856,3.60880195599022,0.10431947840260798,United Kingdom
15006,51,2,826.4,4,2,3,423,9,402,413.2,1.8171641791044775,826.4,165,416,2.0096618357487923,0.30434782608695654,United Kingdom
15007,159,1,156.91,3,1,1,311,5,1,156.91,365.25,156.91,12,69,5.75,1.0,United Kingdom
15008,480,2,344.0,1,2,2,122,5,157,172.0,4.6528662420382165,344.00000000000006,6,1420,118.33333333333333,0.0,United Kingdom
15009,12,3,1261.78,5,3,4,534,12,12,420.5933333333333,91.3125,1261.78,148,642,3.5274725274725274,0.521978021978022,United Kingdom
15010,36,1,308.94,4,1,2,412,7,1,308.94,365.25,308.94,20,184,9.2,0.0,United Kingdom
15011,396,2,416.6,2,2,2,222,6,20,208.3,36.525,416.59999999999997,17,289,14.45,0.0,United Kingdom
15012,54,3,860.62,4,3,3,433,10,523,286.87333333333333,2.0951242829827916,860.6200000000001,165,479,1.8784313725490196,0.0,United Kingdom
15013,488,10,1650.3,1,5,4,154,10,189,165.03,19.325396825396826,1650.3000000000002,177,1747,4.92112676056338,0.323943661971831,United Kingdom
15014,43,2,260.17,4,2,1,421,7,133,130.085,5.492481203007519,260.17,29,151,4.314285714285714,0.0,United Kingdom
15015,501,13,2365.02,1,5,4,154,10,223,181.92461538461538,21.292600896860986,2365.02,158,1593,5.381756756756757,0.06418918918918919,United Kingdom
15016,173,5,630.3,3,4,3,343,10,370,126.05999999999999,4.9358108108108105,630.3,93,247,2.287037037037037,0.0,United Kingdom
15017,34,1,125.58,4,1,1,411,6,1,125.58,365.25,125.58,20,63,3.15,1.0,United Kingdom
15018,39,3,580.76,4,3,2,432,9,329,193.58666666666667,3.330547112462006,580.76,30,210,5.833333333333333,0.0,United Kingdom
15019,267,1,266.0,2,1,1,211,4,1,266.0,365.25,266.0,64,159,2.2714285714285714,0.0,United Kingdom
15020,379,1,203.42,2,1,1,211,4,1,203.42,365.25,203.42,27,112,4.0,0.0,United Kingdom
15021,9,12,2784.2,5,5,4,554,14,489,232.01666666666665,8.963190184049079,2784.2,355,1217,1.6949860724233983,0.0807799442896936,United Kingdom
15022,12,5,1165.82,5,4,3,543,12,665,233.164,2.7462406015037595,1165.82,115,656,4.259740259740259,0.6623376623376623,United Kingdom
15023,3,20,11920.130000000001,5,5,5,555,15,671,596.0065000000001,10.886736214605067,11920.130000000001,486,5052,4.977339901477833,0.08768472906403942,United Kingdom
15024,10,16,4075.51,5,5,5,555,15,414,254.719375,14.115942028985508,4075.5099999999998,168,2201,5.932614555256064,0.0,United Kingdom
15025,33,2,1013.09,4,2,3,423,9,535,506.545,1.3654205607476635,1013.0900000000001,132,515,3.5273972602739727,0.4931506849315068,United Kingdom
15026,80,5,1068.21,3,4,3,343,10,368,213.642,4.962635869565218,1068.21,109,673,4.807142857142857,0.0,United Kingdom
15027,31,10,3017.84,4,5,5,455,14,593,301.784,6.159359190556493,3017.8399999999997,69,2366,26.0,0.0,United Kingdom
15028,8,6,1157.71,5,4,3,543,12,385,192.95166666666668,5.6922077922077925,1157.71,65,796,6.689075630252101,0.0,United Kingdom
15029,620,1,365.1,1,1,2,112,4,1,365.1,365.25,365.09999999999997,10,234,23.4,0.0,United Kingdom
15030,72,8,1978.96,3,4,4,344,11,573,247.37,5.0994764397905765,1978.9600000000003,25,1225,37.121212121212125,0.24242424242424243,United Kingdom
15031,4,14,3158.26,5,5,5,555,15,727,225.59,7.033700137551582,3158.26,237,1615,3.9876543209876543,0.12839506172839507,United Kingdom
15032,256,8,13780.65,2,4,5,245,11,472,1722.58125,6.190677966101695,13780.65,39,8259,66.072,0.0,United Kingdom
15033,5,10,2586.67,5,5,4,554,14,324,258.66700000000003,11.273148148148147,2586.67,315,1695,3.323529411764706,0.2607843137254902,United Kingdom
15034,16,14,8286.29,5,5,5,555,15,561,591.8778571428572,9.114973262032086,8286.29,416,4788,6.267015706806283,0.041884816753926704,United Kingdom
15035,90,1,259.45,3,1,1,311,5,1,259.45,365.25,259.45,26,245,9.074074074074074,1.0,United Kingdom
15036,72,3,465.55,3,3,2,332,8,107,155.18333333333334,10.240654205607477,465.54999999999995,107,327,2.574803149606299,0.0,United Kingdom
15037,376,2,402.51,2,2,2,222,6,1,201.255,730.5,402.51,40,301,6.270833333333333,1.0,United Kingdom
15038,59,9,1309.86,4,5,4,454,13,366,145.54,8.98155737704918,1309.86,190,441,1.5528169014084507,0.9964788732394366,United Kingdom
15039,10,93,39537.05,5,5,5,555,15,719,425.12956989247317,47.24374130737135,39537.05,562,17063,6.111389684813753,0.011461318051575931,United Kingdom
15040,542,1,7.49,1,1,1,111,3,1,7.49,365.25,7.489999999999999,1,1,1.0,0.0,United Kingdom
15041,170,2,294.02,3,2,2,322,7,274,147.01,2.6660583941605838,294.02,98,197,1.841121495327103,0.0,United Kingdom
15042,199,2,315.45,2,2,2,222,6,396,157.725,1.8446969696969695,315.45,9,238,26.444444444444443,0.0,United Kingdom
15043,31,6,2873.8,4,4,5,445,13,501,478.9666666666667,4.3742514970059885,2873.8,39,1031,19.826923076923077,0.0,United Kingdom
15044,19,35,16010.19,5,5,5,555,15,703,457.434,18.18456614509246,16010.19,344,5279,5.769398907103825,0.2448087431693989,United Kingdom
15045,152,2,735.66,3,2,3,323,8,105,367.83,6.957142857142857,735.66,11,114,9.5,0.3333333333333333,United Kingdom
15046,9,25,7792.54,5,5,5,555,15,685,311.7016,13.33029197080292,7792.539999999999,248,4701,11.578817733990148,0.3251231527093596,United Kingdom
15047,270,1,343.62,2,1,2,212,5,1,343.62,365.25,343.62,22,222,10.090909090909092,0.0,United Kingdom
15048,65,4,482.75,3,3,2,332,8,303,120.6875,4.821782178217822,482.74999999999994,86,227,1.8916666666666666,0.0,United Kingdom
15049,274,1,121.17000000000002,2,1,1,211,4,1,121.17000000000002,365.25,121.17000000000002,3,63,21.0,0.0,United Kingdom
15050,25,5,4193.79,4,4,5,445,13,455,838.758,4.013736263736264,4193.790000000001,116,2628,16.846153846153847,0.0,United Kingdom
15051,23,9,3873.2200000000003,4,5,5,455,14,715,430.3577777777778,4.597552447552447,3873.2200000000003,226,3053,10.527586206896551,0.0,United Kingdom
15052,319,1,171.88,2,1,1,211,4,1,171.88,365.25,171.88,27,82,2.7333333333333334,0.0,United Kingdom
15053,5,3,719.79,5,3,3,533,11,277,239.92999999999998,3.955776173285199,719.79,49,986,13.887323943661972,0.0,United Kingdom
15054,12,2,302.1,5,2,2,522,9,28,151.05,26.089285714285715,302.1,105,198,1.736842105263158,1.0,United Kingdom
15055,475,3,558.12,1,3,2,132,6,248,186.04,4.418346774193548,558.1199999999999,77,230,2.7058823529411766,0.3411764705882353,United Kingdom
15056,520,1,133.45,1,1,1,111,3,1,133.45,365.25,133.45,6,81,11.571428571428571,0.0,United Kingdom
15057,275,5,3255.96,2,4,5,245,11,458,651.192,3.9874454148471616,3255.96,62,1394,19.914285714285715,0.15714285714285714,United Kingdom
15058,25,16,3408.08,4,5,5,455,14,628,213.005,9.305732484076433,3408.08,232,1660,4.649859943977591,0.4369747899159664,United Kingdom
15059,41,19,3534.07,4,5,5,455,14,692,186.00368421052633,10.028540462427745,3534.07,308,1617,2.7176470588235295,0.7092436974789916,United Kingdom
15060,8,4,304.77,5,3,2,532,10,1,76.1925,1461.0,304.77,81,263,2.1735537190082646,0.0,United Kingdom
15061,4,127,128414.0,5,5,5,555,15,734,1011.1338582677165,63.197207084468666,128414.0,131,73981,74.95542046605877,0.025329280648429583,United Kingdom
15062,71,8,2587.3,3,4,4,344,11,539,323.4125,5.421150278293136,2587.3,98,1872,11.773584905660377,0.0,United Kingdom
15063,213,1,370.79999999999995,2,1,2,212,5,1,370.79999999999995,365.25,370.79999999999995,5,56,11.2,0.0,United Kingdom
15064,410,4,1190.41,2,3,3,233,8,306,297.6025,4.7745098039215685,1190.41,75,810,10.0,0.0,United Kingdom
15065,38,5,3090.91,4,4,5,445,13,373,618.182,4.896112600536193,3090.91,156,1446,8.710843373493976,0.0,United Kingdom
15066,53,1,893.59,4,1,3,413,8,1,893.59,365.25,893.59,42,317,7.5476190476190474,0.0,United Kingdom
15067,78,5,3803.08,3,4,5,345,12,528,760.616,3.458806818181818,3803.0800000000004,170,2163,12.151685393258427,0.21348314606741572,United Kingdom
15068,46,4,1180.6299999999999,4,3,3,433,10,575,295.15749999999997,2.540869565217391,1180.6299999999997,178,835,3.7782805429864252,0.5294117647058824,United Kingdom
15069,179,1,1109.53,3,1,3,313,7,1,1109.53,365.25,1109.53,70,520,7.428571428571429,0.0,United Kingdom
15070,373,3,843.25,2,3,3,233,8,351,281.0833333333333,3.121794871794872,843.25,26,375,11.363636363636363,0.0,United Kingdom
15071,94,4,1455.5600000000002,3,3,4,334,10,476,363.89000000000004,3.0693277310924367,1455.5600000000002,41,416,7.703703703703703,0.0,United Kingdom
15072,479,1,187.52,1,1,1,111,3,1,187.52,365.25,187.52,13,164,12.615384615384615,0.0,United Kingdom
15073,10,8,2781.07,5,4,4,544,13,672,347.63375,4.348214285714286,2781.07,115,1410,8.867924528301886,0.0,United Kingdom
15074,105,3,1566.33,3,3,4,334,10,362,522.11,3.0269337016574585,1566.33,63,1063,14.561643835616438,0.3013698630136986,United Kingdom
15075,78,1,773.03,3,1,3,313,7,1,773.03,365.25,773.0300000000001,27,447,16.555555555555557,0.0,United Kingdom
15076,173,3,1429.79,3,3,4,334,10,349,476.59666666666664,3.1396848137535818,1429.79,68,866,10.825,0.0,United Kingdom
15077,495,2,2428.08,1,2,4,124,7,235,1214.04,3.108510638297872,2428.08,28,528,16.5,0.0,United Kingdom
15078,7,53,17761.88,5,5,5,555,15,728,335.12981132075475,26.591002747252745,17761.88,118,8990,11.336696090794451,0.03026481715006305,United Kingdom
15079,213,11,3695.6,2,5,5,255,12,519,335.96363636363634,7.741329479768786,3695.6,119,1504,10.372413793103448,0.0,United Kingdom
15080,428,2,546.25,1,2,2,122,5,74,273.125,9.871621621621621,546.25,31,287,9.258064516129032,0.0,United Kingdom
15081,22,12,1960.8700000000001,4,5,4,454,13,513,163.40583333333333,8.543859649122806,1960.8699999999997,75,806,7.394495412844036,0.08256880733944955,United Kingdom
15082,669,1,93.35000000000001,1,1,1,111,3,1,93.35000000000001,365.25,93.35000000000001,6,43,7.166666666666667,0.0,United Kingdom
15083,257,1,88.2,2,1,1,211,4,1,88.2,365.25,88.2,5,38,7.6,0.0,United Kingdom
15084,380,2,965.1999999999999,2,2,3,223,7,266,482.59999999999997,2.7462406015037595,965.1999999999999,31,600,19.35483870967742,0.0,United Kingdom
15085,730,1,347.54,1,1,2,112,4,1,347.54,365.25,347.54,9,169,18.77777777777778,0.0,United Kingdom
15086,565,2,218.53,1,2,1,121,4,60,109.265,12.175,218.53,10,95,8.636363636363637,0.0,United Kingdom
15087,282,1,288.46000000000004,2,1,2,212,5,1,288.46000000000004,365.25,288.46000000000004,15,382,25.466666666666665,0.0,United Kingdom
15088,21,2,1093.07,4,2,3,423,9,45,546.535,16.233333333333334,1093.07,53,460,8.070175438596491,0.0,United Kingdom
15089,10,6,2420.84,5,4,4,544,13,118,403.47333333333336,18.572033898305087,2420.84,139,1359,9.372413793103448,0.0,United Kingdom
15090,308,1,381.32,2,1,2,212,5,1,381.32,365.25,381.32,23,208,9.043478260869565,0.0,United Kingdom
15091,68,3,1046.6100000000001,3,3,3,333,9,607,348.87000000000006,1.805189456342669,1046.6100000000001,55,582,10.210526315789474,0.0,United Kingdom
15092,215,3,776.46,2,3,3,233,8,247,258.82,4.436234817813766,776.46,39,230,5.111111111111111,0.15555555555555556,United Kingdom
15093,18,23,14173.710000000001,5,5,5,555,15,713,616.2482608695652,11.78225806451613,14173.710000000001,104,10865,32.725903614457835,0.06325301204819277,United Kingdom
15094,463,2,83.0,1,2,1,121,4,181,41.5,4.035911602209945,83.0,4,28,5.6,0.0,United Kingdom
15095,104,10,3141.64,3,5,5,355,13,584,314.164,6.254280821917808,3141.64,90,2233,18.008064516129032,0.20161290322580644,United Kingdom
15096,43,1,219.39000000000001,4,1,1,411,6,1,219.39000000000001,365.25,219.39000000000001,11,120,10.909090909090908,0.0,United Kingdom
15097,4,3,908.35,5,3,3,533,11,578,302.78333333333336,1.8957612456747406,908.3500000000001,59,424,6.424242424242424,0.0,United Kingdom
15098,182,3,1395.0,3,3,4,334,10,1,465.0,1095.75,1395.0,1,121,40.333333333333336,0.0,United Kingdom
15099,84,1,410.48,3,1,2,312,6,1,410.48,365.25,410.48,23,343,14.91304347826087,0.0,United Kingdom
15100,334,7,2894.7,2,4,5,245,11,367,413.5285714285714,6.966621253405995,2894.7,11,334,18.555555555555557,0.0,United Kingdom
15101,9,6,1366.24,5,4,4,544,13,581,227.70666666666668,3.7719449225473323,1366.24,52,676,11.655172413793103,0.0,United Kingdom
15102,531,2,554.67,1,2,2,122,5,16,277.335,45.65625,554.67,26,339,12.555555555555555,0.25925925925925924,United Kingdom
15103,31,2,629.36,4,2,3,423,9,55,314.68,13.281818181818183,629.3600000000001,35,329,9.4,0.0,United Kingdom
15104,197,2,1025.49,2,2,3,223,7,85,512.745,8.594117647058823,1025.49,66,637,9.231884057971014,0.0,United Kingdom
15105,18,9,3094.91,5,5,5,555,15,608,343.87888888888887,5.406661184210526,3094.9099999999994,129,1747,11.56953642384106,0.0,United Kingdom
15106,18,5,1422.52,5,4,4,544,13,251,284.504,7.275896414342629,1422.52,90,1181,11.81,0.0,United Kingdom
15107,311,9,940.35,2,5,3,253,10,140,104.48333333333333,23.480357142857144,940.35,32,356,7.574468085106383,0.10638297872340426,United Kingdom
15108,142,4,1300.25,3,3,4,334,10,85,325.0625,17.188235294117646,1300.25,50,499,8.316666666666666,0.31666666666666665,European Community
15109,246,3,983.1,2,3,3,233,8,489,327.7,2.2407975460122698,983.0999999999999,46,258,5.375,0.25,United Kingdom
15110,24,6,1308.3,4,4,4,444,12,461,218.04999999999998,4.753796095444685,1308.2999999999997,23,337,6.3584905660377355,0.0,United Kingdom
15111,29,5,2732.55,4,4,4,444,12,563,546.51,3.2437833037300177,2732.5499999999997,109,1164,7.708609271523179,0.0,United Kingdom
15112,611,1,209.4,1,1,1,111,3,1,209.4,365.25,209.4,7,72,10.285714285714286,0.0,United Kingdom
15113,10,3,3609.33,5,3,5,535,13,44,1203.11,24.90340909090909,3609.3299999999995,77,2386,23.86,0.75,United Kingdom
15114,30,12,3400.12,4,5,5,455,14,390,283.3433333333333,11.238461538461538,3400.1199999999994,151,3532,15.29004329004329,0.05627705627705628,United Kingdom
15115,18,2,531.85,5,2,2,522,9,714,265.925,1.023109243697479,531.85,35,245,7.0,0.0,United Kingdom
15116,18,4,1352.75,5,3,4,534,12,187,338.1875,7.812834224598931,1352.75,37,648,14.4,0.0,United Kingdom
15117,15,8,2165.97,5,4,4,544,13,619,270.74625,4.720516962843296,2165.97,89,2093,15.977099236641221,0.061068702290076333,United Kingdom
15118,134,1,38.0,3,1,1,311,5,1,38.0,365.25,38.0,1,200,200.0,0.0,United Kingdom
15119,246,1,244.45,2,1,1,211,4,1,244.45,365.25,244.45000000000002,14,88,6.285714285714286,0.0,United Kingdom
15120,134,1,336.87,3,1,2,312,6,1,336.87,365.25,336.87,21,296,14.095238095238095,0.0,United Kingdom
15121,50,2,450.72,4,2,2,422,8,238,225.36,3.0693277310924367,450.72,28,199,7.107142857142857,0.0,United Kingdom
15122,114,11,4497.47,3,5,5,355,13,505,408.8609090909091,7.955940594059406,4497.47,155,2045,8.969298245614034,0.0,United Kingdom
15123,7,5,4656.17,5,4,5,545,14,626,931.234,2.917332268370607,4656.17,149,2524,13.792349726775956,0.0,United Kingdom
15124,23,4,450.82,4,3,2,432,9,628,112.705,2.3264331210191083,450.82000000000005,30,462,14.903225806451612,0.0,United Kingdom
15125,25,24,16903.12,4,5,5,455,14,593,704.2966666666666,14.782462057335582,16903.12,151,8433,35.1375,0.0,United Kingdom
15126,537,2,450.69,1,2,2,122,5,150,225.345,4.87,450.68999999999994,25,273,10.92,0.0,United Kingdom
15127,66,2,689.5500000000001,3,2,3,323,8,454,344.77500000000003,1.6090308370044053,689.5500000000001,27,464,16.571428571428573,0.0,United Kingdom
15128,60,5,1794.08,3,4,4,344,11,369,358.816,4.949186991869918,1794.0799999999997,87,1583,12.869918699186991,0.0,United Kingdom
15129,50,23,6860.18,4,5,5,455,14,559,298.2686956521739,15.028175313059034,6860.179999999999,86,4002,19.333333333333332,0.0,United Kingdom
15130,170,1,330.11,3,1,2,312,6,1,330.11,365.25,330.11,22,197,8.954545454545455,0.0,United Kingdom
15131,395,1,80.28,2,1,1,211,4,1,80.28,365.25,80.28,7,88,12.571428571428571,0.0,United Kingdom
15132,18,5,977.9300000000001,5,4,3,543,12,244,195.586,7.484631147540984,977.9300000000001,49,679,13.057692307692308,0.0,United Kingdom
15133,128,5,1813.62,3,4,4,344,11,392,362.724,4.658801020408164,1813.62,45,960,19.591836734693878,0.14285714285714285,United Kingdom
15134,15,10,1596.29,5,5,4,554,14,407,159.629,8.974201474201475,1596.29,47,1057,12.435294117647059,0.0,United Kingdom
15135,239,2,305.68,2,2,2,222,6,317,152.84,2.3044164037854893,305.68,17,84,4.2,0.0,United Kingdom
15136,3,4,1286.7,5,3,4,534,12,93,321.675,15.709677419354838,1286.7,61,776,11.411764705882353,0.4264705882352941,United Kingdom
15137,521,2,823.4,1,2,3,123,6,159,411.7,4.59433962264151,823.4,34,596,17.529411764705884,0.0,United Kingdom
15138,394,1,480.57,2,1,2,212,5,1,480.57,365.25,480.57,31,300,9.67741935483871,0.0,United Kingdom
15139,240,2,178.96,2,2,1,221,5,96,89.48,7.609375,178.96,13,208,16.0,0.0,United Kingdom
15140,52,8,3243.69,4,4,5,445,13,390,405.46125,7.4923076923076914,3243.69,103,2010,17.946428571428573,0.15178571428571427,United Kingdom
15141,458,7,1388.47,1,4,4,144,9,163,198.35285714285715,15.68558282208589,1388.47,44,1197,14.9625,0.2,United Kingdom
15142,46,6,2619.92,4,4,4,444,12,454,436.65333333333336,4.827092511013216,2619.92,115,2155,15.17605633802817,0.0,United Kingdom
15143,226,2,563.63,2,2,2,222,6,206,281.815,3.546116504854369,563.63,27,320,10.32258064516129,0.5483870967741935,United Kingdom
15144,8,29,12160.31,5,5,5,555,15,718,419.3210344827586,14.752437325905293,12160.31,199,5251,15.045845272206304,0.04871060171919771,United Kingdom
15145,4,4,1194.73,5,3,3,533,11,244,298.6825,5.9877049180327875,1194.73,54,756,11.283582089552239,0.0,United Kingdom
15146,165,2,1327.16,3,2,4,324,9,126,663.58,5.7976190476190474,1327.16,90,1473,16.186813186813186,0.0,United Kingdom
15147,240,1,623.5,2,1,3,213,6,1,623.5,365.25,623.5,28,366,13.071428571428571,0.0,United Kingdom
15148,11,1,302.97,5,1,2,512,8,1,302.97,365.25,302.97,20,187,9.35,0.0,United Kingdom
15149,134,5,1358.6100000000001,3,4,4,344,11,515,271.72200000000004,3.5461165048543686,1358.6100000000001,62,380,5.507246376811594,0.2898550724637681,United Kingdom
15150,17,13,8999.54,5,5,5,555,15,526,692.2723076923078,9.027091254752852,8999.54,495,6183,10.753043478260869,0.09217391304347826,United Kingdom
15151,423,2,1531.61,1,2,4,124,7,86,765.805,8.494186046511627,1531.61,56,795,13.947368421052632,0.3508771929824561,United Kingdom
15152,10,14,5265.03,5,5,5,555,15,691,376.0735714285714,7.4001447178002895,5265.03,214,2994,9.98,0.24333333333333335,United Kingdom
15153,31,1,329.25,4,1,2,412,7,1,329.25,365.25,329.25,22,198,9.0,0.0,United Kingdom
15154,75,3,1388.41,3,3,4,334,10,402,462.80333333333334,2.725746268656716,1388.41,166,349,1.8563829787234043,0.4521276595744681,United Kingdom
15155,383,1,383.96999999999997,2,1,2,212,5,1,383.96999999999997,365.25,383.96999999999997,24,192,8.0,1.0,United Kingdom
15156,1,3,961.49,5,3,3,533,11,32,320.49666666666667,34.2421875,961.4899999999999,51,597,10.854545454545455,0.36363636363636365,United Kingdom
15157,4,5,2615.83,5,4,4,544,13,725,523.1659999999999,2.518965517241379,2615.8299999999995,152,3466,22.80263157894737,0.0,United Kingdom
15158,45,2,459.02000000000004,4,2,2,422,8,356,229.51000000000002,2.0519662921348316,459.02000000000004,11,219,19.90909090909091,0.0,United Kingdom
15159,2,34,21707.71,5,5,5,555,15,430,638.4620588235293,28.880232558139532,21707.709999999995,413,13512,16.68148148148148,0.03580246913580247,United Kingdom
15160,357,4,589.27,2,3,2,232,7,63,147.3175,23.19047619047619,589.27,17,307,13.347826086956522,0.0,United Kingdom
15161,388,1,119.92,2,1,1,211,4,1,119.92,365.25,119.92,33,144,4.363636363636363,0.0,United Kingdom
15162,731,1,312.9,1,1,2,112,4,1,312.9,365.25,312.9,12,74,6.166666666666667,0.0,United Kingdom
15163,18,2,304.47,5,2,2,522,9,173,152.235,4.222543352601156,304.47,29,186,6.413793103448276,0.0,United Kingdom
15164,69,9,2068.92,3,5,4,354,12,621,229.88,5.2934782608695645,2068.92,243,931,2.5789473684210527,0.4515235457063712,United Kingdom
15165,373,1,973.6,2,1,3,213,6,1,973.6,365.25,973.6,27,320,5.925925925925926,0.0,United Kingdom
15166,468,1,167.16,1,1,1,111,3,1,167.16,365.25,167.16,12,140,11.666666666666666,1.0,United Kingdom
15167,321,5,1655.72,2,4,4,244,10,352,331.144,5.1882102272727275,1655.72,262,872,2.7859424920127798,0.13099041533546327,United Kingdom
15168,26,1,106.56,4,1,1,411,6,1,106.56,365.25,106.56,5,52,10.4,0.0,United Kingdom
15169,382,2,569.22,2,2,2,222,6,344,284.61,2.123546511627907,569.22,58,356,6.033898305084746,0.8305084745762712,United Kingdom
15170,407,1,81.15,2,1,1,211,4,1,81.15,365.25,81.15,4,33,8.25,0.0,United Kingdom
15171,331,1,1289.5,2,1,4,214,7,1,1289.5,365.25,1289.5,5,290,58.0,0.0,United Kingdom
15172,9,5,1624.05,5,4,4,544,13,227,324.81,8.045154185022026,1624.05,106,1611,14.645454545454545,0.22727272727272727,United Kingdom
15173,381,7,1494.6,2,4,4,244,10,236,213.5142857142857,10.833686440677965,1494.5999999999997,68,840,9.767441860465116,0.06976744186046512,United Kingdom
15174,323,2,481.46,2,2,2,222,6,87,240.73,8.39655172413793,481.46,34,382,11.235294117647058,0.0,United Kingdom
15175,72,1,236.22,3,1,1,311,5,1,236.22,365.25,236.22,23,454,19.73913043478261,0.0,United Kingdom
15176,668,1,944.14,1,1,3,113,5,1,944.14,365.25,944.14,52,448,8.615384615384615,0.0,United Kingdom
15177,426,1,948.9300000000001,1,1,3,113,5,1,948.9300000000001,365.25,948.93,26,485,18.653846153846153,1.0,United Kingdom
15178,260,1,40.5,2,1,1,211,4,1,40.5,365.25,40.5,3,30,10.0,0.0,United Kingdom
15179,18,13,7471.54,5,5,5,555,15,718,574.7338461538461,6.61316155988858,7471.54,225,5328,16.96815286624204,0.10509554140127389,United Kingdom
15180,367,3,904.4300000000001,2,3,3,233,8,221,301.4766666666667,4.95814479638009,904.4300000000001,46,690,11.89655172413793,0.0,United Kingdom
15181,66,5,1200.2,3,4,3,343,10,664,240.04000000000002,2.7503765060240966,1200.2000000000003,15,688,34.4,0.0,United Kingdom
15182,154,11,2999.33,3,5,5,355,13,502,272.66636363636366,8.003486055776891,2999.33,78,1186,9.488,0.152,United Kingdom
15183,548,3,639.93,1,3,3,133,7,36,213.30999999999997,30.4375,639.93,33,297,7.815789473684211,0.0,United Kingdom
15184,29,4,689.95,4,3,3,433,10,694,172.4875,2.105187319884726,689.95,72,486,5.7176470588235295,0.0,United Kingdom
15185,70,1,266.71999999999997,3,1,1,311,5,1,266.71999999999997,365.25,266.71999999999997,21,666,31.714285714285715,0.0,United Kingdom
15186,14,5,1403.2,5,4,4,544,13,682,280.64,2.6777859237536656,1403.2,29,716,13.76923076923077,0.3076923076923077,United Kingdom
15187,2,16,4777.18,5,5,5,555,15,210,298.57375,27.82857142857143,4777.18,61,1887,20.736263736263737,0.0989010989010989,United Kingdom
15188,725,1,310.43,1,1,2,112,4,1,310.43,365.25,310.43,23,233,10.130434782608695,0.0,United Kingdom
15189,1,46,17440.420000000002,5,5,5,555,15,507,379.13956521739135,33.13905325443787,17440.42,90,6886,28.57261410788382,0.04979253112033195,United Kingdom
15190,434,1,834.4399999999999,1,1,3,113,5,1,834.4399999999999,365.25,834.4399999999999,40,790,19.75,0.0,United Kingdom
15191,463,3,588.05,1,3,2,132,6,225,196.01666666666665,4.87,588.05,33,287,8.2,0.0,United Kingdom
15192,120,5,1982.59,3,4,4,344,11,560,396.518,3.2611607142857144,1982.59,56,1644,15.50943396226415,0.0,United Kingdom
15193,61,1,499.32,3,1,2,312,6,1,499.32,365.25,499.32,19,144,7.578947368421052,0.0,United Kingdom
15194,3,28,12405.74,5,5,5,555,15,733,443.0621428571429,13.95225102319236,12405.74,274,9169,18.63617886178862,0.02032520325203252,United Kingdom
15195,3,1,550.0,5,1,2,512,8,1,550.0,365.25,550.0,1,200,200.0,0.0,United Kingdom
15196,433,2,316.25,1,2,2,122,5,293,158.125,2.493174061433447,316.25,34,131,3.046511627906977,1.0,United Kingdom
15197,11,6,1674.11,5,4,4,544,13,717,279.0183333333333,3.0564853556485354,1674.11,44,1058,17.93220338983051,0.0,United Kingdom
15198,92,5,571.35,3,4,2,342,9,597,114.27000000000001,3.059045226130653,571.35,28,327,10.548387096774194,0.16129032258064516,United Kingdom
15199,59,10,3122.4,4,5,5,455,14,516,312.24,7.078488372093023,3122.4000000000005,17,894,17.529411764705884,0.0,United Kingdom
15200,495,1,549.0500000000001,1,1,2,112,4,1,549.0500000000001,365.25,549.0500000000001,30,195,6.5,0.0,United Kingdom
15201,87,7,1842.95,3,4,4,344,11,524,263.2785714285714,4.879293893129771,1842.9499999999998,44,1660,16.6,0.16,United Kingdom
15202,420,3,54.0,1,3,1,131,5,1,18.0,1095.75,54.0,1,3,1.0,0.0,United Kingdom
15203,26,15,4404.68,4,5,5,455,14,705,293.6453333333333,7.771276595744681,4404.68,150,4182,12.192419825072886,0.061224489795918366,United Kingdom
15204,357,1,316.58,2,1,2,212,5,1,316.58,365.25,316.58,9,258,28.666666666666668,0.0,United Kingdom
15205,85,2,653.24,3,2,3,323,8,42,326.62,17.392857142857142,653.2399999999999,37,378,10.216216216216216,0.0,United Kingdom
15206,10,4,420.3,5,3,2,532,10,265,105.075,5.513207547169811,420.3,3,162,18.0,0.2222222222222222,United Kingdom
15207,416,3,683.92,1,3,3,133,7,130,227.97333333333333,8.428846153846154,683.92,19,428,17.833333333333332,0.0,United Kingdom
15208,1,6,970.52,5,4,3,543,12,422,161.75333333333333,5.193127962085308,970.5200000000001,27,356,7.416666666666667,0.0,United Kingdom
15209,730,1,178.98000000000002,1,1,1,111,3,1,178.98000000000002,365.25,178.98000000000002,13,94,7.230769230769231,0.0,United Kingdom
15210,225,3,1126.29,2,3,3,233,8,350,375.43,3.130714285714286,1126.29,66,841,12.552238805970148,0.0,United Kingdom
15211,60,2,1277.48,3,2,4,324,9,304,638.74,2.4029605263157894,1277.4800000000002,52,357,4.76,0.0,United Kingdom
15212,241,2,208.28,2,2,1,221,5,135,104.14,5.411111111111111,208.28,7,84,8.4,0.5,United Kingdom
15213,319,2,328.35,2,2,2,222,6,11,164.175,66.4090909090909,328.34999999999997,22,272,11.333333333333334,0.0,United Kingdom
15214,2,8,1661.44,5,4,4,544,13,241,207.68,12.12448132780083,1661.4400000000003,109,1254,11.4,0.16363636363636364,United Kingdom
15215,47,7,2415.4300000000003,4,4,4,444,12,566,345.0614285714286,4.517226148409894,2415.4300000000003,85,776,6.867256637168142,0.4778761061946903,United Kingdom
15216,88,2,486.09000000000003,3,2,2,322,7,531,243.04500000000002,1.3757062146892656,486.09000000000003,24,217,9.041666666666666,0.0,United Kingdom
15217,563,1,426.24,1,1,2,112,4,1,426.24,365.25,426.24,28,190,6.785714285714286,0.0,United Kingdom
15218,11,22,11516.57,5,5,5,555,15,672,523.4804545454546,11.957589285714286,11516.570000000002,139,6553,16.341645885286784,0.004987531172069825,United Kingdom
15219,176,2,685.45,3,2,3,323,8,472,342.725,1.5476694915254237,685.4499999999999,26,271,10.423076923076923,0.0,United Kingdom
15220,52,6,1780.88,4,4,4,444,12,229,296.81333333333333,9.569868995633188,1780.8799999999999,110,1393,11.905982905982906,0.0,United Kingdom
15221,366,4,2370.65,2,3,4,234,9,271,592.6625,5.391143911439114,2370.65,21,287,8.441176470588236,0.17647058823529413,United Kingdom
15222,319,11,3555.31,2,5,5,255,12,404,323.21,9.944925742574258,3555.31,98,4370,31.666666666666668,0.0,United Kingdom
15223,226,5,1417.95,2,4,4,244,10,509,283.59000000000003,3.587917485265226,1417.9500000000003,26,385,11.323529411764707,0.23529411764705882,United Kingdom
15224,358,5,871.36,2,4,3,243,9,334,174.272,5.467814371257485,871.36,24,443,12.657142857142857,0.05714285714285714,United Kingdom
15225,234,1,409.40000000000003,2,1,2,212,5,1,409.40000000000003,365.25,409.40000000000003,23,226,9.826086956521738,0.0,United Kingdom
15226,311,1,154.41,2,1,1,211,4,1,154.41,365.25,154.41,8,71,8.875,0.0,United Kingdom
15227,37,9,2488.4900000000002,4,5,4,454,13,597,276.4988888888889,5.506281407035176,2488.4900000000002,86,1217,10.141666666666667,0.10833333333333334,United Kingdom
15228,66,6,5580.27,3,4,5,345,12,433,930.0450000000001,5.061200923787529,5580.2699999999995,184,3375,14.423076923076923,0.0,United Kingdom
15229,586,1,160.5,1,1,1,111,3,1,160.5,365.25,160.5,9,114,12.666666666666666,1.0,United Kingdom
15230,239,2,429.6,2,2,2,222,6,1,214.8,730.5,429.59999999999997,23,351,15.26086956521739,0.0,United Kingdom
15231,621,1,250.26000000000002,1,1,1,111,3,1,250.26000000000002,365.25,250.26000000000002,14,190,13.571428571428571,1.0,United Kingdom
15232,113,2,612.06,3,2,3,323,8,27,306.03,27.055555555555557,612.06,26,686,22.129032258064516,0.0,United Kingdom
15233,401,1,59.400000000000006,2,1,1,211,4,1,59.400000000000006,365.25,59.400000000000006,1,12,12.0,0.0,United Kingdom
15234,277,1,199.64000000000001,2,1,1,211,4,1,199.64000000000001,365.25,199.64000000000001,14,196,14.0,0.0,United Kingdom
15235,218,16,2937.81,2,5,5,255,12,170,183.613125,34.37647058823529,2937.8099999999995,161,1735,9.27807486631016,0.0427807486631016,United Kingdom
15236,299,1,321.05,2,1,2,212,5,1,321.05,365.25,321.05,15,269,17.933333333333334,0.0,United Kingdom
15237,2,4,1412.32,5,3,4,534,12,225,353.08,6.493333333333333,1412.32,94,1071,10.818181818181818,0.0,United Kingdom
15238,29,3,964.99,4,3,3,433,10,154,321.66333333333336,7.11525974025974,964.99,49,692,13.84,0.0,United Kingdom
15239,10,2,780.59,5,2,3,523,10,68,390.295,10.742647058823529,780.59,48,594,12.122448979591837,0.0,United Kingdom
15240,45,12,4468.9800000000005,4,5,5,455,14,689,372.415,6.361393323657475,4468.9800000000005,134,3214,14.348214285714286,0.14732142857142858,United Kingdom
15241,67,11,3063.6,3,5,5,355,13,587,278.5090909090909,6.8445485519591145,3063.6,120,3328,18.08695652173913,0.0,United Kingdom
15242,422,1,302.04,1,1,2,112,4,1,302.04,365.25,302.04,4,196,49.0,0.0,United Kingdom
15243,74,2,927.28,3,2,3,323,8,360,463.64,2.029166666666667,927.2800000000001,56,543,8.901639344262295,0.0,United Kingdom
15244,65,3,864.23,3,3,3,333,9,600,288.07666666666665,1.8262500000000002,864.23,44,472,9.833333333333334,0.0,United Kingdom
15245,134,8,4610.84,3,4,5,345,12,461,576.355,6.3383947939262475,4610.84,72,3021,20.41216216216216,0.10810810810810811,United Kingdom
15246,238,3,780.4,2,3,3,233,8,317,260.1333333333333,3.4566246056782335,780.4,45,359,7.03921568627451,0.0,United Kingdom
15247,122,3,976.06,3,3,3,333,9,414,325.3533333333333,2.6467391304347827,976.0599999999998,13,514,30.235294117647058,0.4117647058823529,United Kingdom
15248,411,3,1893.93,1,3,4,134,8,122,631.3100000000001,8.981557377049182,1893.9300000000003,103,1065,10.047169811320755,0.0660377358490566,United Kingdom
15249,32,18,9237.1,4,5,5,455,14,591,513.1722222222222,11.124365482233502,9237.099999999999,304,4980,9.920318725099602,0.0,United Kingdom
15250,641,1,60.0,1,1,1,111,3,1,60.0,365.25,60.0,3,48,16.0,0.0,United Kingdom
15251,9,21,20115.96,5,5,5,555,15,670,957.9028571428571,11.44813432835821,20115.96,183,11842,51.48695652173913,0.1565217391304348,United Kingdom
15252,36,5,2103.41,4,4,4,444,12,575,420.68199999999996,3.176086956521739,2103.4099999999994,106,1430,12.11864406779661,0.0,United Kingdom
15253,16,8,2054.14,5,4,4,544,13,570,256.7675,5.126315789473684,2054.14,102,1588,13.689655172413794,0.20689655172413793,United Kingdom
15254,127,3,1088.35,3,3,3,333,9,433,362.7833333333333,2.5306004618937643,1088.35,64,711,10.611940298507463,0.0,United Kingdom
15255,67,9,3722.4700000000003,3,5,5,355,13,670,413.6077777777778,4.906343283582089,3722.4700000000003,137,2226,11.777777777777779,0.1746031746031746,United Kingdom
15256,149,2,170.4,3,2,1,321,6,413,85.2,1.768765133171913,170.40000000000003,6,92,9.2,0.0,United Kingdom
15257,283,2,284.9,2,2,2,222,6,130,142.45,5.61923076923077,284.9,11,71,5.916666666666667,0.0,United Kingdom
15258,169,2,623.16,3,2,3,323,8,48,311.58,15.21875,623.16,32,142,4.176470588235294,0.0,United Kingdom
15259,513,4,905.38,1,3,3,133,7,169,226.345,8.644970414201183,905.3799999999999,50,631,11.070175438596491,0.0,United Kingdom
15260,100,25,9112.48,3,5,5,355,13,633,364.4992,14.425355450236967,9112.48,186,4634,11.64321608040201,0.23366834170854273,United Kingdom
15261,135,4,1508.0,3,3,4,334,10,299,377.0,4.88628762541806,1507.9999999999998,87,806,8.76086956521739,0.0,United Kingdom
15262,324,3,418.82,2,3,2,232,7,164,139.60666666666665,6.6814024390243905,418.82,22,218,8.384615384615385,0.34615384615384615,United Kingdom
15263,107,1,156.51,3,1,1,311,5,1,156.51,365.25,156.51,12,89,7.416666666666667,0.0,United Kingdom
15264,64,2,848.4,3,2,3,323,8,466,424.2,1.5675965665236051,848.4,52,443,8.054545454545455,0.5818181818181818,United Kingdom
15265,151,4,3345.64,3,3,5,335,11,586,836.41,2.493174061433447,3345.64,179,1570,8.134715025906736,0.0,United Kingdom
15266,338,5,852.21,2,4,3,243,9,363,170.442,5.0309917355371905,852.21,38,236,5.2444444444444445,0.37777777777777777,United Kingdom
15267,22,5,1717.36,4,4,4,444,12,160,343.472,11.4140625,1717.3599999999997,8,944,85.81818181818181,0.0,United Kingdom
15268,479,3,961.9000000000001,1,3,3,133,7,126,320.6333333333334,8.696428571428571,961.9000000000001,21,428,19.454545454545453,0.0,United Kingdom
15269,24,3,971.36,4,3,3,433,10,366,323.7866666666667,2.9938524590163933,971.36,33,372,10.628571428571428,0.5142857142857142,United Kingdom
15270,16,21,7762.86,5,5,5,555,15,706,369.65999999999997,10.864376770538245,7762.86,66,4010,23.86904761904762,0.07142857142857142,United Kingdom
15271,7,24,4701.64,5,5,5,555,15,483,195.90166666666667,18.149068322981364,4701.639999999999,369,2524,4.044871794871795,0.04326923076923077,United Kingdom
15272,57,6,1952.63,4,4,4,444,12,605,325.43833333333333,3.6223140495867767,1952.6299999999997,257,687,2.237785016286645,0.5928338762214984,United Kingdom
15273,600,1,212.0,1,1,1,111,3,1,212.0,365.25,212.0,1,200,200.0,0.0,United Kingdom
15274,4,2,716.57,5,2,3,523,10,14,358.285,52.17857142857143,716.5699999999999,44,619,13.170212765957446,0.0,United Kingdom
15275,38,1,615.14,4,1,3,413,8,1,615.14,365.25,615.14,41,498,12.146341463414634,0.0,United Kingdom
15276,66,4,649.53,3,3,3,333,9,368,162.3825,3.9701086956521743,649.53,160,331,1.7421052631578948,0.0,United Kingdom
15277,47,2,476.34000000000003,4,2,2,422,8,378,238.17000000000002,1.9325396825396826,476.3400000000001,23,373,14.346153846153847,0.5384615384615384,United Kingdom
15278,562,4,496.16,1,3,2,132,6,103,124.04,14.184466019417476,496.16,29,458,15.793103448275861,0.0,United Kingdom
15279,355,5,1578.59,2,4,4,244,10,321,315.71799999999996,5.689252336448598,1578.5899999999997,74,802,8.53191489361702,0.0,United Kingdom
15280,172,3,405.11,3,3,2,332,8,399,135.03666666666666,2.7462406015037595,405.10999999999996,48,513,8.40983606557377,0.3770491803278688,United Kingdom
15281,59,16,8473.12,4,5,5,455,14,368,529.57,15.880434782608697,8473.12,427,5233,10.024904214559387,0.09961685823754789,United Kingdom
15282,570,1,348.59,1,1,2,112,4,1,348.59,365.25,348.59,27,395,14.62962962962963,0.0,United Kingdom
15283,390,3,148.32999999999998,2,3,1,231,6,127,49.44333333333333,8.627952755905513,148.32999999999998,9,27,3.0,0.1111111111111111,United Kingdom
15284,500,1,24.75,1,1,1,111,3,1,24.75,365.25,24.75,1,5,5.0,0.0,United Kingdom
15285,408,1,94.92,2,1,1,211,4,1,94.92,365.25,94.92,6,120,20.0,0.0,United Kingdom
15286,50,1,240.55,4,1,1,411,6,1,240.55,365.25,240.54999999999998,3,55,18.333333333333332,0.0,United Kingdom
15287,22,5,856.03,4,4,3,443,11,715,171.206,2.554195804195804,856.03,23,1010,28.055555555555557,0.0,United Kingdom
15288,43,10,3883.13,4,5,5,455,14,622,388.313,5.872186495176849,3883.13,128,1404,7.7569060773480665,0.2265193370165746,United Kingdom
15289,29,5,1593.09,4,4,4,444,12,592,318.618,3.084881756756757,1593.0900000000001,67,1627,16.77319587628866,0.28865979381443296,United Kingdom
15290,5,26,10503.0,5,5,5,555,15,649,403.96153846153845,14.632511556240368,10503.0,106,6567,22.48972602739726,0.0547945205479452,United Kingdom
15291,26,40,13782.6,4,5,5,455,14,710,344.565,20.577464788732396,13782.6,116,4841,19.678861788617887,0.12195121951219512,United Kingdom
15292,201,1,180.94,2,1,1,211,4,1,180.94,365.25,180.94000000000003,24,56,2.24,1.0,United Kingdom
15293,666,1,247.5,1,1,1,111,3,1,247.5,365.25,247.5,19,178,9.368421052631579,0.0,United Kingdom
15294,411,1,233.35,1,1,1,111,3,1,233.35,365.25,233.35,15,97,6.466666666666667,0.0,United Kingdom
15295,654,1,217.23999999999998,1,1,1,111,3,1,217.23999999999998,365.25,217.23999999999995,50,151,2.849056603773585,0.0,United Kingdom
15296,51,12,10342.83,4,5,5,455,14,636,861.9025,6.891509433962264,10342.83,342,5464,10.213084112149533,0.0,United Kingdom
15297,10,3,641.94,5,3,3,533,11,53,213.98000000000002,20.67452830188679,641.94,30,292,7.487179487179487,0.0,United Kingdom
15298,2,23,9031.87,5,5,5,555,15,729,392.69000000000005,11.52366255144033,9031.870000000003,199,6126,13.85972850678733,0.1334841628959276,United Kingdom
15299,67,10,5095.22,3,5,5,355,13,629,509.52200000000005,5.8068362480127185,5095.22,9,1867,143.6153846153846,0.0,United Kingdom
15300,64,1,496.44,3,1,2,312,6,1,496.44,365.25,496.44,28,292,10.428571428571429,0.0,United Kingdom
15301,51,17,7603.4400000000005,4,5,5,455,14,399,447.2611764705883,15.56203007518797,7603.4400000000005,231,4290,11.289473684210526,0.0868421052631579,United Kingdom
15302,730,1,308.0,1,1,2,112,4,1,308.0,365.25,308.0,15,102,6.8,0.0,United Kingdom
15303,290,3,1224.18,2,3,4,234,9,393,408.06,2.7881679389312977,1224.18,63,514,7.449275362318841,0.30434782608695654,United Kingdom
15304,61,9,919.55,3,5,3,353,11,360,102.17222222222222,9.13125,919.55,8,133,4.586206896551724,0.0,United Kingdom
15305,555,1,93.6,1,1,1,111,3,1,93.6,365.25,93.60000000000001,5,40,8.0,0.0,United Kingdom
15306,64,9,3294.65,3,5,5,355,13,594,366.07222222222225,5.534090909090909,3294.65,123,2810,17.34567901234568,0.1728395061728395,United Kingdom
15307,96,1,205.3,3,1,1,311,5,1,205.3,365.25,205.29999999999998,12,37,3.0833333333333335,0.0,United Kingdom
15308,274,1,310.47,2,1,2,212,5,1,310.47,365.25,310.47,19,175,9.210526315789474,0.0,United Kingdom
15309,611,4,797.96,1,3,3,133,7,124,199.49,11.782258064516128,797.96,49,440,8.148148148148149,0.0,United Kingdom
15310,479,1,1620.8,1,1,4,114,6,1,1620.8,365.25,1620.8,45,1388,30.844444444444445,0.0,United Kingdom
15311,1,208,116160.19,5,5,5,555,15,738,558.462451923077,102.9430894308943,116160.19000000002,864,69296,15.628326567433469,0.044880469102390616,United Kingdom
15312,75,12,2930.19,3,5,5,355,13,648,244.1825,6.763888888888888,2930.19,118,1693,10.386503067484663,0.25766871165644173,United Kingdom
15313,110,1,52.0,3,1,1,311,5,1,52.0,365.25,52.0,1,25,25.0,1.0,United Kingdom
15314,199,3,820.45,2,3,3,233,8,228,273.48333333333335,4.805921052631579,820.45,49,750,15.0,0.0,United Kingdom
15315,64,2,570.5,3,2,2,322,7,51,285.25,14.323529411764707,570.5,35,862,23.2972972972973,0.0,United Kingdom
15316,327,1,165.0,2,1,1,211,4,1,165.0,365.25,165.0,1,100,100.0,0.0,United Kingdom
15317,677,1,129.75,1,1,1,111,3,1,129.75,365.25,129.75,5,45,9.0,1.0,United Kingdom
15318,4,1,312.62,5,1,2,512,8,1,312.62,365.25,312.62,33,642,19.454545454545453,0.0,United Kingdom
15319,284,1,204.5,2,1,1,211,4,1,204.5,365.25,204.5,16,175,10.9375,0.0,United Kingdom
15320,44,1,255.53,4,1,1,411,6,1,255.53,365.25,255.53,36,286,7.944444444444445,0.0,United Kingdom
15321,71,12,6709.7300000000005,3,5,5,355,13,603,559.1441666666667,7.26865671641791,6709.73,242,3653,11.822006472491909,0.0,United Kingdom
15322,86,2,1328.91,3,2,4,324,9,390,664.455,1.8730769230769229,1328.9099999999999,76,971,11.698795180722891,0.0,United Kingdom
15323,563,3,434.6,1,3,2,132,6,99,144.86666666666667,11.068181818181817,434.59999999999997,29,188,6.482758620689655,0.0,United Kingdom
15324,701,1,140.22000000000003,1,1,1,111,3,1,140.22000000000003,365.25,140.22000000000003,8,74,9.25,0.0,United Kingdom
15325,104,8,1602.01,3,4,4,344,11,557,200.25125,5.2459605026929985,1602.0100000000002,164,1383,6.1466666666666665,0.21777777777777776,United Kingdom
15326,334,5,1688.57,2,4,4,244,10,404,337.714,4.520420792079208,1688.5700000000002,94,1351,10.472868217054264,0.0,United Kingdom
15327,53,1,208.75,4,1,1,411,6,1,208.75,365.25,208.75,10,116,11.6,0.0,United Kingdom
15328,408,1,107.24,2,1,1,211,4,1,107.24,365.25,107.24,8,88,11.0,0.0,United Kingdom
15329,39,11,2984.33,4,5,5,455,14,686,271.3027272727273,5.8567784256559765,2984.33,98,1219,7.864516129032258,0.0,United Kingdom
15330,32,2,651.6,4,2,3,423,9,28,325.8,26.089285714285715,651.5999999999999,10,1192,91.6923076923077,0.0,United Kingdom
15331,500,3,767.91,1,3,3,133,7,109,255.97,10.052752293577981,767.9100000000001,41,701,15.931818181818182,0.0,United Kingdom
15332,366,6,6554.9400000000005,2,4,5,245,11,147,1092.49,14.908163265306122,6554.94,113,2958,15.65079365079365,0.35978835978835977,Lithuania
15333,208,1,1028.56,2,1,3,213,6,1,1028.56,365.25,1028.56,16,344,21.5,1.0,United Kingdom
15334,157,3,351.67,3,3,2,332,8,16,117.22333333333334,68.484375,351.67,67,274,2.7676767676767677,0.29292929292929293,United Kingdom
15335,54,1,173.97,4,1,1,411,6,1,173.97,365.25,173.97,34,80,2.2222222222222223,0.0,United Kingdom
15336,402,1,240.5,2,1,1,211,4,1,240.5,365.25,240.5,15,84,5.6,0.0,United Kingdom
15337,411,1,373.02,1,1,2,112,4,1,373.02,365.25,373.02,21,200,9.523809523809524,1.0,United Kingdom
15338,677,1,283.43,1,1,2,112,4,1,283.43,365.25,283.43,56,150,2.5,1.0,United Kingdom
15339,66,7,1827.84,3,4,4,344,11,602,261.12,4.247093023255814,1827.8400000000001,162,1143,5.102678571428571,0.0,United Kingdom
15340,562,1,105.5,1,1,1,111,3,1,105.5,365.25,105.5,7,76,10.857142857142858,0.0,United Kingdom
15341,81,2,2402.72,3,2,4,324,9,368,1201.36,1.9850543478260871,2402.72,22,1008,42.0,0.0,United Kingdom
15342,130,1,406.09000000000003,3,1,2,312,6,1,406.09000000000003,365.25,406.09,24,283,11.791666666666666,0.0,United Kingdom
15343,87,1,364.5,3,1,2,312,6,1,364.5,365.25,364.5,21,84,4.0,0.0,United Kingdom
15344,1,3,563.94,5,3,2,532,10,73,187.98000000000002,15.01027397260274,563.94,21,116,4.461538461538462,0.0,United Kingdom
15345,46,1,391.59000000000003,4,1,2,412,7,1,391.59000000000003,365.25,391.59,20,81,4.05,0.0,United Kingdom
15346,333,3,596.12,2,3,2,232,7,98,198.70666666666668,11.181122448979592,596.12,36,260,7.027027027027027,0.13513513513513514,United Kingdom
15347,366,4,1363.6,2,3,4,234,9,71,340.9,20.577464788732392,1363.6,29,672,16.390243902439025,0.0,United Kingdom
15348,72,1,158.04,3,1,1,311,5,1,158.04,365.25,158.04,9,84,9.333333333333334,0.0,United Kingdom
15349,158,2,473.81,3,2,2,322,7,29,236.905,25.189655172413794,473.81,65,327,4.541666666666667,0.8333333333333334,United Kingdom
15350,373,2,663.25,2,2,3,223,7,9,331.625,81.16666666666666,663.2499999999999,26,323,9.228571428571428,0.7142857142857143,United Kingdom
15351,12,10,3738.29,5,5,5,555,15,420,373.829,8.696428571428571,3738.29,201,1491,4.008064516129032,0.7741935483870968,United Kingdom
15352,549,1,114.95,1,1,1,111,3,1,114.95,365.25,114.95,34,43,1.162162162162162,0.0,United Kingdom
15353,255,7,3176.6,2,4,5,245,11,483,453.8,5.293478260869565,3176.6000000000004,274,1551,4.007751937984496,0.0,United Kingdom
15354,603,3,54.0,1,3,1,131,5,1,18.0,1095.75,54.0,1,3,1.0,0.0,United Kingdom
15355,29,2,277.05,4,2,1,421,7,23,138.525,31.760869565217394,277.05,9,45,3.2142857142857144,0.0,United Kingdom
15356,31,13,3464.95,4,5,5,455,14,390,266.5346153846154,12.174999999999999,3464.9500000000003,290,2015,2.6688741721854305,0.0728476821192053,United Kingdom
15358,5,42,16983.41,5,5,5,555,15,727,404.3669047619048,21.10110041265475,16983.410000000003,359,15298,13.538053097345133,0.02566371681415929,United Kingdom
15359,663,8,181.35,1,4,1,141,6,30,22.66875,97.4,181.35,10,145,9.0625,0.0,United Kingdom
15360,40,1,427.93,4,1,2,412,7,1,427.93,365.25,427.93,13,223,17.153846153846153,0.0,United Kingdom
15361,362,4,627.12,2,3,3,233,8,181,156.78,8.07182320441989,627.12,10,373,37.3,0.0,United Kingdom
15362,449,2,613.08,1,2,3,123,6,290,306.54,2.5189655172413796,613.08,38,368,9.2,0.0,United Kingdom
15363,373,2,1004.11,2,2,3,223,7,120,502.055,6.0875,1004.1100000000001,32,527,10.333333333333334,0.0,United Kingdom
15364,96,2,913.19,3,2,3,323,8,158,456.595,4.6234177215189876,913.1900000000002,29,493,17.0,0.0,United Kingdom
15365,26,13,4557.13,4,5,5,455,14,647,350.54846153846154,7.3388717156105105,4557.13,126,2131,9.775229357798166,0.16055045871559634,United Kingdom
15366,75,7,2413.0,3,4,4,344,11,576,344.7142857142857,4.438802083333333,2413.0,86,2447,17.731884057971016,0.2608695652173913,United Kingdom
15367,57,11,5081.33,4,5,5,455,14,671,461.9390909090909,5.987704918032787,5081.33,214,2944,10.551971326164875,0.11827956989247312,United Kingdom
15368,21,2,722.74,4,2,3,423,9,372,361.37,1.9637096774193548,722.74,8,406,50.75,0.0,United Kingdom
15369,492,11,6224.22,1,5,5,155,11,239,565.8381818181819,16.810669456066947,6224.220000000001,44,3272,55.45762711864407,0.6271186440677966,United Kingdom
15370,41,8,3739.01,4,4,5,445,13,369,467.37625,7.918699186991869,3739.01,90,1397,9.70138888888889,0.013888888888888888,United Kingdom
15371,662,1,59.400000000000006,1,1,1,111,3,1,59.400000000000006,365.25,59.400000000000006,1,12,12.0,0.0,United Kingdom
15372,137,8,5518.0199999999995,3,4,5,345,12,526,689.7524999999999,5.555133079847909,5518.0199999999995,45,5698,99.96491228070175,0.07017543859649122,United Kingdom
15373,8,17,3394.4900000000002,5,5,5,555,15,578,199.6758823529412,10.742647058823529,3394.4900000000002,107,769,3.825870646766169,0.22885572139303484,United Kingdom
15374,129,2,307.32,3,2,2,322,7,495,153.66,1.4757575757575756,307.32,8,290,29.0,0.0,United Kingdom
15375,690,1,60.959999999999994,1,1,1,111,3,1,60.959999999999994,365.25,60.96,6,84,14.0,0.0,United Kingdom
15376,40,3,1229.41,4,3,4,434,11,182,409.80333333333334,6.020604395604395,1229.4099999999999,100,619,5.2905982905982905,1.0,United Kingdom
15377,383,4,1211.75,2,3,4,234,9,32,302.9375,45.65625,1211.75,15,253,12.047619047619047,0.0,United Kingdom
15378,463,2,246.5,1,2,1,121,4,39,123.25,18.73076923076923,246.5,8,130,10.833333333333334,0.0,United Kingdom
15379,169,8,4886.84,3,4,5,345,12,231,610.855,12.649350649350648,4886.84,177,3000,11.406844106463879,0.03802281368821293,United Kingdom
15380,9,11,3479.06,5,5,5,555,15,729,316.2781818181818,5.511316872427983,3479.0599999999995,27,1032,19.471698113207548,0.0,United Kingdom
15381,214,5,1568.52,2,4,4,244,10,369,313.704,4.949186991869918,1568.5199999999998,20,802,33.416666666666664,0.0,United Kingdom
15382,15,12,13733.550000000001,5,5,5,555,15,720,1144.4625,6.0875,13733.550000000001,315,9178,14.522151898734178,0.0,United Kingdom
15384,170,4,2027.79,3,3,4,334,10,422,506.9475,3.4620853080568716,2027.7899999999997,83,1767,14.974576271186441,0.0,United Kingdom
15385,40,3,942.08,4,3,3,433,10,637,314.0266666666667,1.7201726844583987,942.08,18,428,20.38095238095238,0.8095238095238095,United Kingdom
15386,186,1,394.14,3,1,2,312,6,1,394.14,365.25,394.14000000000004,31,446,14.387096774193548,0.0,United Kingdom
15387,492,1,468.65,1,1,2,112,4,1,468.65,365.25,468.65000000000003,20,335,16.75,0.0,United Kingdom
15388,270,1,140.54,2,1,1,211,4,1,140.54,365.25,140.54,10,88,8.8,0.0,Canada
15389,172,5,1168.0,3,4,3,343,10,509,233.6,3.587917485265226,1168.0,2,1200,200.0,0.0,United Kingdom
15390,396,2,1216.66,2,2,4,224,8,12,608.33,60.875,1216.66,77,894,11.61038961038961,0.0,Canada
15391,584,1,289.87,1,1,2,112,4,1,289.87,365.25,289.87,12,109,9.083333333333334,0.0,United Kingdom
15392,5,7,2906.12,5,4,5,545,14,426,415.15999999999997,6.001760563380282,2906.12,100,2144,14.88888888888889,0.0,United Kingdom
15393,16,5,891.34,5,4,3,543,12,707,178.268,2.5830975954738333,891.34,37,378,8.590909090909092,0.0,United Kingdom
15394,10,11,5286.8,5,5,5,555,15,714,480.6181818181818,5.6271008403361344,5286.8,129,2372,10.449339207048459,0.24669603524229075,United Kingdom
15395,326,1,107.45,2,1,1,211,4,1,107.45,365.25,107.45,7,17,2.4285714285714284,0.0,United Kingdom
15396,113,2,796.38,3,2,3,323,8,471,398.19,1.5509554140127388,796.3799999999999,16,278,17.375,0.0,United Kingdom
15397,290,1,94.0,2,1,1,211,4,1,94.0,365.25,94.0,6,20,3.3333333333333335,0.0,United Kingdom
15398,16,2,1345.53,5,2,4,524,11,62,672.765,11.782258064516128,1345.53,60,769,10.534246575342467,0.0,United Kingdom
15399,1,3,815.77,5,3,3,533,11,77,271.92333333333335,14.23051948051948,815.77,45,611,12.22,0.0,United Kingdom
15400,92,8,1302.3,3,4,4,344,11,468,162.7875,6.2435897435897445,1302.3,16,662,24.51851851851852,0.18518518518518517,United Kingdom
15401,452,2,216.95,1,2,1,121,4,116,108.475,6.297413793103448,216.95000000000002,14,93,6.642857142857143,0.0,United Kingdom
15402,149,6,1823.82,3,4,4,344,11,443,303.96999999999997,4.946952595936795,1823.82,79,2002,15.282442748091603,0.0,United Kingdom
15403,492,2,170.88,1,2,1,121,4,238,85.44,3.0693277310924367,170.88,6,492,61.5,0.0,United Kingdom
15404,376,1,257.06,2,1,1,211,4,1,257.06,365.25,257.06,16,334,20.875,0.0,United Kingdom
15405,189,2,658.89,3,2,3,323,8,386,329.445,1.8924870466321244,658.89,29,348,11.6,0.0,United Kingdom
15406,31,4,975.87,4,3,3,433,10,422,243.9675,3.4620853080568716,975.87,108,547,4.483606557377049,0.5655737704918032,United Kingdom
15407,34,4,879.44,4,3,3,433,10,271,219.86,5.391143911439114,879.44,142,558,3.6470588235294117,0.8431372549019608,United Kingdom
15408,264,1,267.18,2,1,1,211,4,1,267.18,365.25,267.18,34,106,3.1176470588235294,1.0,United Kingdom
15409,721,1,131.25,1,1,1,111,3,1,131.25,365.25,131.25,9,59,6.555555555555555,0.0,United Kingdom
15410,84,10,4685.72,3,5,5,355,13,515,468.572,7.092233009708737,4685.72,80,1902,11.74074074074074,0.13580246913580246,United Kingdom
15411,26,4,1358.88,4,3,4,434,11,156,339.72,9.365384615384615,1358.88,86,530,5.353535353535354,0.5656565656565656,United Kingdom
15412,171,1,190.53,3,1,1,311,5,1,190.53,365.25,190.53,10,108,10.8,0.0,United Kingdom
15413,692,5,6563.52,1,4,5,145,10,47,1312.7040000000002,38.8563829787234,6563.520000000001,20,2134,85.36,0.36,United Kingdom
15414,10,3,776.58,5,3,3,533,11,232,258.86,4.723060344827586,776.5800000000002,37,443,11.35897435897436,0.0,United Kingdom
15415,313,1,572.8100000000001,2,1,2,212,5,1,572.8100000000001,365.25,572.8100000000001,46,575,11.979166666666666,1.0,United Kingdom
15416,65,7,4572.82,3,4,5,345,12,611,653.26,4.1845335515548285,4572.82,189,2420,10.614035087719298,0.0,United Kingdom
15417,85,1,508.8,3,1,2,312,6,1,508.8,365.25,508.8,28,284,10.142857142857142,0.0,United Kingdom
15418,425,2,452.32,1,2,2,122,5,161,226.16,4.537267080745342,452.32000000000005,64,266,3.8550724637681157,1.0,United Kingdom
15419,25,1,135.86,4,1,1,411,6,1,135.86,365.25,135.86,8,230,28.75,0.0,United Kingdom
15420,434,6,744.68,1,4,3,143,8,300,124.11333333333333,7.305000000000001,744.68,52,844,15.071428571428571,0.5,United Kingdom
15421,59,10,3803.39,4,5,5,455,14,673,380.339,5.427191679049034,3803.3900000000003,170,1927,6.098101265822785,0.37658227848101267,United Kingdom
15422,323,7,1619.97,2,4,4,244,10,347,231.42428571428573,7.368155619596541,1619.97,80,710,5.916666666666667,0.48333333333333334,United Kingdom
15423,38,3,266.89,4,3,1,431,8,583,88.96333333333332,1.8795025728987993,266.89,13,198,14.142857142857142,0.6428571428571429,United Kingdom
15424,254,3,579.3,2,3,2,232,7,208,193.1,5.268028846153846,579.3,33,785,23.78787878787879,0.0,United Kingdom
15425,400,4,1944.57,2,3,4,234,9,263,486.1425,5.555133079847909,1944.5700000000002,114,1042,7.236111111111111,0.8819444444444444,United Kingdom
15426,19,9,2608.49,5,5,4,554,14,567,289.8322222222222,5.797619047619048,2608.49,327,1220,2.284644194756554,0.9700374531835206,United Kingdom
15427,33,3,1483.14,4,3,4,434,11,13,494.38000000000005,84.28846153846153,1483.14,233,1013,3.310457516339869,1.0,United Kingdom
15428,15,4,740.8000000000001,5,3,3,533,11,706,185.20000000000002,2.0694050991501416,740.8000000000001,39,347,7.886363636363637,0.0,United Kingdom
15429,27,2,397.35,4,2,2,422,8,48,198.675,15.21875,397.35,77,380,4.634146341463414,1.0,United Kingdom
15430,468,2,954.75,1,2,3,123,6,60,477.375,12.175,954.75,36,309,8.583333333333334,0.08333333333333333,United Kingdom
15431,503,1,153.24,1,1,1,111,3,1,153.24,365.25,153.24,2,84,42.0,1.0,United Kingdom
15432,23,2,320.76,4,2,2,422,8,518,160.38,1.4102316602316602,320.76,16,92,5.75,0.0,United Kingdom
15433,214,2,533.3,2,2,2,222,6,53,266.65,13.783018867924527,533.3,40,534,13.024390243902438,0.0,United Kingdom
15434,8,11,2567.06,5,5,4,554,14,675,233.36909090909091,5.952222222222222,2567.06,82,1423,10.619402985074627,0.1417910447761194,United Kingdom
15435,22,1,149.29,4,1,1,411,6,1,149.29,365.25,149.29,29,54,1.8620689655172413,0.0,United Kingdom
15436,12,3,1123.16,5,3,3,533,11,221,374.3866666666667,4.95814479638009,1123.16,243,613,1.8632218844984803,0.6048632218844985,United Kingdom
15437,262,2,393.45,2,2,2,222,6,378,196.725,1.9325396825396826,393.45000000000005,56,177,3.1052631578947367,0.0,United Kingdom
15438,131,1,156.57999999999998,3,1,1,311,5,1,156.57999999999998,365.25,156.57999999999998,25,59,2.36,1.0,United Kingdom
15439,405,4,1269.05,2,3,4,234,9,248,317.2625,5.891129032258064,1269.05,49,572,10.035087719298245,0.24561403508771928,United Kingdom
15440,55,3,383.68,4,3,2,432,9,154,127.89333333333333,7.11525974025974,383.68,50,197,3.1774193548387095,0.8064516129032258,United Kingdom
15441,396,3,1254.21,2,3,4,234,9,334,418.07,3.2806886227544907,1254.21,45,587,10.298245614035087,0.0,United Kingdom
15442,249,1,594.0,2,1,2,212,5,1,594.0,365.25,594.0,2,120,60.0,0.0,United Kingdom
15443,2,14,5173.9800000000005,5,5,5,555,15,640,369.57000000000005,7.98984375,5173.9800000000005,408,2735,4.233746130030959,0.56656346749226,United Kingdom
15444,9,2,1419.94,5,2,4,524,11,31,709.97,23.564516129032256,1419.9399999999998,191,764,3.4885844748858448,0.3287671232876712,United Kingdom
15445,264,2,284.5,2,2,2,222,6,326,142.25,2.2407975460122698,284.49999999999994,12,118,8.428571428571429,0.35714285714285715,United Kingdom
15446,377,3,406.95,2,3,2,232,7,349,135.65,3.1396848137535818,406.95000000000005,90,267,2.3421052631578947,1.0,United Kingdom
15447,331,5,492.88,2,4,2,242,8,294,98.576,6.211734693877551,492.88,27,228,7.862068965517241,0.0,United Kingdom
15448,313,2,788.8100000000001,2,2,3,223,7,361,394.40500000000003,2.0235457063711912,788.8100000000001,49,487,9.938775510204081,0.0,United Kingdom
15449,26,3,974.52,4,3,3,433,10,235,324.84,4.662765957446808,974.52,47,812,13.533333333333333,0.3333333333333333,United Kingdom
15450,30,1,429.84,4,1,2,412,7,1,429.84,365.25,429.84,30,376,12.533333333333333,0.0,United Kingdom
15451,434,2,233.21,1,2,1,121,4,164,116.605,4.454268292682927,233.20999999999998,56,79,1.253968253968254,0.0,United Kingdom
15452,30,6,1799.1100000000001,4,4,4,444,12,481,299.8516666666667,4.556133056133056,1799.1100000000001,158,1091,5.400990099009901,0.2623762376237624,United Kingdom
15453,2,7,1388.37,5,4,4,544,13,185,198.3385714285714,13.820270270270269,1388.37,169,845,2.9545454545454546,0.25524475524475526,United Kingdom
15454,362,2,307.69,2,2,2,222,6,256,153.845,2.853515625,307.69,35,148,3.6097560975609757,0.6097560975609756,United Kingdom
15455,598,1,38.25,1,1,1,111,3,1,38.25,365.25,38.25,2,3,1.5,0.0,United Kingdom
15456,283,10,2122.84,2,5,4,254,11,448,212.28400000000002,8.152901785714286,2122.84,128,2826,12.28695652173913,0.0782608695652174,United Kingdom
15457,262,1,237.07,2,1,1,211,4,1,237.07,365.25,237.07000000000002,56,132,2.2758620689655173,0.0,United Kingdom
15458,25,2,370.44,4,2,2,422,8,376,185.22,1.9428191489361701,370.44,13,300,23.076923076923077,0.0,United Kingdom
15459,417,2,202.83,1,2,1,121,4,80,101.415,9.13125,202.82999999999998,6,121,17.285714285714285,0.0,United Kingdom
15460,354,1,216.76,2,1,1,211,4,1,216.76,365.25,216.76,53,109,1.8793103448275863,0.0,United Kingdom
15461,461,2,429.7,1,2,2,122,5,170,214.85,4.297058823529412,429.7,1,230,115.0,0.5,United Kingdom
15462,94,4,737.05,3,3,3,333,9,351,184.2625,4.162393162393162,737.0499999999998,32,495,12.073170731707316,0.12195121951219512,United Kingdom
15463,29,1,126.14,4,1,1,411,6,1,126.14,365.25,126.14,7,106,15.142857142857142,0.0,United Kingdom
15464,338,1,978.1,2,1,3,213,6,1,978.1,365.25,978.1,155,350,2.229299363057325,0.0,United Kingdom
15465,20,32,12655.65,4,5,5,455,14,710,395.4890625,16.461971830985917,12655.650000000001,94,2769,10.52851711026616,0.6083650190114068,United Kingdom
15466,85,4,1571.01,3,3,4,334,10,651,392.7525,2.2442396313364057,1571.01,211,944,3.5622641509433963,0.0,United Kingdom
15467,9,3,517.93,5,3,2,532,10,142,172.64333333333332,7.716549295774647,517.93,41,310,5.961538461538462,0.75,United Kingdom
15468,51,3,1393.52,4,3,4,434,11,341,464.50666666666666,3.213343108504399,1393.52,80,1224,15.3,0.0,United Kingdom
15469,50,3,859.1500000000001,4,3,3,433,10,388,286.3833333333334,2.8240979381443303,859.1500000000002,38,287,6.674418604651163,0.0,United Kingdom
15470,576,1,63.419999999999995,1,1,1,111,3,1,63.419999999999995,365.25,63.419999999999995,4,232,58.0,0.0,United Kingdom
15471,2,3,1316.56,5,3,4,534,12,548,438.8533333333333,1.9995437956204378,1316.56,122,683,4.216049382716049,0.0,United Kingdom
15472,113,1,371.90999999999997,3,1,2,312,6,1,371.90999999999997,365.25,371.91,76,251,3.3026315789473686,0.0,United Kingdom
15473,14,8,2046.0,5,4,4,544,13,430,255.75,6.795348837209302,2045.9999999999998,5,776,55.42857142857143,0.0,United Kingdom
15474,596,1,163.1,1,1,1,111,3,1,163.1,365.25,163.1,19,56,2.8,0.0,United Kingdom
15475,77,1,454.11,3,1,2,312,6,1,454.11,365.25,454.10999999999996,29,319,11.0,0.0,United Kingdom
15476,380,4,2209.98,2,3,4,234,9,62,552.495,23.564516129032256,2209.98,67,1174,14.860759493670885,0.0,United Kingdom
15477,650,1,368.4,1,1,2,112,4,1,368.4,365.25,368.40000000000003,2,216,108.0,1.0,United Kingdom
15478,40,3,2024.98,4,3,4,434,11,534,674.9933333333333,2.0519662921348316,2024.98,53,904,12.732394366197184,0.30985915492957744,United Kingdom
15479,733,1,147.4,1,1,1,111,3,1,147.4,365.25,147.4,9,38,4.222222222222222,1.0,United Kingdom
15480,116,5,3628.25,3,4,5,345,12,559,725.65,3.266994633273703,3628.25,199,1852,8.613953488372093,0.0,Malta
15481,401,1,1993.34,2,1,4,214,7,1,1993.34,365.25,1993.3399999999997,38,1450,38.1578947368421,0.0,Norway
15482,16,19,14456.16,5,5,5,555,15,721,760.8505263157895,9.625173370319,14456.159999999998,74,6268,42.06711409395973,0.174496644295302,United Kingdom
15483,161,10,866.88,3,5,3,353,11,522,86.688,6.997126436781609,866.88,216,944,3.2551724137931033,0.3793103448275862,United Kingdom
15484,1,6,4640.88,5,4,5,545,14,732,773.48,2.9938524590163933,4640.88,180,3988,16.547717842323653,0.13692946058091288,United Kingdom
15485,30,7,5771.51,4,4,5,445,13,707,824.5014285714286,3.6163366336633667,5771.510000000001,80,2594,16.111801242236027,0.0,United Kingdom
15486,527,1,102.0,1,1,1,111,3,1,102.0,365.25,102.0,1,40,40.0,0.0,United Kingdom
15487,680,1,231.32,1,1,1,111,3,1,231.32,365.25,231.32000000000002,14,144,10.285714285714286,0.0,United Kingdom
15488,93,5,431.92,3,4,2,342,9,490,86.384,3.7270408163265305,431.92,10,251,22.818181818181817,0.0,United Kingdom
15489,23,8,2419.61,4,4,4,444,12,670,302.45125,4.361194029850746,2419.61,75,1264,11.087719298245615,0.06140350877192982,United Kingdom
15490,430,1,217.6,1,1,1,111,3,1,217.6,365.25,217.6,22,85,3.0357142857142856,0.0,United Kingdom
15491,95,6,3100.09,3,4,5,345,12,140,516.6816666666667,15.653571428571428,3100.09,108,1646,10.688311688311689,0.0,United Kingdom
15492,28,2,659.46,4,2,3,423,9,46,329.73,15.880434782608697,659.46,32,483,13.8,0.0,United Kingdom
15493,33,9,4312.08,4,5,5,455,14,622,479.12,5.284967845659164,4312.08,289,1260,1.9384615384615385,0.0,United Kingdom
15494,21,5,3780.05,4,4,5,445,13,707,756.01,2.5830975954738333,3780.05,307,3097,8.17150395778364,0.0,United Kingdom
15495,379,1,246.5,2,1,1,211,4,1,246.5,365.25,246.5,20,194,9.7,0.0,United Kingdom
15496,631,1,146.14,1,1,1,111,3,1,146.14,365.25,146.14,22,98,4.454545454545454,0.0,United Kingdom
15497,18,9,8657.39,5,5,5,555,15,703,961.9322222222222,4.676031294452347,8657.39,66,2937,24.272727272727273,0.0,United Kingdom
15498,3,44,25895.23,5,5,5,555,15,720,588.5279545454546,22.320833333333333,25895.23,597,12622,12.998970133882596,0.05664263645726056,United Kingdom
15499,724,1,161.6,1,1,1,111,3,1,161.6,365.25,161.6,40,60,1.4285714285714286,0.0,United Kingdom
15500,8,4,1131.56,5,3,3,533,11,73,282.89,20.013698630136986,1131.56,64,572,8.411764705882353,0.3235294117647059,United Kingdom
15501,405,2,404.18,2,2,2,222,6,10,202.09,73.05,404.17999999999995,64,206,2.942857142857143,0.3,United Kingdom
15502,16,14,10284.77,5,5,5,555,15,539,734.6264285714286,9.487012987012987,10284.77,231,5493,15.21606648199446,0.19113573407202217,United Kingdom
15503,363,2,267.15,2,2,1,221,5,363,133.575,2.012396694214876,267.15,112,136,1.1056910569105691,1.0,United Kingdom
15504,81,4,423.85,3,3,2,332,8,584,105.9625,2.5017123287671232,423.8500000000001,42,148,2.1449275362318843,0.0,United Kingdom
15505,53,5,3612.64,4,4,5,445,13,102,722.528,17.904411764705884,3612.6400000000003,90,2390,24.63917525773196,0.0,United Kingdom
15506,23,6,2040.03,4,4,4,444,12,454,340.005,4.827092511013216,2040.03,180,1647,5.924460431654676,0.38848920863309355,United Kingdom
15507,172,1,492.36,3,1,2,312,6,1,492.36,365.25,492.35999999999996,41,162,3.5217391304347827,0.0,United Kingdom
15508,189,6,1000.27,3,4,3,343,10,46,166.71166666666667,47.64130434782609,1000.2700000000001,78,440,4.782608695652174,0.0,United Kingdom
15509,380,1,166.51,2,1,1,211,4,1,166.51,365.25,166.51,26,72,2.4827586206896552,0.0,United Kingdom
15510,331,1,36.0,2,1,1,211,4,1,36.0,365.25,36.0,1,2,2.0,0.0,United Kingdom
15511,12,5,909.23,5,4,3,543,12,73,181.846,25.017123287671232,909.2300000000001,117,271,1.69375,0.0,United Kingdom
15512,156,4,331.58,3,3,2,332,8,520,82.895,2.809615384615385,331.58,29,235,7.34375,0.75,United Kingdom
15513,33,35,27017.87,4,5,5,455,14,661,771.9391428571429,19.34001512859304,27017.870000000006,278,10743,19.115658362989326,0.17793594306049823,United Kingdom
15514,12,18,6515.63,5,5,5,555,15,722,361.9794444444444,9.10595567867036,6515.63,171,4014,11.805882352941177,0.12352941176470589,United Kingdom
15515,387,1,171.81,2,1,1,211,4,1,171.81,365.25,171.81,7,131,18.714285714285715,0.0,United Kingdom
15516,45,3,62.43,4,3,1,431,8,1,20.81,1095.75,62.43,15,27,1.8,0.0,United Kingdom
15517,233,1,267.63,2,1,1,211,4,1,267.63,365.25,267.63,27,293,10.851851851851851,0.0,United Kingdom
15518,64,15,4218.94,3,5,5,355,13,655,281.26266666666663,8.364503816793892,4218.94,250,2823,6.204395604395605,0.31648351648351647,United Kingdom
15519,383,2,344.61,2,2,2,222,6,63,172.305,11.595238095238095,344.61,34,116,3.135135135135135,1.0,United Kingdom
15520,2,1,343.5,5,1,2,512,8,1,343.5,365.25,343.5,18,314,17.444444444444443,0.0,United Kingdom
15521,40,16,6866.84,4,5,5,455,14,663,429.1775,8.81447963800905,6866.840000000001,186,4516,11.150617283950618,0.14320987654320988,United Kingdom
15522,33,2,398.91,4,2,2,422,8,54,199.455,13.527777777777779,398.9100000000001,47,573,10.052631578947368,0.0,United Kingdom
15523,84,16,16291.51,3,5,5,355,13,653,1018.219375,8.949464012251148,16291.51,65,13329,62.28504672897196,0.09345794392523364,United Kingdom
15524,25,2,223.4,4,2,1,421,7,582,111.7,1.2551546391752577,223.4,9,28,3.111111111111111,0.0,United Kingdom
15525,2,4,1297.38,5,3,4,534,12,380,324.345,3.8447368421052635,1297.3800000000003,152,680,2.6254826254826256,0.0,United Kingdom
15526,33,2,148.44,4,2,1,421,7,1,74.22,730.5,148.44,4,24,6.0,1.0,United Kingdom
15527,19,23,5573.6900000000005,5,5,5,555,15,705,242.33434782608697,11.91595744680851,5573.6900000000005,226,2222,6.712990936555891,0.14803625377643503,United Kingdom
15528,254,1,229.33,2,1,1,211,4,1,229.33,365.25,229.33,26,123,4.730769230769231,0.0,United Kingdom
15529,23,12,5113.63,4,5,5,455,14,371,426.1358333333333,11.814016172506738,5113.63,451,4488,5.54074074074074,0.0,United Kingdom
15530,22,5,1819.48,4,4,4,444,12,491,363.896,3.7194501018329937,1819.48,111,1340,9.37062937062937,0.0,United Kingdom
15531,8,2,2007.44,5,2,4,524,11,22,1003.72,33.20454545454545,2007.4399999999998,196,1105,4.8464912280701755,0.0,United Kingdom
15532,25,10,3767.9500000000003,4,5,5,455,14,523,376.795,6.983747609942639,3767.9500000000007,417,1349,2.1515151515151514,0.4944178628389155,United Kingdom
15533,19,3,805.62,5,3,3,533,11,69,268.54,15.880434782608695,805.6200000000001,73,289,3.4819277108433737,1.0,United Kingdom
15534,726,1,162.25,1,1,1,111,3,1,162.25,365.25,162.25,8,63,7.875,0.0,United Kingdom
15535,173,6,1087.82,3,4,3,343,10,275,181.3033333333333,7.969090909090909,1087.8199999999997,88,323,2.41044776119403,0.7910447761194029,United Kingdom
15536,409,1,259.09,2,1,1,211,4,1,259.09,365.25,259.09,16,242,15.125,0.0,United Kingdom
15537,163,1,110.92,3,1,1,311,5,1,110.92,365.25,110.92,24,29,1.2083333333333333,0.0,United Kingdom
15538,538,6,2454.6,1,4,4,144,9,125,409.09999999999997,17.532,2454.6,3,816,58.285714285714285,0.2857142857142857,United Kingdom
15539,7,1,538.46,5,1,2,512,8,1,538.46,365.25,538.46,41,410,10.0,0.0,United Kingdom
15540,11,2,460.68,5,2,2,522,9,364,230.34,2.006868131868132,460.68,31,444,14.32258064516129,0.0,United Kingdom
15541,114,1,85.13000000000001,3,1,1,311,5,1,85.13000000000001,365.25,85.13000000000001,29,49,1.6896551724137931,0.0,United Kingdom
15542,512,3,918.45,1,3,3,133,7,225,306.15000000000003,4.87,918.4500000000002,212,469,1.8611111111111112,0.0,United Kingdom
15543,288,2,242.84,2,2,1,221,5,171,121.42,4.271929824561403,242.84,50,169,2.913793103448276,0.0,United Kingdom
15544,9,20,8162.43,5,5,5,555,15,671,408.1215,10.886736214605067,8162.430000000001,175,7019,12.601436265709156,0.0807899461400359,United Kingdom
15545,54,2,428.05,4,2,2,422,8,316,214.025,2.3117088607594938,428.05,78,238,2.125,0.44642857142857145,United Kingdom
15546,607,2,1079.1000000000001,1,2,3,123,6,1,539.5500000000001,730.5,1079.1000000000001,6,198,16.5,0.0,United Kingdom
15547,7,26,10017.49,5,5,5,555,15,725,385.2880769230769,13.098620689655172,10017.49,652,7082,5.215022091310751,0.7533136966126657,United Kingdom
15548,596,1,158.09,1,1,1,111,3,1,158.09,365.25,158.09,23,64,2.782608695652174,0.0,United Kingdom
15549,77,8,2345.96,3,4,4,344,11,620,293.245,4.712903225806452,2345.96,139,940,5.802469135802469,0.0,United Kingdom
15550,4,12,2117.1,5,5,4,554,14,732,176.42499999999998,5.987704918032787,2117.0999999999995,166,1144,4.766666666666667,0.0,United Kingdom
15551,37,7,1710.08,4,4,4,444,12,513,244.29714285714286,4.983918128654971,1710.0800000000002,117,814,5.3907284768211925,0.013245033112582781,United Kingdom
15552,217,2,252.52,2,2,1,221,5,405,126.26,1.8037037037037038,252.52,29,166,5.533333333333333,0.0,United Kingdom
15553,60,1,437.23,3,1,2,312,6,1,437.23,365.25,437.23,51,451,8.053571428571429,0.0,United Kingdom
15554,278,1,217.2,2,1,1,211,4,1,217.2,365.25,217.20000000000002,14,74,5.285714285714286,0.0,United Kingdom
15555,12,36,12095.37,5,5,5,555,15,721,335.9825,18.237170596393895,12095.37,667,8987,5.34622248661511,0.6311719214753123,United Kingdom
15556,24,1,280.37,4,1,1,411,6,1,280.37,365.25,280.37,31,236,7.612903225806452,0.0,United Kingdom
15557,29,1,473.65000000000003,4,1,2,412,7,1,473.65000000000003,365.25,473.65000000000003,16,219,10.95,0.0,United Kingdom
15558,639,1,214.13,1,1,1,111,3,1,214.13,365.25,214.13,23,86,3.44,0.0,United Kingdom
15559,568,1,1109.4,1,1,3,113,5,1,1109.4,365.25,1109.4,62,526,8.483870967741936,0.0,United Kingdom
15560,398,2,153.52,2,2,1,221,5,1,76.76,730.5,153.52,10,72,7.2,1.0,United Kingdom
15561,12,8,1934.3899999999999,5,4,4,544,13,651,241.79874999999998,4.488479262672811,1934.3899999999999,65,1334,14.5,0.6521739130434783,United Kingdom
15562,352,3,673.3800000000001,2,3,3,233,8,374,224.46000000000004,2.9298128342245993,673.3800000000001,32,561,16.5,0.8235294117647058,United Kingdom
15563,22,7,2878.76,4,4,5,445,13,658,411.2514285714286,3.8856382978723403,2878.76,179,3019,11.656370656370656,0.0,United Kingdom
15564,463,2,70.74000000000001,1,2,1,121,4,212,35.370000000000005,3.445754716981132,70.74000000000001,4,42,10.5,0.0,United Kingdom
15565,50,2,173.16000000000003,4,2,1,421,7,20,86.58000000000001,36.525,173.16000000000003,8,60,7.5,0.0,United Kingdom
15566,393,2,227.87,2,2,1,221,5,331,113.935,2.206948640483384,227.87000000000003,9,153,12.75,0.0,United Kingdom
15567,19,1,192.73,5,1,1,511,7,1,192.73,365.25,192.73,7,223,31.857142857142858,0.0,United Kingdom
15568,3,3,758.29,5,3,3,533,11,70,252.76333333333332,15.653571428571428,758.2899999999998,27,461,8.69811320754717,0.0,United Kingdom
15569,104,10,3586.08,3,5,5,355,13,545,358.608,6.701834862385321,3586.08,123,1736,12.225352112676056,0.9436619718309859,United Kingdom
15570,7,25,9280.14,5,5,5,555,15,614,371.2056,14.871742671009773,9280.140000000001,442,4279,5.4440203562340965,0.2748091603053435,United Kingdom
15571,12,14,3996.2,5,5,5,555,15,721,285.4428571428571,7.092233009708737,3996.2,442,2466,3.883464566929134,0.4456692913385827,United Kingdom
15572,5,10,3884.72,5,5,5,555,15,599,388.472,6.097662771285476,3884.72,259,2148,6.033707865168539,0.11235955056179775,United Kingdom
15573,32,5,1208.86,4,4,4,444,12,697,241.772,2.620157819225251,1208.8600000000001,181,780,3.5454545454545454,0.0,United Kingdom
15574,178,6,1520.1,3,4,4,344,11,286,253.35,7.6625874125874125,1520.1,191,949,2.544235924932976,0.0,United Kingdom
15575,620,1,30.1,1,1,1,111,3,1,30.1,365.25,30.099999999999998,3,6,2.0,0.0,United Kingdom
15576,38,1,940.67,4,1,3,413,8,1,940.67,365.25,940.67,43,404,8.977777777777778,0.0,United Kingdom
15577,151,5,397.98,3,4,2,342,9,575,79.596,3.176086956521739,397.98,58,121,2.0166666666666666,0.31666666666666665,United Kingdom
15578,162,1,127.1,3,1,1,311,5,1,127.1,365.25,127.10000000000001,13,52,4.0,0.0,United Kingdom
15579,69,5,1302.5,3,4,4,344,11,363,260.5,5.0309917355371905,1302.5,140,723,4.228070175438597,0.8421052631578947,United Kingdom
15580,377,8,1381.19,2,4,4,244,10,293,172.64875,9.972696245733788,1381.19,150,959,4.187772925764192,0.4978165938864629,United Kingdom
15581,121,38,4890.58,3,5,5,355,13,616,128.69947368421052,22.531655844155843,4890.579999999999,542,3146,4.387726638772664,0.10181311018131102,United Kingdom
15582,25,3,682.9100000000001,4,3,3,433,10,195,227.63666666666668,5.619230769230769,682.9100000000001,39,453,10.295454545454545,0.0,United Kingdom
15583,376,1,107.88,2,1,1,211,4,1,107.88,365.25,107.88,37,63,1.3695652173913044,1.0,United Kingdom
15584,24,6,1277.5,4,4,4,444,12,646,212.91666666666666,3.392414860681115,1277.5,174,487,2.174107142857143,0.44642857142857145,United Kingdom
15585,177,1,455.3,3,1,2,312,6,1,455.3,365.25,455.3,31,320,10.32258064516129,0.0,United Kingdom
15586,593,3,1102.14,1,3,3,133,7,108,367.38000000000005,10.145833333333334,1102.14,30,1250,32.89473684210526,0.0,United Kingdom
15587,50,7,1522.08,4,4,4,444,12,441,217.44,5.797619047619048,1522.0800000000002,3,528,37.714285714285715,0.14285714285714285,United Kingdom
15588,678,1,579.6,1,1,2,112,4,1,579.6,365.25,579.6,4,96,24.0,1.0,United Kingdom
15589,256,3,474.58,2,3,2,232,7,54,158.19333333333333,20.291666666666668,474.58,28,243,8.379310344827585,0.0,United Kingdom
15590,382,5,1496.6,2,4,4,244,10,224,299.32,8.152901785714286,1496.6000000000001,75,832,9.563218390804598,0.4482758620689655,United Kingdom
15591,583,3,217.9,1,3,1,131,5,91,72.63333333333334,12.04120879120879,217.9,6,58,8.285714285714286,0.0,United Kingdom
15592,47,1,388.58,4,1,2,412,7,1,388.58,365.25,388.58,24,354,14.75,0.0,United Kingdom
15593,71,1,199.8,3,1,1,311,5,1,199.8,365.25,199.79999999999998,5,60,12.0,0.0,United Kingdom
15594,16,5,1771.78,5,4,4,544,13,218,354.356,8.37729357798165,1771.7799999999997,85,983,9.54368932038835,0.0,United Kingdom
15595,488,1,357.59999999999997,1,1,2,112,4,1,357.59999999999997,365.25,357.59999999999997,4,144,36.0,0.0,United Kingdom
15596,101,9,3130.04,3,5,5,355,13,398,347.78222222222223,8.259422110552764,3130.04,82,1376,7.818181818181818,0.0,United Kingdom
15597,35,2,563.37,4,2,2,422,8,540,281.685,1.3527777777777779,563.37,35,393,10.621621621621621,0.0,United Kingdom
15598,53,2,548.02,4,2,2,422,8,374,274.01,1.9532085561497328,548.02,32,404,11.222222222222221,0.0,United Kingdom
15599,27,3,1250.06,4,3,4,434,11,419,416.68666666666667,2.6151551312649164,1250.06,77,1098,13.228915662650602,0.27710843373493976,United Kingdom
15600,428,4,1199.31,1,3,3,133,7,165,299.8275,8.854545454545455,1199.31,55,657,9.253521126760564,0.28169014084507044,United Kingdom
15601,11,30,14972.48,5,5,5,555,15,727,499.0826666666666,15.072214580467676,14972.48,310,11061,12.684633027522937,0.08486238532110092,United Kingdom
15602,8,16,3230.51,5,5,5,555,15,729,201.906875,8.016460905349794,3230.51,62,2349,18.3515625,0.0,United Kingdom
15603,79,2,88.48,3,2,1,321,6,569,44.24,1.2838312829525482,88.48,4,128,32.0,0.0,United Kingdom
15604,52,1,216.39000000000001,4,1,1,411,6,1,216.39000000000001,365.25,216.39000000000001,17,159,9.352941176470589,0.0,United Kingdom
15605,36,9,1912.9,4,5,4,454,13,658,212.54444444444445,4.99582066869301,1912.9000000000003,80,712,6.414414414414415,0.0990990990990991,United Kingdom
15606,61,17,5230.99,3,5,5,355,13,586,307.70529411764704,10.59598976109215,5230.99,84,1615,11.137931034482758,0.2689655172413793,United Kingdom
15607,337,9,1708.97,2,5,4,254,11,364,189.88555555555556,9.030906593406593,1708.97,95,1470,13.486238532110091,0.0,United Kingdom
15608,28,5,1785.98,4,4,4,444,12,387,357.196,4.7189922480620154,1785.98,93,1262,12.019047619047619,0.0,United Kingdom
15609,184,1,298.48,3,1,2,312,6,1,298.48,365.25,298.48,16,148,9.25,0.0,United Kingdom
15610,52,1,112.46000000000001,4,1,1,411,6,1,112.46000000000001,365.25,112.46,6,66,11.0,0.0,United Kingdom
15611,10,26,2997.28,5,5,5,555,15,673,115.28,14.11069836552749,2997.28,43,747,7.946808510638298,0.20212765957446807,United Kingdom
15612,36,2,195.15,4,2,1,421,7,25,97.575,29.220000000000002,195.15,4,52,8.666666666666666,0.5,United Kingdom
15613,610,1,411.34,1,1,2,112,4,1,411.34,365.25,411.34,27,612,22.666666666666668,0.0,United Kingdom
15614,438,4,3147.36,1,3,5,135,9,188,786.84,7.7712765957446805,3147.36,73,1632,20.14814814814815,0.0,United Kingdom
15615,10,47,21373.97,5,5,5,555,15,726,454.7653191489362,23.645661157024794,21373.970000000005,292,12090,13.41842397336293,0.02774694783573807,United Kingdom
15616,438,1,295.16,1,1,2,112,4,1,295.16,365.25,295.16,13,137,10.538461538461538,0.0,United Kingdom
15617,396,3,828.5500000000001,2,3,3,233,8,111,276.18333333333334,9.871621621621621,828.55,41,485,11.547619047619047,0.0,United Kingdom
15618,33,4,777.04,4,3,3,433,10,103,194.26,14.184466019417476,777.0400000000001,39,454,10.088888888888889,0.0,United Kingdom
15619,11,1,336.4,5,1,2,512,8,1,336.4,365.25,336.4,3,136,45.333333333333336,0.0,United Kingdom
15620,57,4,1930.65,4,3,4,434,11,353,482.6625,4.138810198300283,1930.65,114,1249,9.682170542635658,0.0,United Kingdom
15621,4,4,1293.03,5,3,4,534,12,17,323.2575,85.94117647058823,1293.03,11,501,31.3125,0.0,United Kingdom
15622,43,17,7811.76,4,5,5,455,14,602,459.51529411764704,10.31436877076412,7811.759999999999,331,4091,9.603286384976526,0.0,United Kingdom
15623,141,8,2437.05,3,4,4,344,11,588,304.63125,4.969387755102041,2437.05,91,1087,10.064814814814815,0.17592592592592593,United Kingdom
15624,117,4,588.13,3,3,2,332,8,139,147.0325,10.510791366906474,588.13,26,357,10.5,0.0,United Kingdom
15625,104,9,3236.4,3,5,5,355,13,438,359.6,7.50513698630137,3236.4,106,3020,17.660818713450293,0.23391812865497075,United Kingdom
15626,75,3,1072.56,3,3,3,333,9,346,357.52,3.166907514450867,1072.5599999999997,73,1138,14.225,0.0,United Kingdom
15627,457,2,566.9,1,2,2,122,5,65,283.45,11.23846153846154,566.9,23,344,14.333333333333334,0.0,United Kingdom
15628,5,17,5652.26,5,5,5,555,15,721,332.4858823529412,8.611997226074896,5652.260000000001,136,3819,12.00943396226415,0.05660377358490566,United Kingdom
15629,450,4,2240.9,1,3,4,134,8,82,560.225,17.817073170731707,2240.9,39,1518,19.714285714285715,0.0,United Kingdom
15630,45,3,1481.4,4,3,4,434,11,599,493.8,1.8292988313856429,1481.4,76,987,12.3375,0.0,United Kingdom
15631,642,1,596.67,1,1,2,112,4,1,596.67,365.25,596.67,39,525,13.461538461538462,1.0,United Kingdom
15632,16,8,3293.71,5,4,5,545,14,259,411.71375,11.281853281853282,3293.71,107,2109,12.62874251497006,0.0,United Kingdom
15633,509,13,4352.46,1,5,5,155,11,221,334.8046153846154,21.485294117647058,4352.46,77,2058,11.627118644067796,0.192090395480226,United Kingdom
15634,17,2,554.65,5,2,2,522,9,366,277.325,1.9959016393442623,554.65,34,227,6.676470588235294,0.5588235294117647,United Kingdom
15635,396,1,79.5,2,1,1,211,4,1,79.5,365.25,79.5,2,5,2.5,0.0,United Kingdom
15636,90,4,1444.58,3,3,4,334,10,479,361.145,3.0501043841336117,1444.58,39,560,9.824561403508772,0.2982456140350877,United Kingdom
15637,53,5,765.91,4,4,3,443,11,671,153.182,2.7216840536512668,765.91,37,563,13.731707317073171,0.0,United Kingdom
15638,379,6,2265.2,2,4,4,244,10,231,377.5333333333333,9.487012987012987,2265.2000000000003,20,1134,45.36,0.2,United Kingdom
15639,134,3,1065.08,3,3,3,333,9,471,355.02666666666664,2.3264331210191083,1065.08,61,849,12.304347826086957,0.0,United Kingdom
15640,4,29,23947.83,5,5,5,555,15,720,825.7872413793104,14.711458333333335,23947.830000000005,303,12390,16.19607843137255,0.2980392156862745,United Kingdom
15641,105,12,5347.2300000000005,3,5,5,355,13,627,445.6025,6.99043062200957,5347.2300000000005,249,4422,14.218649517684888,0.18971061093247588,United Kingdom
15642,730,1,105.78,1,1,1,111,3,1,105.78,365.25,105.77999999999999,6,270,45.0,0.0,United Kingdom
15643,192,3,664.0,2,3,3,233,8,90,221.33333333333334,12.175,664.0,31,246,7.454545454545454,0.0,United Kingdom
15644,166,4,813.0,3,3,3,333,9,94,203.25,15.542553191489361,813.0,166,557,2.3403361344537816,0.5294117647058824,United Kingdom
15645,19,3,1055.17,5,3,3,533,11,406,351.72333333333336,2.698891625615764,1055.17,59,396,5.823529411764706,0.22058823529411764,United Kingdom
15646,158,5,977.97,3,4,3,343,10,252,195.594,7.247023809523809,977.97,65,1051,12.364705882352942,0.0,United Kingdom
15647,415,1,169.0,1,1,1,111,3,1,169.0,365.25,169.0,11,124,11.272727272727273,0.0,United Kingdom
15648,204,2,657.35,2,2,3,223,7,62,328.675,11.782258064516128,657.35,23,221,8.84,0.0,United Kingdom
15649,336,4,2170.35,2,3,4,234,9,50,542.5875,29.220000000000002,2170.35,8,485,40.416666666666664,0.0,United Kingdom
15650,522,2,553.88,1,2,2,122,5,106,276.94,6.891509433962264,553.88,33,210,5.833333333333333,0.6944444444444444,United Kingdom
15651,37,5,1259.06,4,4,4,444,12,559,251.81199999999998,3.266994633273703,1259.06,52,871,14.516666666666667,0.0,United Kingdom
15652,91,5,1358.39,3,4,4,344,11,393,271.678,4.646946564885496,1358.39,93,659,6.336538461538462,0.0,United Kingdom
15653,93,2,336.0,3,2,2,322,7,23,168.0,31.760869565217394,336.0,4,448,74.66666666666667,0.0,United Kingdom
15654,9,2,922.53,5,2,3,523,10,16,461.265,45.65625,922.5300000000001,15,475,22.61904761904762,0.42857142857142855,United Kingdom
15655,243,1,560.6700000000001,2,1,2,212,5,1,560.6700000000001,365.25,560.6700000000001,34,324,9.529411764705882,1.0,United Kingdom
15656,45,4,748.5,4,3,3,433,10,238,187.125,6.1386554621848735,748.4999999999999,46,343,7.297872340425532,0.0,United Kingdom
15657,23,1,30.0,4,1,1,411,6,1,30.0,365.25,30.0,1,24,24.0,0.0,United Kingdom
15658,190,8,2419.57,2,4,4,244,10,546,302.44625,5.351648351648352,2419.57,79,691,5.956896551724138,0.0,United Kingdom
15659,44,3,532.49,4,3,2,432,9,609,177.49666666666667,1.7992610837438423,532.49,14,161,7.666666666666667,0.0,United Kingdom
15660,25,15,2812.9900000000002,4,5,4,454,13,647,187.53266666666667,8.467928902627513,2812.9900000000002,73,1893,11.75776397515528,0.0,United Kingdom
15661,317,8,1215.95,2,4,4,244,10,261,151.99375,11.195402298850574,1215.95,27,779,17.704545454545453,0.06818181818181818,United Kingdom
15662,661,2,283.73,1,2,2,122,5,77,141.865,9.487012987012987,283.73,12,145,12.083333333333334,0.0,United Kingdom
15663,106,1,138.14,3,1,1,311,5,1,138.14,365.25,138.14,9,106,11.777777777777779,0.0,United Kingdom
15664,51,4,1254.03,4,3,4,434,11,598,313.5075,2.44314381270903,1254.0299999999997,54,530,7.571428571428571,0.38571428571428573,United Kingdom
15665,168,5,4008.17,3,4,5,345,12,466,801.634,3.918991416309013,4008.17,163,2794,9.70138888888889,0.8645833333333334,United Kingdom
15666,472,2,632.94,1,2,3,123,6,23,316.47,31.760869565217394,632.94,62,469,7.0,0.5522388059701493,United Kingdom
15667,40,1,301.32000000000005,4,1,2,412,7,1,301.32000000000005,365.25,301.32000000000005,13,240,18.46153846153846,0.0,United Kingdom
15668,218,1,76.32000000000001,2,1,1,211,4,1,76.32000000000001,365.25,76.32000000000001,1,72,72.0,0.0,United Kingdom
15669,40,4,686.02,4,3,3,433,10,223,171.505,6.551569506726458,686.02,31,342,10.363636363636363,0.24242424242424243,United Kingdom
15670,297,2,325.2,2,2,2,222,6,259,162.6,2.8204633204633205,325.2,19,132,6.947368421052632,0.0,United Kingdom
15671,19,7,2657.13,5,4,4,544,13,252,379.59000000000003,10.145833333333334,2657.1300000000006,52,1699,21.78205128205128,0.0,United Kingdom
15672,725,1,45.300000000000004,1,1,1,111,3,1,45.300000000000004,365.25,45.300000000000004,3,10,3.3333333333333335,0.0,United Kingdom
15673,88,9,6414.79,3,5,5,355,13,567,712.7544444444444,5.797619047619048,6414.790000000001,177,3361,11.710801393728223,0.18466898954703834,United Kingdom
15674,73,13,6619.57,3,5,5,355,13,657,509.1976923076923,7.2271689497716896,6619.570000000001,262,3648,10.393162393162394,0.05982905982905983,United Kingdom
15675,81,4,571.44,3,3,2,332,8,322,142.86,4.537267080745342,571.4400000000002,32,624,17.82857142857143,0.4,United Kingdom
15676,19,3,3413.81,5,3,5,535,13,265,1137.9366666666667,4.134905660377358,3413.81,191,2252,11.148514851485148,0.0,United Kingdom
15677,49,3,1305.6299999999999,4,3,4,434,11,414,435.21,2.6467391304347827,1305.6299999999999,63,675,9.375,0.0,United Kingdom
15678,53,3,1893.89,4,3,4,434,11,469,631.2966666666667,2.3363539445629,1893.8900000000003,77,1067,11.0,0.0,United Kingdom
15679,24,4,785.5,4,3,3,433,10,158,196.375,9.246835443037975,785.5,98,1170,10.636363636363637,0.0,United Kingdom
15680,9,10,4362.26,5,5,5,555,15,728,436.226,5.017170329670329,4362.26,155,3074,11.556390977443609,0.21428571428571427,United Kingdom
15681,25,14,2989.7000000000003,4,5,5,455,14,539,213.55,9.487012987012987,2989.7000000000003,48,1392,15.818181818181818,0.0,United Kingdom
15682,599,2,318.24,1,2,2,122,5,88,159.12,8.301136363636363,318.24,25,222,8.88,0.0,United Kingdom
15683,117,2,524.54,3,2,2,322,7,356,262.27,2.0519662921348316,524.54,25,332,12.76923076923077,0.38461538461538464,United Kingdom
15684,547,3,173.95,1,3,1,131,5,188,57.98333333333333,5.82845744680851,173.95,9,77,7.0,0.0,United Kingdom
15685,450,1,55.980000000000004,1,1,1,111,3,1,55.980000000000004,365.25,55.98,17,36,2.1176470588235294,0.0,United Kingdom
15686,420,1,90.0,1,1,1,111,3,1,90.0,365.25,90.0,1,72,72.0,0.0,United Kingdom
15687,9,9,2993.1,5,5,5,555,15,321,332.56666666666666,10.240654205607477,2993.1000000000004,119,1310,7.891566265060241,0.0,United Kingdom
15688,419,1,190.57,1,1,1,111,3,1,190.57,365.25,190.57000000000002,26,95,3.5185185185185186,1.0,United Kingdom
15689,120,3,521.03,3,3,2,332,8,497,173.67666666666665,2.204728370221328,521.03,20,207,8.625,0.0,United Kingdom
15690,4,2,239.76,5,2,1,521,8,96,119.88,7.609375,239.76,19,408,21.473684210526315,0.0,United Kingdom
15691,252,4,571.3,2,3,2,232,7,480,142.825,3.04375,571.3,12,212,15.142857142857142,0.35714285714285715,United Kingdom
15692,28,1,191.04,4,1,1,411,6,1,191.04,365.25,191.04,12,138,11.5,0.0,United Kingdom
15693,659,1,37.5,1,1,1,111,3,1,37.5,365.25,37.5,1,30,30.0,0.0,United Kingdom
15694,1,24,10810.81,5,5,5,555,15,731,450.4504166666666,11.991792065663475,10810.81,55,2658,17.148387096774194,0.01935483870967742,United Kingdom
15695,267,4,1130.0900000000001,2,3,3,233,8,414,282.52250000000004,3.528985507246377,1130.0900000000001,55,484,8.203389830508474,0.0,United Kingdom
15696,33,13,3821.7200000000003,4,5,5,455,14,650,293.97846153846154,7.305,3821.7200000000003,163,1399,6.245535714285714,0.35267857142857145,United Kingdom
15697,690,1,246.75,1,1,1,111,3,1,246.75,365.25,246.75,14,127,9.071428571428571,0.0,United Kingdom
15698,624,1,46.2,1,1,1,111,3,1,46.2,365.25,46.199999999999996,2,60,30.0,0.0,United Kingdom
15699,18,1,297.7,5,1,2,512,8,1,297.7,365.25,297.7,18,113,6.277777777777778,0.0,United Kingdom
15700,172,2,696.68,3,2,3,323,8,1,348.34,730.5,696.68,85,357,4.151162790697675,0.9883720930232558,United Kingdom
15701,2,4,1530.89,5,3,4,534,12,108,382.7225,13.527777777777779,1530.89,193,923,3.8945147679324896,0.8438818565400844,United Kingdom
15702,476,2,130.57,1,2,1,121,4,205,65.285,3.563414634146341,130.57,30,103,3.433333333333333,0.0,Nigeria
15703,265,1,211.5,2,1,1,211,4,1,211.5,365.25,211.5,5,66,13.2,1.0,United Kingdom
15704,140,6,3817.96,3,4,5,345,12,442,636.3266666666667,4.95814479638009,3817.9599999999996,129,1723,8.323671497584542,0.5362318840579711,United Kingdom
15705,201,1,143.1,2,1,1,211,4,1,143.1,365.25,143.1,6,62,10.333333333333334,1.0,United Kingdom
15706,64,4,1060.56,3,3,3,333,9,52,265.14,28.096153846153843,1060.56,50,321,5.836363636363636,0.41818181818181815,United Kingdom
15707,35,4,945.58,4,3,3,433,10,51,236.395,28.647058823529413,945.58,126,605,2.8271028037383177,0.0,United Kingdom
15708,41,9,4378.72,4,5,5,455,14,384,486.5244444444445,8.560546875,4378.72,135,1675,4.2405063291139244,1.0,United Kingdom
15709,284,2,327.85,2,2,2,222,6,305,163.925,2.3950819672131147,327.85,26,169,6.2592592592592595,0.0,United Kingdom
15710,417,1,898.87,1,1,3,113,5,1,898.87,365.25,898.87,110,641,5.827272727272727,0.0,United Kingdom
15711,557,2,420.25,1,2,2,122,5,128,210.125,5.70703125,420.25,25,199,7.96,0.28,United Kingdom
15712,9,12,3472.41,5,5,5,555,15,729,289.3675,6.012345679012346,3472.4100000000003,86,1277,7.692771084337349,0.21686746987951808,United Kingdom
15713,143,4,1010.79,3,3,3,333,9,580,252.6975,2.5189655172413796,1010.7900000000001,48,510,8.360655737704919,0.0,United Kingdom
15714,12,5,784.8100000000001,5,4,3,543,12,543,156.96200000000002,3.363259668508287,784.8100000000002,45,362,7.387755102040816,0.20408163265306123,United Kingdom
15715,556,5,658.02,1,4,3,143,8,63,131.60399999999998,28.988095238095237,658.0199999999999,33,246,6.473684210526316,0.0,United Kingdom
15716,146,11,3050.96,3,5,5,355,13,586,277.36,6.85622866894198,3050.9600000000005,188,1821,5.585889570552148,0.7055214723926381,United Kingdom
15717,234,5,607.0,2,4,3,243,9,358,121.4,5.101256983240224,607.0000000000001,17,224,9.333333333333334,0.0,United Kingdom
15718,540,1,293.79,1,1,2,112,4,1,293.79,365.25,293.79,18,95,5.277777777777778,0.0,United Kingdom
15719,33,31,10223.06,4,5,5,455,14,705,329.77612903225804,16.06063829787234,10223.06,449,5368,3.0157303370786517,0.028651685393258425,United Kingdom
15720,24,2,741.92,4,2,3,423,9,525,370.96,1.3914285714285715,741.92,152,329,2.1225806451612903,0.0,United Kingdom
15721,12,1,522.08,5,1,2,512,8,1,522.08,365.25,522.08,80,409,4.4945054945054945,0.0,United Kingdom
15722,36,11,5256.150000000001,4,5,5,455,14,604,477.8318181818182,6.651903973509934,5256.150000000001,91,2283,12.613259668508288,0.292817679558011,United Kingdom
15723,365,4,947.65,2,3,3,233,8,209,236.9125,6.990430622009569,947.6499999999999,108,444,3.441860465116279,0.15503875968992248,United Kingdom
15724,201,3,310.85,2,3,2,232,7,199,103.61666666666667,5.506281407035176,310.84999999999997,17,117,6.882352941176471,0.35294117647058826,United Kingdom
15725,15,1,415.25,5,1,2,512,8,1,415.25,365.25,415.25,32,221,6.90625,0.0,United Kingdom
15726,390,1,321.91,2,1,2,212,5,1,321.91,365.25,321.91,23,123,5.3478260869565215,1.0,United Kingdom
15727,17,15,8463.51,5,5,5,555,15,668,564.234,8.201721556886227,8463.51,426,5942,8.561959654178674,0.31988472622478387,United Kingdom
15728,380,2,544.6,2,2,2,222,6,64,272.3,11.4140625,544.6,10,132,11.0,0.0,United Kingdom
15729,213,3,192.55,2,3,1,231,6,190,64.18333333333334,5.767105263157895,192.55000000000004,10,47,4.2727272727272725,0.0,United Kingdom
15730,66,5,1726.58,3,4,4,344,11,365,345.316,5.0034246575342465,1726.5799999999997,102,1061,9.558558558558559,0.0,United Kingdom
15731,554,1,125.3,1,1,1,111,3,1,125.3,365.25,125.3,8,122,15.25,0.0,United Kingdom
15732,212,10,1682.07,2,5,4,254,11,461,168.207,7.92299349240781,1682.07,53,1361,13.086538461538462,0.0673076923076923,United Kingdom
15733,283,1,162.3,2,1,1,211,4,1,162.3,365.25,162.3,10,62,6.2,0.0,United Kingdom
15734,115,4,1986.3000000000002,3,3,4,334,10,432,496.57500000000005,3.3819444444444446,1986.3000000000004,36,516,12.0,0.0,United Kingdom
15735,421,1,327.68,1,1,2,112,4,1,327.68,365.25,327.68,19,206,10.842105263157896,0.0,United Kingdom
15736,435,2,1824.1200000000001,1,2,4,124,7,1,912.0600000000001,730.5,1824.1200000000001,95,1268,12.310679611650485,0.0,United Kingdom
15737,15,8,1205.1200000000001,5,4,3,543,12,228,150.64000000000001,12.81578947368421,1205.1200000000001,60,599,8.319444444444445,0.0,United Kingdom
15738,19,41,13364.57,5,5,5,555,15,710,325.9651219512195,21.091901408450703,13364.569999999998,70,9245,18.639112903225808,0.12701612903225806,United Kingdom
15739,66,1,449.12,3,1,2,312,6,1,449.12,365.25,449.11999999999995,8,472,59.0,0.0,United Kingdom
15740,49,1,154.88,4,1,1,411,6,1,154.88,365.25,154.88,9,152,16.88888888888889,0.0,United Kingdom
15741,458,2,208.62,1,2,1,121,4,160,104.31,4.565625,208.61999999999998,11,70,5.833333333333333,0.0,United Kingdom
15742,619,1,156.87,1,1,1,111,3,1,156.87,365.25,156.87,41,51,1.2439024390243902,0.0,United Kingdom
15743,16,4,784.46,5,3,3,533,11,168,196.115,8.696428571428571,784.4599999999999,59,216,2.4545454545454546,0.0,United Kingdom
15744,78,1,34.8,3,1,1,311,5,1,34.8,365.25,34.8,3,120,40.0,0.0,United Kingdom
15745,19,4,1094.5900000000001,5,3,3,533,11,217,273.64750000000004,6.732718894009217,1094.5900000000001,57,421,6.790322580645161,0.7096774193548387,United Kingdom
15746,134,1,196.88,3,1,1,311,5,1,196.88,365.25,196.88,28,178,6.357142857142857,0.0,United Kingdom
15747,13,9,2562.61,5,5,4,554,14,678,284.7344444444445,4.8484513274336285,2562.61,116,1370,6.2272727272727275,0.2909090909090909,United Kingdom
15748,40,3,614.76,4,3,3,433,10,408,204.92,2.6856617647058827,614.76,34,262,7.081081081081081,0.5675675675675675,United Kingdom
15749,235,3,6088.0,2,3,5,235,10,97,2029.3333333333333,11.296391752577321,6088.0,5,2000,200.0,0.0,United Kingdom
15750,3,18,6775.43,5,5,5,555,15,735,376.4127777777778,8.944897959183674,6775.43,389,4593,7.0661538461538465,0.0,United Kingdom
15751,461,11,1375.54,1,5,4,154,10,272,125.0490909090909,14.771139705882353,1375.54,90,443,3.4076923076923076,1.0,United Kingdom
15752,40,9,4205.59,4,5,5,455,14,417,467.2877777777778,7.883093525179856,4205.59,359,2967,4.863934426229508,0.0,United Kingdom
15753,305,1,79.2,2,1,1,211,4,1,79.2,365.25,79.2,1,144,144.0,0.0,United Kingdom
15754,51,9,2953.71,4,5,5,455,14,604,328.19,5.442466887417218,2953.71,114,1762,13.450381679389313,0.0,United Kingdom
15755,10,17,5993.12,5,5,5,555,15,725,352.53647058823526,8.56448275862069,5993.119999999999,281,4034,10.873315363881401,0.04582210242587601,United Kingdom
15756,61,4,532.96,3,3,2,332,8,187,133.24,7.812834224598931,532.96,160,242,1.2604166666666667,0.546875,United Kingdom
15757,66,6,2940.36,3,4,5,345,12,481,490.06,4.556133056133056,2940.36,162,1757,9.103626943005182,0.0,United Kingdom
15758,25,1,205.25,4,1,1,411,6,1,205.25,365.25,205.25,9,47,5.222222222222222,0.0,United Kingdom
15759,218,7,812.45,2,4,3,243,9,519,116.06428571428572,4.926300578034682,812.4499999999999,10,435,25.58823529411765,0.0,United Kingdom
15760,631,2,36.0,1,2,1,121,4,1,18.0,730.5,36.0,1,2,1.0,0.0,Norway
15761,443,1,143.05,1,1,1,111,3,1,143.05,365.25,143.05,5,31,6.2,0.0,United Kingdom
15762,65,2,583.75,3,2,2,322,7,12,291.875,60.875,583.75,37,251,6.783783783783784,0.0,United Kingdom
15763,32,2,1043.02,4,2,3,423,9,45,521.51,16.233333333333334,1043.02,58,271,4.442622950819672,0.0,United Kingdom
15764,88,8,4414.33,3,4,5,345,12,390,551.79125,7.4923076923076914,4414.329999999999,187,2945,11.82730923694779,0.0,United Kingdom
15765,667,1,370.63,1,1,2,112,4,1,370.63,365.25,370.63000000000005,25,335,13.4,0.0,United Kingdom
15766,64,3,831.0600000000001,3,3,3,333,9,618,277.02000000000004,1.7730582524271845,831.0600000000002,21,334,12.846153846153847,0.0,United Kingdom
15768,116,34,15252.49,3,5,5,355,13,620,448.60264705882355,20.02983870967742,15252.49,437,4259,3.4402261712439417,0.045234248788368334,United Kingdom
15769,7,46,68341.32,5,5,5,555,15,721,1485.6808695652176,23.303051317614422,68341.31999999999,26,37348,166.73214285714286,0.022321428571428572,United Kingdom
15770,613,1,321.45,1,1,2,112,4,1,321.45,365.25,321.45,18,67,3.7222222222222223,0.0,United Kingdom
15771,604,3,1006.54,1,3,3,133,7,89,335.5133333333333,12.311797752808989,1006.5399999999998,26,512,18.285714285714285,0.0,United Kingdom
15772,418,1,280.88,1,1,1,111,3,1,280.88,365.25,280.88,16,110,6.875,1.0,United Kingdom
15773,6,2,774.52,5,2,3,523,10,403,387.26,1.812655086848635,774.52,46,410,8.72340425531915,0.2127659574468085,United Kingdom
15774,69,6,1329.94,3,4,4,344,11,587,221.65666666666667,3.733390119250426,1329.94,88,473,4.185840707964601,0.911504424778761,United Kingdom
15775,245,2,150.5,2,2,1,221,5,386,75.25,1.8924870466321244,150.5,9,260,28.88888888888889,0.0,United Kingdom
15776,133,1,241.62,3,1,1,311,5,1,241.62,365.25,241.62,18,138,7.666666666666667,0.0,United Kingdom
15777,241,7,1762.6100000000001,2,4,4,244,10,327,251.8014285714286,7.818807339449542,1762.6100000000004,29,599,15.35897435897436,0.0,United Kingdom
15778,431,1,307.95000000000005,1,1,2,112,4,1,307.95000000000005,365.25,307.95000000000005,17,101,5.9411764705882355,0.0,United Kingdom
15779,463,2,124.08000000000001,1,2,1,121,4,69,62.040000000000006,10.58695652173913,124.08000000000001,8,20,2.5,0.0,United Kingdom
15780,184,3,475.28000000000003,3,3,2,332,8,174,158.42666666666668,6.297413793103448,475.2800000000001,26,220,7.586206896551724,0.0,United Kingdom
15781,25,3,345.46000000000004,4,3,2,432,9,280,115.15333333333335,3.913392857142857,345.46000000000004,20,180,9.0,0.0,United Kingdom
15782,10,4,4002.9,5,3,5,535,13,420,1000.725,3.4785714285714286,4002.9,51,1844,30.229508196721312,0.3442622950819672,United Kingdom
15783,11,1,246.3,5,1,1,511,7,1,246.3,365.25,246.29999999999998,14,212,15.142857142857142,0.0,United Kingdom
15784,468,2,848.33,1,2,3,123,6,204,424.165,3.5808823529411766,848.3299999999999,33,381,8.86046511627907,0.3488372093023256,United Kingdom
15785,33,16,5926.03,4,5,5,455,14,691,370.376875,8.457308248914616,5926.029999999999,102,4479,19.906666666666666,0.08888888888888889,United Kingdom
15786,46,5,8383.97,4,4,5,445,13,490,1676.7939999999999,3.7270408163265305,8383.97,358,5981,12.834763948497853,0.0,United Kingdom
15787,26,3,948.05,4,3,3,433,10,35,316.01666666666665,31.307142857142857,948.0499999999998,156,540,2.621359223300971,1.0,United Kingdom
15788,509,1,221.83,1,1,1,111,3,1,221.83,365.25,221.83,14,115,8.214285714285714,0.0,United Kingdom
15789,358,6,1962.01,2,4,4,244,10,265,327.00166666666667,8.269811320754716,1962.0099999999995,110,2499,18.108695652173914,0.2608695652173913,United Kingdom
15790,10,1,220.85,5,1,1,511,7,1,220.85,365.25,220.85,34,114,3.257142857142857,0.0,United Kingdom
15791,44,5,3608.34,4,4,5,445,13,598,721.668,3.053929765886288,3608.3400000000006,121,1970,11.796407185628743,0.0,United Kingdom
15792,400,2,933.84,2,2,3,223,7,218,466.92,3.35091743119266,933.8399999999999,57,606,10.631578947368421,0.0,United Kingdom
15793,15,8,2399.57,5,4,4,544,13,723,299.94625,4.04149377593361,2399.5699999999997,12,1685,56.166666666666664,0.0,United Kingdom
15794,736,2,777.0,1,2,3,123,6,1,388.5,730.5,777.0,15,288,19.2,0.0,United Kingdom
15795,150,8,1979.8700000000001,3,4,4,344,11,540,247.48375000000001,5.411111111111111,1979.8700000000001,111,1411,10.770992366412214,0.3282442748091603,United Kingdom
15796,1,17,5157.93,5,5,5,555,15,617,303.40764705882356,10.063614262560778,5157.930000000001,138,1735,5.88135593220339,0.535593220338983,United Kingdom
15797,113,6,2821.08,3,4,4,344,11,568,470.18,3.8582746478873235,2821.08,12,1281,106.75,0.0,United Kingdom
15798,493,3,1535.37,1,3,4,134,8,188,511.78999999999996,5.82845744680851,1535.37,73,915,11.024096385542169,0.0,United Kingdom
15799,76,4,1440.83,3,3,4,334,10,342,360.2075,4.271929824561403,1440.83,143,1342,8.658064516129032,0.9032258064516129,United Kingdom
15800,107,7,1242.58,3,4,4,344,11,511,177.51142857142855,5.0034246575342465,1242.58,198,588,2.4098360655737703,0.22950819672131148,United Kingdom
15801,46,3,1063.95,4,3,3,433,10,63,354.65000000000003,17.392857142857142,1063.95,61,570,8.90625,0.0,United Kingdom
15802,143,1,18.0,3,1,1,311,5,1,18.0,365.25,18.0,1,1,1.0,0.0,United Kingdom
15803,51,4,1929.66,4,3,4,434,11,624,482.415,2.3413461538461537,1929.66,48,1030,20.19607843137255,0.0,United Kingdom
15804,1,13,3994.79,5,5,5,555,15,198,307.29153846153844,23.981060606060606,3994.79,170,2565,9.790076335877863,0.1183206106870229,United Kingdom
15805,23,30,10189.23,4,5,5,455,14,706,339.64099999999996,15.520538243626063,10189.229999999998,337,6225,11.72316384180791,0.08286252354048965,United Kingdom
15806,46,3,784.58,4,3,3,433,10,230,261.5266666666667,4.764130434782609,784.5800000000002,24,602,19.419354838709676,0.0,United Kingdom
15807,50,5,1780.56,4,4,4,444,12,615,356.11199999999997,2.969512195121951,1780.56,85,1356,15.409090909090908,0.0,United Kingdom
15808,306,21,18386.03,2,5,5,255,12,431,875.525238095238,17.796403712296982,18386.029999999995,348,7229,8.425407925407926,0.24708624708624707,United Kingdom
15809,36,7,997.44,4,4,3,443,11,499,142.49142857142857,5.12374749498998,997.4400000000002,51,700,12.068965517241379,0.0,United Kingdom
15810,79,8,2999.04,3,4,5,345,12,594,374.88,4.91919191919192,2999.04,89,1653,9.957831325301205,0.0,United Kingdom
15811,22,7,3890.52,4,4,5,445,13,365,555.7885714285715,7.004794520547945,3890.52,205,1922,6.2,0.0,United Kingdom
15812,107,12,4580.8,3,5,5,355,13,617,381.73333333333335,7.103727714748785,4580.8,87,2722,21.776,0.0,United Kingdom
15813,208,2,1303.9099999999999,2,2,4,224,8,31,651.9549999999999,23.564516129032256,1303.9099999999999,40,603,15.075,0.0,United Kingdom
15814,17,6,2616.4900000000002,5,4,4,544,13,586,436.0816666666667,3.7397610921501707,2616.4900000000002,83,1728,17.632653061224488,0.0,United Kingdom
15815,64,5,2058.2,3,4,4,344,11,196,411.64,9.317602040816327,2058.2000000000003,33,1816,37.06122448979592,0.0,United Kingdom
15816,542,2,144.15,1,2,1,121,4,1,72.075,730.5,144.15,11,54,4.909090909090909,0.0,United Kingdom
15817,421,3,2765.4500000000003,1,3,4,134,8,122,921.8166666666667,8.981557377049182,2765.4500000000003,133,1596,10.5,0.0,United Kingdom
15818,588,1,340.5,1,1,2,112,4,1,340.5,365.25,340.5,11,284,25.818181818181817,0.0,United Kingdom
15819,49,10,3934.79,4,5,5,455,14,582,393.479,6.275773195876289,3934.7900000000004,182,2928,11.261538461538462,0.09230769230769231,United Kingdom
15820,320,1,206.98,2,1,1,211,4,1,206.98,365.25,206.98,17,128,7.529411764705882,0.0,United Kingdom
15821,44,2,570.96,4,2,2,422,8,17,285.48,42.970588235294116,570.96,57,202,3.2580645161290325,0.5483870967741935,United Kingdom
15822,3,6,1840.06,5,4,4,544,13,729,306.6766666666667,3.006172839506173,1840.0600000000002,46,950,14.615384615384615,0.3384615384615385,United Kingdom
15823,372,3,3853.27,2,3,5,235,10,358,1284.4233333333334,3.060754189944134,3853.2700000000004,155,1775,11.378205128205128,0.0,United Kingdom
15824,453,2,890.94,1,2,3,123,6,78,445.47,9.365384615384615,890.9399999999999,24,478,18.384615384615383,0.6153846153846154,United Kingdom
15825,172,1,318.94,3,1,2,312,6,1,318.94,365.25,318.94,20,220,11.0,0.0,United Kingdom
15826,56,4,2598.28,4,3,4,434,11,511,649.57,2.8590998043052838,2598.28,100,1824,15.327731092436975,0.0,United Kingdom
15827,73,28,3794.07,3,5,5,355,13,627,135.5025,16.311004784688997,3794.07,124,1824,7.896103896103896,0.047619047619047616,United Kingdom
15828,375,1,1108.82,2,1,3,213,6,1,1108.82,365.25,1108.82,74,367,4.95945945945946,0.0,United Kingdom
15829,99,2,642.38,3,2,3,323,8,41,321.19,17.817073170731707,642.38,44,996,19.529411764705884,0.0,United Kingdom
15830,38,1,576.0,4,1,2,412,7,1,576.0,365.25,576.0,39,415,10.64102564102564,0.0,United Kingdom
15831,58,3,773.2,4,3,3,433,10,265,257.73333333333335,4.134905660377358,773.1999999999999,63,1017,14.955882352941176,0.08823529411764706,United Kingdom
15832,254,1,836.79,2,1,3,213,6,1,836.79,365.25,836.79,54,465,8.61111111111111,0.0,United Kingdom
15833,738,1,80.4,1,1,1,111,3,1,80.4,365.25,80.4,5,24,4.8,0.0,United Kingdom
15834,70,7,3558.99,3,4,5,345,12,354,508.4271428571428,7.222457627118644,3558.99,333,1819,4.8121693121693125,0.07936507936507936,United Kingdom
15835,44,4,954.09,4,3,3,433,10,286,238.5225,5.108391608391608,954.0899999999999,47,439,8.78,0.0,United Kingdom
15836,50,1,130.37,4,1,1,411,6,1,130.37,365.25,130.37,10,26,2.6,0.0,United Kingdom
15837,65,2,777.01,3,2,3,323,8,420,388.505,1.7392857142857143,777.01,52,405,7.788461538461538,0.0,United Kingdom
15838,11,34,36911.7,5,5,5,555,15,713,1085.6382352941175,17.41725105189341,36911.7,61,21494,102.84210526315789,0.028708133971291867,United Kingdom
15839,33,3,1056.41,4,3,3,433,10,114,352.1366666666667,9.611842105263158,1056.4100000000003,56,675,10.887096774193548,0.20967741935483872,United Kingdom
15840,59,2,355.56,4,2,2,422,8,113,177.78,6.464601769911504,355.55999999999995,26,396,14.666666666666666,0.0,United Kingdom
15841,73,9,2747.21,3,5,4,354,12,657,305.24555555555554,5.0034246575342465,2747.21,60,2391,25.98913043478261,0.05434782608695652,United Kingdom
15842,393,2,548.8000000000001,2,2,2,222,6,134,274.40000000000003,5.451492537313433,548.8000000000001,24,296,11.84,0.0,United Kingdom
15843,304,1,118.95,2,1,1,211,4,1,118.95,365.25,118.95,8,27,3.375,0.0,United Kingdom
15844,46,1,130.73999999999998,4,1,1,411,6,1,130.73999999999998,365.25,130.73999999999998,11,134,12.181818181818182,0.0,United Kingdom
15845,18,11,4426.28,5,5,5,555,15,664,402.3890909090909,6.050828313253012,4426.280000000001,129,2128,12.229885057471265,0.0,United Kingdom
15846,385,1,107.01,2,1,1,211,4,1,107.01,365.25,107.01,27,79,2.7241379310344827,0.0,United Kingdom
15847,38,5,804.09,4,4,3,443,11,603,160.818,3.0286069651741294,804.09,39,555,11.5625,0.0,United Kingdom
15848,622,1,139.94,1,1,1,111,3,1,139.94,365.25,139.94,34,46,1.3142857142857143,1.0,United Kingdom
15850,19,6,1076.52,5,4,3,543,12,707,179.42,3.0997171145686,1076.52,269,1379,4.12874251497006,0.3652694610778443,United Kingdom
15851,527,1,109.73,1,1,1,111,3,1,109.73,365.25,109.73,8,67,8.375,0.0,United Kingdom
15852,187,3,257.26,3,3,1,331,7,340,85.75333333333333,3.222794117647059,257.26,31,60,1.8181818181818181,0.0,United Kingdom
15853,52,1,110.8,4,1,1,411,6,1,110.8,365.25,110.8,29,135,4.5,0.0,United Kingdom
15854,4,21,5584.41,5,5,5,555,15,725,265.9242857142857,10.579655172413794,5584.410000000001,168,1704,6.604651162790698,0.27906976744186046,United Kingdom
15855,137,6,1052.72,3,4,3,343,10,339,175.45333333333335,6.464601769911504,1052.72,72,712,7.494736842105263,0.0,United Kingdom
15856,4,52,34222.020000000004,5,5,5,555,15,732,658.1157692307693,25.94672131147541,34222.020000000004,384,20432,17.598621877691645,0.06029285099052541,United Kingdom
15857,19,2,570.48,5,2,2,522,9,411,285.24,1.7773722627737225,570.48,21,584,24.333333333333332,0.0,United Kingdom
15858,16,13,3958.51,5,5,5,555,15,714,304.50076923076927,6.650210084033613,3958.5100000000007,273,2919,6.043478260869565,0.0,United Kingdom
15859,432,1,436.56,1,1,2,112,4,1,436.56,365.25,436.56,22,174,7.909090909090909,1.0,United Kingdom
15860,41,17,2520.33,4,5,4,454,13,692,148.25470588235294,8.972904624277456,2520.3299999999995,249,1342,3.6467391304347827,0.49728260869565216,United Kingdom
15861,12,12,4264.06,5,5,5,555,15,667,355.33833333333337,6.571214392803599,4264.06,452,3860,4.837092731829574,0.2957393483709273,United Kingdom
15862,8,13,2916.4900000000002,5,5,5,555,15,714,224.34538461538463,6.650210084033613,2916.4900000000002,417,1680,2.891566265060241,0.0,United Kingdom
15863,26,5,358.7,4,4,2,442,10,697,71.74,2.620157819225251,358.69999999999993,74,164,2.0759493670886076,0.0,United Kingdom
15864,22,7,2180.76,4,4,4,444,12,358,311.5371428571429,7.141759776536313,2180.7600000000007,18,1486,64.6086956521739,0.08695652173913043,United Kingdom
15865,41,5,2237.72,4,4,4,444,12,662,447.544,2.7586858006042294,2237.72,119,1147,9.031496062992126,0.07086614173228346,United Kingdom
15866,101,1,230.53,3,1,1,311,5,1,230.53,365.25,230.53,43,126,2.8,0.0,United Kingdom
15867,5,31,9060.84,5,5,5,555,15,719,292.2851612903226,15.747913769123784,9060.84,547,5139,4.852691218130311,0.12370160528800755,United Kingdom
15868,583,1,94.53,1,1,1,111,3,1,94.53,365.25,94.52999999999999,4,57,14.25,0.0,United Kingdom
15869,277,3,323.65999999999997,2,3,2,232,7,349,107.88666666666666,3.1396848137535818,323.65999999999997,29,274,7.828571428571428,0.0,United Kingdom
15870,33,4,818.71,4,3,3,433,10,413,204.6775,3.537530266343826,818.71,127,508,3.45578231292517,0.3945578231292517,United Kingdom
15871,437,1,33.099999999999994,1,1,1,111,3,1,33.099999999999994,365.25,33.099999999999994,5,5,1.0,0.0,United Kingdom
15872,15,4,795.33,5,3,3,533,11,535,198.8325,2.730841121495327,795.33,164,506,2.353488372093023,0.0,United Kingdom
15873,500,4,271.68,1,3,1,131,5,1,67.92,1461.0,271.68,3,976,162.66666666666666,0.0,United Kingdom
15874,64,21,9961.86,3,5,5,355,13,637,474.37428571428575,12.041208791208792,9961.86,262,5102,14.91812865497076,0.0,United Kingdom
15875,646,1,111.72,1,1,1,111,3,1,111.72,365.25,111.72000000000001,18,76,3.04,0.0,United Kingdom
15876,409,2,1298.34,2,2,4,224,8,39,649.17,18.73076923076923,1298.34,11,782,71.0909090909091,0.0,United Kingdom
15877,2,2,493.28,5,2,2,522,9,16,246.64,45.65625,493.28,122,371,2.875968992248062,0.0,United Kingdom
15878,562,2,330.77,1,2,2,122,5,171,165.385,4.271929824561403,330.7699999999999,47,243,4.764705882352941,0.5686274509803921,United Kingdom
15879,404,4,1077.6,2,3,3,233,8,317,269.4,4.608832807570979,1077.6000000000001,171,643,3.5136612021857925,0.4098360655737705,United Kingdom
15880,369,1,686.56,2,1,3,213,6,1,686.56,365.25,686.56,95,422,2.0095238095238095,1.0,United Kingdom
15881,312,5,501.39,2,4,2,242,8,52,100.27799999999999,35.12019230769231,501.39,26,260,8.96551724137931,0.0,United Kingdom
15882,199,8,1495.98,2,4,4,244,10,530,186.9975,5.513207547169811,1495.98,49,814,10.853333333333333,0.0,United Kingdom
15883,2,2,396.48,5,2,2,522,9,31,198.24,23.564516129032256,396.47999999999996,42,223,4.551020408163265,0.40816326530612246,United Kingdom
15884,432,2,249.70000000000002,1,2,1,121,4,303,124.85000000000001,2.410891089108911,249.7,14,158,10.533333333333333,0.06666666666666667,United Kingdom
15885,93,15,1951.82,3,5,4,354,12,594,130.12133333333333,9.22348484848485,1951.8200000000002,83,622,5.408695652173913,0.008695652173913044,United Kingdom
15886,60,4,1057.91,3,3,3,333,9,537,264.4775,2.7206703910614523,1057.9099999999999,58,667,10.758064516129032,0.0,United Kingdom
15887,407,3,1027.15,2,3,3,233,8,148,342.3833333333334,7.403716216216217,1027.1500000000003,27,605,16.35135135135135,0.13513513513513514,United Kingdom
15888,81,3,429.16,3,3,2,332,8,446,143.05333333333334,2.4568385650224216,429.16,33,139,3.5641025641025643,0.0,United Kingdom
15889,157,8,1796.45,3,4,4,344,11,572,224.55625,5.108391608391608,1796.4499999999998,256,989,2.4786967418546366,0.3308270676691729,United Kingdom
15890,395,5,411.75,2,4,2,242,8,210,82.35,8.696428571428571,411.74999999999994,10,119,11.9,0.0,United Kingdom
15891,227,1,524.52,2,1,2,212,5,1,524.52,365.25,524.52,60,442,7.129032258064516,0.0,United Kingdom
15892,669,1,128.2,1,1,1,111,3,1,128.2,365.25,128.2,38,46,1.2105263157894737,0.0,United Kingdom
15893,482,1,212.0,1,1,1,111,3,1,212.0,365.25,212.0,1,200,200.0,1.0,United Kingdom
15894,253,2,420.29,2,2,2,222,6,115,210.145,6.352173913043479,420.29,35,283,3.5822784810126582,0.9620253164556962,United Kingdom
15895,150,1,179.17,3,1,1,311,5,1,179.17,365.25,179.17,11,94,8.545454545454545,0.0,United Kingdom
15897,194,2,222.05,2,2,1,221,5,1,111.025,730.5,222.04999999999998,17,261,10.875,1.0,United Kingdom
15898,1,25,5596.31,5,5,5,555,15,726,223.85240000000002,12.577479338842975,5596.31,281,2418,3.4691535150645625,0.09038737446197992,United Kingdom
15899,369,1,112.5,2,1,1,211,4,1,112.5,365.25,112.5,4,78,9.75,0.0,United Kingdom
15900,24,4,900.4,4,3,3,433,10,539,225.1,2.710575139146568,900.4000000000001,100,661,5.084615384615384,0.0,United Kingdom
15901,17,7,710.26,5,4,3,543,12,527,101.46571428571428,4.851518026565465,710.26,145,702,4.105263157894737,0.0,United Kingdom
15902,380,1,145.01,2,1,1,211,4,1,145.01,365.25,145.01,18,124,6.888888888888889,0.0,United Kingdom
15903,10,12,8939.84,5,5,5,555,15,684,744.9866666666667,6.407894736842105,8939.84,58,3926,33.8448275862069,0.05172413793103448,United Kingdom
15904,8,1,162.73,5,1,1,511,7,1,162.73,365.25,162.73,30,84,2.8,0.0,United Kingdom
15905,543,1,114.69,1,1,1,111,3,1,114.69,365.25,114.69,22,82,3.727272727272727,0.0,United Kingdom
15906,20,10,2555.64,4,5,4,454,13,431,255.564,8.474477958236658,2555.64,143,751,3.6995073891625614,0.39408866995073893,United Kingdom
15907,4,3,968.71,5,3,3,533,11,206,322.90333333333336,5.319174757281553,968.71,175,509,2.0441767068273093,0.0,United Kingdom
15908,491,2,480.1,1,2,2,122,5,21,240.05,34.785714285714285,480.1,37,174,4.2439024390243905,0.0,United Kingdom
15909,174,1,191.94,3,1,1,311,5,1,191.94,365.25,191.94000000000003,7,98,14.0,1.0,United Kingdom
15910,1,15,2686.84,5,5,4,554,14,686,179.12266666666667,7.986516034985423,2686.84,394,2171,3.4570063694267517,0.0,United Kingdom
15911,624,8,1702.34,1,4,4,144,9,106,212.7925,27.566037735849054,1702.3399999999997,162,811,3.1312741312741315,0.0,United Kingdom
15912,178,9,1072.75,3,5,3,353,11,551,119.19444444444444,5.965970961887478,1072.75,83,759,7.989473684210527,0.0,United Kingdom
15913,534,1,6.300000000000001,1,1,1,111,3,1,6.300000000000001,365.25,6.300000000000001,1,3,3.0,0.0,United Kingdom
15914,378,2,205.99,2,2,1,221,5,1,102.995,730.5,205.99,13,149,11.461538461538462,0.0,United Kingdom
15915,402,1,429.36,2,1,2,212,5,1,429.36,365.25,429.35999999999996,105,451,3.089041095890411,0.0,United Kingdom
15916,16,13,3439.78,5,5,5,555,15,712,264.59846153846155,6.668890449438202,3439.78,227,1703,5.207951070336391,0.10397553516819572,United Kingdom
15917,248,5,560.63,2,4,2,242,8,489,112.126,3.7346625766871164,560.6300000000001,127,263,1.696774193548387,0.0,United Kingdom
15918,191,3,582.88,2,3,2,232,7,441,194.29333333333332,2.484693877551021,582.88,49,240,3.9344262295081966,0.36065573770491804,United Kingdom
15919,20,2,910.61,4,2,3,423,9,349,455.305,2.0931232091690544,910.61,103,787,4.098958333333333,0.4895833333333333,United Kingdom
15920,154,9,550.48,3,5,2,352,10,571,61.16444444444445,5.757005253940456,550.4800000000001,93,240,2.2222222222222223,0.0,United Kingdom
15921,173,4,802.11,3,3,3,333,9,468,200.5275,3.1217948717948723,802.11,69,342,4.120481927710843,0.0,United Kingdom
15922,373,1,739.0,2,1,3,213,6,1,739.0,365.25,739.0,11,276,12.545454545454545,0.0,United Kingdom
15923,373,1,254.16,2,1,1,211,4,1,254.16,365.25,254.16,21,244,5.809523809523809,0.0,United Kingdom
15924,731,1,102.82,1,1,1,111,3,1,102.82,365.25,102.82,14,103,6.866666666666666,0.0,United Kingdom
15925,194,1,207.15,2,1,1,211,4,1,207.15,365.25,207.15,12,93,7.75,1.0,United Kingdom
15926,542,1,134.44,1,1,1,111,3,1,134.44,365.25,134.44,7,155,22.142857142857142,0.0,United Kingdom
15927,647,1,123.39000000000001,1,1,1,111,3,1,123.39000000000001,365.25,123.39,13,69,4.0588235294117645,0.0,United Kingdom
15928,656,1,293.53,1,1,2,112,4,1,293.53,365.25,293.53,11,164,14.909090909090908,1.0,United Kingdom
15929,644,1,594.0,1,1,2,112,4,1,594.0,365.25,594.0,1,120,120.0,0.0,United Kingdom
15930,67,1,426.63,3,1,2,312,6,1,426.63,365.25,426.63000000000005,21,139,6.619047619047619,0.0,United Kingdom
15931,428,1,217.95,1,1,1,111,3,1,217.95,365.25,217.95000000000002,14,118,8.428571428571429,0.0,United Kingdom
15932,4,8,2495.87,5,4,4,544,13,285,311.98375,10.252631578947367,2495.87,93,2325,20.217391304347824,0.0,United Kingdom
15933,21,3,1107.46,4,3,3,433,10,65,369.15333333333336,16.857692307692307,1107.46,63,885,11.95945945945946,0.0,United Kingdom
15934,418,2,2190.66,1,2,4,124,7,11,1095.33,66.4090909090909,2190.66,29,2166,74.6896551724138,0.0,United Kingdom
15935,239,2,126.03999999999999,2,2,1,221,5,2,63.019999999999996,365.25,126.04,12,115,9.583333333333334,0.0,United Kingdom
15936,379,2,282.79,2,2,2,222,6,88,141.395,8.301136363636363,282.79,16,211,11.105263157894736,0.5789473684210527,United Kingdom
15937,64,1,145.35000000000002,3,1,1,311,5,1,145.35000000000002,365.25,145.35000000000002,7,73,10.428571428571429,0.0,United Kingdom
15938,112,9,734.8100000000001,3,5,3,353,11,444,81.64555555555556,7.403716216216216,734.81,27,449,11.512820512820513,0.28205128205128205,United Kingdom
15939,90,16,8803.35,3,5,5,355,13,284,550.209375,20.577464788732392,8803.35,52,5648,35.08074534161491,0.08074534161490683,United Kingdom
15940,311,1,35.8,2,1,1,211,4,1,35.8,365.25,35.8,1,4,4.0,0.0,United Kingdom
15941,637,1,405.0,1,1,2,112,4,1,405.0,365.25,405.0,6,60,10.0,0.0,United Kingdom
15942,134,1,337.44,3,1,2,312,6,1,337.44,365.25,337.44,14,232,16.571428571428573,0.0,United Kingdom
15943,650,2,271.28999999999996,1,2,1,121,4,28,135.64499999999998,26.089285714285715,271.28999999999996,12,183,15.25,1.0,United Kingdom
15944,277,4,2164.24,2,3,4,234,9,449,541.06,3.2538975501113585,2164.24,25,859,22.605263157894736,0.21052631578947367,United Kingdom
15945,365,4,805.32,2,4,3,243,9,372,201.33,3.9274193548387095,805.3199999999999,24,397,13.233333333333333,0.0,United Kingdom
15946,503,3,2304.18,1,3,4,134,8,131,768.06,8.364503816793894,2304.18,25,1614,62.07692307692308,0.5769230769230769,United Kingdom
15947,83,1,1708.24,3,1,4,314,8,1,1708.24,365.25,1708.24,29,898,30.96551724137931,1.0,United Kingdom
15948,8,3,1509.0900000000001,5,3,4,534,12,416,503.03000000000003,2.634014423076923,1509.0900000000001,63,852,8.968421052631578,0.0,United Kingdom
15949,17,2,364.72,5,2,2,522,9,54,182.36,13.527777777777779,364.7200000000001,12,284,14.947368421052632,0.0,United Kingdom
15950,32,10,7132.91,4,5,5,455,14,650,713.2909999999999,5.619230769230769,7132.909999999999,225,3384,8.567088607594936,0.0,United Kingdom
15951,9,3,1013.1700000000001,5,3,3,533,11,372,337.72333333333336,2.9455645161290325,1013.1700000000002,44,420,7.11864406779661,0.3728813559322034,United Kingdom
15952,34,4,806.57,4,4,3,443,11,191,201.6425,7.649214659685863,806.57,65,399,4.384615384615385,0.8461538461538461,United Kingdom
15953,15,18,3669.5499999999997,5,5,5,555,15,721,203.86388888888888,9.118585298196948,3669.5499999999993,102,1852,9.956989247311828,0.3333333333333333,United Kingdom
15954,589,1,190.75,1,1,1,111,3,1,190.75,365.25,190.75,20,119,5.95,0.0,United Kingdom
15955,24,22,8658.36,4,5,5,455,14,629,393.5618181818182,12.77503974562798,8658.36,222,4213,11.638121546961326,0.052486187845303865,United Kingdom
15956,551,2,617.6,1,2,3,123,6,175,308.8,4.174285714285714,617.5999999999999,18,278,15.444444444444445,1.0,United Kingdom
15957,32,3,930.1,4,3,3,433,10,389,310.03333333333336,2.816838046272493,930.0999999999999,121,458,3.033112582781457,0.0,United Kingdom
15958,74,4,492.99,3,4,2,342,9,476,123.2475,3.0693277310924367,492.98999999999995,50,164,2.2162162162162162,0.0,United Kingdom
15959,682,3,567.54,1,3,2,132,6,1,189.17999999999998,1095.75,567.54,58,282,3.6153846153846154,0.0,United Kingdom
15960,374,4,410.95,2,4,2,242,8,61,102.7375,23.95081967213115,410.95000000000005,24,258,9.923076923076923,0.0,United Kingdom
15961,379,1,451.28999999999996,2,1,2,212,5,1,451.28999999999996,365.25,451.28999999999996,42,154,3.6666666666666665,0.0,United Kingdom
15962,449,1,295.83,1,1,2,112,4,1,295.83,365.25,295.83,43,235,4.051724137931035,0.0,United Kingdom
15963,20,2,470.76,4,2,2,422,8,25,235.38,29.220000000000002,470.76,26,298,10.642857142857142,0.35714285714285715,United Kingdom
15964,663,1,272.96000000000004,1,1,1,111,3,1,272.96000000000004,365.25,272.96000000000004,20,94,4.476190476190476,1.0,United Kingdom
15965,17,13,3013.09,5,5,5,555,15,719,231.77615384615385,6.6039638386648125,3013.09,202,1433,3.8940217391304346,0.20380434782608695,United Kingdom
15966,451,1,426.53,1,1,2,112,4,1,426.53,365.25,426.53,27,275,10.185185185185185,0.0,United Kingdom
15967,23,12,3039.65,4,5,5,455,14,715,253.30416666666667,6.13006993006993,3039.65,316,1204,2.4176706827309236,0.20682730923694778,United Kingdom
15968,388,1,418.05,2,1,2,212,5,1,418.05,365.25,418.05,70,253,2.976470588235294,0.0,United Kingdom
15969,3,5,1100.05,5,4,3,543,12,519,220.01,3.51878612716763,1100.05,31,223,6.371428571428571,0.34285714285714286,United Kingdom
15970,304,2,1017.3199999999999,2,2,3,223,7,295,508.65999999999997,2.476271186440678,1017.32,19,498,20.75,0.0,United Kingdom
15971,18,18,5784.83,5,5,5,555,15,714,321.37944444444446,9.207983193277311,5784.830000000001,12,2211,52.642857142857146,0.0,United Kingdom
15972,456,5,1592.32,1,4,4,144,9,143,318.464,12.770979020979022,1592.32,104,480,3.310344827586207,0.4206896551724138,United Kingdom
15973,367,3,988.44,2,3,3,233,8,62,329.48,17.673387096774192,988.4399999999999,8,301,20.066666666666666,0.0,United Kingdom
15974,39,7,3451.15,4,4,5,445,13,249,493.0214285714286,10.268072289156626,3451.15,141,2262,12.852272727272727,0.0,United Kingdom
15975,84,1,371.01,3,1,2,312,6,1,371.01,365.25,371.01,24,243,10.125,0.0,United Kingdom
15976,165,6,1746.64,3,4,4,344,11,385,291.1066666666667,5.6922077922077925,1746.6400000000003,265,1078,2.708542713567839,0.46984924623115576,United Kingdom
15977,17,2,1054.73,5,2,3,523,10,21,527.365,34.785714285714285,1054.73,48,1016,15.63076923076923,0.0,United Kingdom
15978,77,3,3279.42,3,3,5,335,11,567,1093.14,1.9325396825396826,3279.42,107,2444,18.94573643410853,0.37209302325581395,United Kingdom
15979,603,1,329.21999999999997,1,1,2,112,4,1,329.21999999999997,365.25,329.21999999999997,22,450,20.454545454545453,0.0,United Kingdom
15980,89,7,6562.0,3,4,5,345,12,467,937.4285714285714,5.474839400428266,6562.0,101,4774,40.8034188034188,0.0,United Kingdom
15981,25,21,9362.77,4,5,5,455,14,595,445.8461904761905,12.891176470588235,9362.77,151,4827,16.760416666666668,0.013888888888888888,United Kingdom
15982,605,1,324.51,1,1,2,112,4,1,324.51,365.25,324.51,45,131,2.911111111111111,0.0,United Kingdom
15983,22,8,3959.02,4,4,5,445,13,711,494.8775,4.109704641350211,3959.0199999999995,137,2450,7.753164556962025,0.20253164556962025,United Kingdom
15984,3,30,8726.59,5,5,5,555,15,735,290.8863333333333,14.908163265306124,8726.59,458,6044,8.09103078982597,0.16733601070950468,United Kingdom
15985,123,7,2657.32,3,4,4,344,11,438,379.6171428571429,5.837328767123288,2657.32,50,2524,24.26923076923077,0.25961538461538464,United Kingdom
15986,30,2,354.42,4,2,2,422,8,351,177.21,2.081196581196581,354.41999999999996,25,368,14.72,0.0,United Kingdom
15987,12,8,1406.79,5,4,4,544,13,367,175.84875,7.961852861035423,1406.79,143,1009,5.1479591836734695,0.2755102040816326,United Kingdom
15988,19,3,783.14,5,3,3,533,11,637,261.0466666666667,1.7201726844583987,783.14,114,486,3.7674418604651163,1.0,United Kingdom
15989,376,2,372.51,2,2,2,222,6,361,186.255,2.0235457063711912,372.51,81,171,1.9431818181818181,0.0,United Kingdom
15990,44,7,2010.05,4,4,4,444,12,605,287.15,4.2260330578512395,2010.05,117,1090,6.055555555555555,0.3388888888888889,United Kingdom
15991,534,1,148.6,1,1,1,111,3,1,148.6,365.25,148.6,6,41,6.833333333333333,0.0,United Kingdom
15992,4,3,896.6,5,3,3,533,11,449,298.8666666666667,2.4404231625835187,896.5999999999999,53,514,9.518518518518519,0.35185185185185186,United Kingdom
15993,9,7,2797.57,5,4,4,544,13,35,399.65285714285716,73.05,2797.57,335,2051,3.7155797101449277,0.19927536231884058,United Kingdom
15994,55,3,1202.18,4,3,3,433,10,581,400.7266666666667,1.8859724612736661,1202.18,93,469,4.114035087719298,1.0,United Kingdom
15995,414,1,696.19,1,1,3,113,5,1,696.19,365.25,696.19,108,353,3.18018018018018,0.0,United Kingdom
15996,88,7,1665.0,3,4,4,344,11,308,237.85714285714286,8.301136363636363,1665.0,140,747,3.5235849056603774,0.3915094339622642,United Kingdom
15998,37,16,8308.34,4,5,5,455,14,702,519.27125,8.324786324786324,8308.339999999998,682,5372,3.7409470752089136,0.17200557103064068,United Kingdom
15999,736,1,20.4,1,1,1,111,3,1,20.4,365.25,20.4,1,24,24.0,0.0,United Kingdom
16000,3,3,5354.5,5,3,5,535,13,1,1784.8333333333333,1095.75,5354.5,9,1750,194.44444444444446,0.0,United Kingdom
16001,381,1,583.39,2,1,2,212,5,1,583.39,365.25,583.39,29,337,11.620689655172415,0.0,United Kingdom
16002,625,1,169.21,1,1,1,111,3,1,169.21,365.25,169.21,42,70,1.6666666666666667,0.0,United Kingdom
16003,30,10,5074.03,4,5,5,455,14,706,507.40299999999996,5.173512747875354,5074.03,146,2210,10.886699507389162,0.2019704433497537,United Kingdom
16004,475,5,2146.39,1,4,4,144,9,208,429.27799999999996,8.780048076923077,2146.39,63,1076,11.955555555555556,0.18888888888888888,United Kingdom
16005,12,10,2436.22,5,5,4,554,14,438,243.62199999999999,8.33904109589041,2436.22,315,1310,2.5486381322957197,0.24319066147859922,United Kingdom
16006,211,2,347.18,2,2,2,222,6,176,173.59,4.150568181818182,347.17999999999995,75,211,2.573170731707317,0.0,United Kingdom
16007,48,7,3075.14,4,4,5,445,13,495,439.30571428571426,5.165151515151515,3075.14,337,2643,3.9684684684684686,0.8918918918918919,United Kingdom
16008,24,15,5384.13,4,5,5,455,14,606,358.942,9.040841584158416,5384.13,63,3273,12.885826771653543,0.452755905511811,United Kingdom
16009,22,4,992.71,4,4,3,443,11,137,248.1775,10.664233576642335,992.71,68,378,4.2,0.7333333333333333,United Kingdom
16010,246,11,1724.06,2,5,4,254,11,165,156.73272727272726,24.35,1724.06,122,931,3.1137123745819397,0.6655518394648829,United Kingdom
16011,8,29,5880.46,5,5,5,555,15,730,202.77448275862068,14.509931506849314,5880.46,181,3471,7.628571428571429,0.12967032967032968,United Kingdom
16012,35,5,2989.79,4,4,5,445,13,494,597.958,3.6968623481781377,2989.79,207,1766,7.327800829875518,0.0,United Kingdom
16013,4,84,45336.7,5,5,5,555,15,728,539.722619047619,42.14423076923077,45336.69999999999,54,18252,82.96363636363637,0.0,United Kingdom
16014,38,5,1130.27,4,4,3,443,11,639,226.054,2.857981220657277,1130.27,219,478,1.6426116838487972,0.5257731958762887,United Kingdom
16015,4,3,707.06,5,3,3,533,11,45,235.68666666666664,24.35,707.06,146,909,4.9945054945054945,0.32967032967032966,United Kingdom
16016,3,11,2526.04,5,5,4,554,14,399,229.64,10.069548872180452,2526.04,181,1059,2.7722513089005236,0.0,United Kingdom
16017,47,5,1542.13,4,4,4,444,12,656,308.42600000000004,2.783917682926829,1542.13,99,640,4.885496183206107,0.37404580152671757,United Kingdom
16018,39,4,698.13,4,4,3,443,11,693,174.5325,2.1082251082251084,698.1300000000001,48,503,8.982142857142858,0.26785714285714285,United Kingdom
16019,47,27,17408.83,4,5,5,455,14,678,644.7714814814816,14.545353982300885,17408.83,256,6888,17.007407407407406,0.0,United Kingdom
16020,17,3,851.01,5,3,3,533,11,48,283.67,22.828125,851.01,42,487,10.58695652173913,0.0,United Kingdom
16021,395,2,532.25,2,2,2,222,6,149,266.125,4.902684563758389,532.25,117,297,2.0482758620689654,0.23448275862068965,United Kingdom
16022,260,1,628.28,2,1,3,213,6,1,628.28,365.25,628.28,68,261,3.4342105263157894,0.0,United Kingdom
16023,46,3,719.81,4,3,3,433,10,220,239.93666666666664,4.980681818181818,719.81,90,358,3.5445544554455446,0.0,United Kingdom
16024,12,3,487.56,5,3,2,532,10,399,162.52,2.7462406015037595,487.56000000000006,78,505,5.872093023255814,1.0,United Kingdom
16025,30,1,439.65999999999997,4,1,2,412,7,1,439.65999999999997,365.25,439.66,28,338,12.071428571428571,0.0,United Kingdom
16026,43,1,236.09,4,1,1,411,6,1,236.09,365.25,236.09,30,243,7.59375,0.0,United Kingdom
16027,92,15,1852.96,3,5,4,354,12,608,123.53066666666668,9.01110197368421,1852.9600000000003,20,2011,57.457142857142856,0.11428571428571428,United Kingdom
16028,596,1,82.2,1,1,1,111,3,1,82.2,365.25,82.2,5,18,3.6,0.0,United Kingdom
16029,39,107,88206.03,4,5,5,455,14,692,824.3554205607477,56.47651734104046,88206.03,57,38802,101.31070496083551,0.0,United Kingdom
16030,310,1,331.24,2,1,2,212,5,1,331.24,365.25,331.24,28,283,9.758620689655173,0.0,United Kingdom
16031,92,2,526.99,3,2,2,322,7,154,263.495,4.7435064935064934,526.99,91,423,4.23,0.0,United Kingdom
16032,456,6,1970.45,1,4,4,144,9,67,328.40833333333336,32.708955223880594,1970.4499999999998,130,1480,6.981132075471698,0.4716981132075472,United Kingdom
16033,6,27,10827.23,5,5,5,555,15,479,401.0085185185185,20.588204592901878,10827.229999999998,605,4288,3.05848787446505,0.37660485021398005,United Kingdom
16034,196,6,930.4,2,4,3,243,9,213,155.06666666666666,10.288732394366198,930.4000000000001,43,597,10.473684210526315,0.15789473684210525,United Kingdom
16035,560,1,217.73,1,1,1,111,3,1,217.73,365.25,217.73,21,33,1.5714285714285714,0.0,United Kingdom
16036,87,4,2556.84,3,4,4,344,11,533,639.21,2.7410881801125706,2556.8400000000006,120,1369,9.778571428571428,0.0,United Kingdom
16037,270,5,1373.74,2,4,4,244,10,378,274.748,4.8313492063492065,1373.74,62,766,10.788732394366198,0.2535211267605634,United Kingdom
16038,8,3,471.78,5,3,2,532,10,194,157.26,5.648195876288661,471.78,24,244,9.384615384615385,0.7307692307692307,United Kingdom
16039,424,2,456.4,1,2,2,122,5,204,228.2,3.5808823529411766,456.3999999999999,27,409,12.78125,0.34375,United Kingdom
16040,65,7,2391.05,3,4,4,344,11,544,341.5785714285715,4.699908088235294,2391.0500000000006,95,1185,9.48,0.0,United Kingdom
16041,31,3,2143.8,4,3,4,434,11,110,714.6,9.961363636363636,2143.7999999999997,6,724,120.66666666666667,0.0,United Kingdom
16042,22,8,2265.12,4,4,4,444,12,431,283.14,6.779582366589327,2265.12,88,1442,11.092307692307692,0.2846153846153846,United Kingdom
16043,38,8,1856.5900000000001,4,4,4,444,12,444,232.07375000000002,6.581081081081081,1856.5900000000001,56,1011,13.849315068493151,0.2465753424657534,United Kingdom
16044,435,1,340.84000000000003,1,1,2,112,4,1,340.84000000000003,365.25,340.84000000000003,19,170,8.947368421052632,0.0,United Kingdom
16045,120,8,3434.93,3,4,5,345,12,378,429.36625,7.73015873015873,3434.93,111,2108,14.243243243243244,0.18243243243243243,United Kingdom
16046,562,1,235.78,1,1,1,111,3,1,235.78,365.25,235.78,22,248,11.272727272727273,0.0,United Kingdom
16047,682,1,18.0,1,1,1,111,3,1,18.0,365.25,18.0,1,1,1.0,0.0,EIRE
16048,373,4,1075.23,2,4,3,243,9,176,268.8075,8.301136363636363,1075.23,30,569,12.931818181818182,0.0,United Kingdom
16049,40,6,1890.4,4,4,4,444,12,475,315.06666666666666,4.613684210526316,1890.3999999999999,383,1165,2.3253493013972055,0.6007984031936128,United Kingdom
16050,174,3,314.26,3,3,2,332,8,227,104.75333333333333,4.827092511013216,314.26,19,388,18.476190476190474,0.7142857142857143,United Kingdom
16051,682,1,188.44,1,1,1,111,3,1,188.44,365.25,188.44000000000003,12,80,6.666666666666667,0.0,United Kingdom
16052,54,1,362.06,4,1,2,412,7,1,362.06,365.25,362.06,34,282,8.294117647058824,1.0,United Kingdom
16053,33,6,3596.76,4,4,5,445,13,578,599.46,3.791522491349481,3596.7600000000007,169,2603,13.417525773195877,0.2268041237113402,United Kingdom
16054,145,4,1834.88,3,4,4,344,11,471,458.72,3.1019108280254777,1834.88,109,791,6.483606557377049,0.7213114754098361,United Kingdom
16055,221,1,127.85000000000001,2,1,1,211,4,1,127.85000000000001,365.25,127.85000000000001,8,22,2.75,0.0,United Kingdom
16056,45,1,664.85,4,1,3,413,8,1,664.85,365.25,664.85,66,347,5.102941176470588,0.0,United Kingdom
16057,16,10,3854.85,5,5,5,555,15,684,385.485,5.339912280701754,3854.85,175,1691,7.756880733944954,0.10550458715596331,United Kingdom
16058,406,1,62.7,2,1,1,211,4,1,62.7,365.25,62.699999999999996,2,18,9.0,0.0,United Kingdom
16059,66,12,3213.87,3,5,5,355,13,503,267.8225,8.713717693836978,3213.8700000000003,233,1509,3.575829383886256,0.23696682464454977,United Kingdom
16060,401,3,541.95,2,3,2,232,7,93,180.65,11.78225806451613,541.95,22,243,10.125,0.0,United Kingdom
16061,431,1,65.75,1,1,1,111,3,1,65.75,365.25,65.75,3,19,6.333333333333333,0.0,United Kingdom
16062,10,8,2859.55,5,5,4,554,14,526,357.44375,5.555133079847909,2859.5500000000006,134,2035,11.0,0.0,United Kingdom
16063,260,1,335.32,2,1,2,212,5,1,335.32,365.25,335.32,23,262,11.391304347826088,0.0,United Kingdom
16064,725,1,111.0,1,1,1,111,3,1,111.0,365.25,111.0,17,56,3.111111111111111,0.0,United Kingdom
16065,365,8,2383.23,2,5,4,254,11,97,297.90375,30.12371134020619,2383.23,214,1447,3.3418013856812934,0.18937644341801385,United Kingdom
16066,17,5,1521.87,5,4,4,544,13,107,304.37399999999997,17.067757009345797,1521.8700000000001,77,936,9.176470588235293,0.6078431372549019,United Kingdom
16067,563,3,3395.29,1,3,5,135,9,112,1131.7633333333333,9.783482142857144,3395.29,60,1279,17.52054794520548,0.1506849315068493,United Kingdom
16068,594,1,122.93,1,1,1,111,3,1,122.93,365.25,122.93,34,52,1.3333333333333333,1.0,United Kingdom
16069,418,1,457.7,1,1,2,112,4,1,457.7,365.25,457.7,25,138,5.52,0.0,United Kingdom
16070,22,2,853.83,4,2,3,423,9,9,426.915,81.16666666666666,853.8299999999999,32,457,13.848484848484848,0.0,United Kingdom
16071,45,4,1079.44,4,4,3,443,11,610,269.86,2.3950819672131147,1079.44,62,697,9.547945205479452,0.0,United Kingdom
16072,288,4,4325.44,2,4,5,245,11,260,1081.36,5.61923076923077,4325.44,414,1611,2.897482014388489,0.0,United Kingdom
16073,297,1,122.4,2,1,1,211,4,1,122.4,365.25,122.39999999999999,1,48,48.0,0.0,United Kingdom
16074,390,1,265.25,2,1,1,211,4,1,265.25,365.25,265.25,23,39,1.5,1.0,United Kingdom
16075,503,2,736.9300000000001,1,2,3,123,6,61,368.46500000000003,11.975409836065575,736.9300000000001,41,271,6.609756097560975,0.3902439024390244,United Kingdom
16076,3,10,2241.4500000000003,5,5,4,554,14,205,224.14500000000004,17.817073170731707,2241.4500000000003,71,1435,11.124031007751938,0.12403100775193798,United Kingdom
16077,626,1,1820.8,1,1,4,114,6,1,1820.8,365.25,1820.8,8,752,94.0,0.0,United Kingdom
16078,284,2,364.79,2,2,2,222,6,385,182.395,1.8974025974025974,364.79,39,200,5.128205128205129,0.0,United Kingdom
16079,17,3,1352.0,5,3,4,534,12,23,450.6666666666667,47.64130434782609,1352.0,18,864,41.142857142857146,0.5238095238095238,United Kingdom
16080,82,4,602.5600000000001,3,4,2,342,9,368,150.64000000000001,3.9701086956521743,602.5600000000001,29,298,9.933333333333334,0.0,United Kingdom
16081,56,8,4453.2300000000005,4,5,5,455,14,618,556.6537500000001,4.728155339805825,4453.2300000000005,235,2244,5.62406015037594,0.0,United Kingdom
16082,670,1,106.75,1,1,1,111,3,1,106.75,365.25,106.75,16,39,2.4375,1.0,United Kingdom
16083,101,4,2351.42,3,4,4,344,11,287,587.855,5.090592334494774,2351.4200000000005,61,1514,21.323943661971832,0.0,United Kingdom
16084,299,1,436.18,2,1,2,212,5,1,436.18,365.25,436.18,38,216,5.684210526315789,1.0,United Kingdom
16085,23,12,2343.53,4,5,4,454,13,664,195.29416666666668,6.600903614457831,2343.53,259,1384,3.6808510638297873,0.27393617021276595,United Kingdom
16086,59,10,2864.9900000000002,4,5,4,454,13,677,286.499,5.395125553914328,2864.9900000000002,66,1526,11.138686131386862,0.0,United Kingdom
16087,389,5,1739.92,2,4,4,244,10,300,347.98400000000004,6.0875,1739.92,6,664,66.4,0.0,United Kingdom
16088,576,2,1437.43,1,2,4,124,7,15,718.715,48.7,1437.4299999999998,3,373,62.166666666666664,0.0,United Kingdom
16089,386,2,271.44,2,2,1,221,5,122,135.72,5.9877049180327875,271.44,42,122,2.44,0.54,United Kingdom
16090,624,1,205.91,1,1,1,111,3,1,205.91,365.25,205.91,18,65,3.25,0.0,United Kingdom
16091,155,2,315.06,3,2,2,322,7,43,157.53,16.988372093023255,315.06,16,154,8.555555555555555,0.0,United Kingdom
16092,115,6,1587.94,3,4,4,344,11,464,264.6566666666667,4.723060344827586,1587.9400000000003,60,1188,13.2,0.3,United Kingdom
16093,107,1,17.0,3,1,1,311,5,1,17.0,365.25,17.0,1,20,20.0,0.0,United Kingdom
16094,12,11,3695.56,5,5,5,555,15,590,335.96,6.809745762711864,3695.56,101,2020,10.306122448979592,0.0,United Kingdom
16095,456,1,447.05,1,1,2,112,4,1,447.05,365.25,447.05,30,265,8.833333333333334,0.0,United Kingdom
16096,264,4,1263.46,2,4,4,244,10,380,315.865,3.8447368421052635,1263.46,58,700,10.606060606060606,0.18181818181818182,United Kingdom
16097,240,1,185.04999999999998,2,1,1,211,4,1,185.04999999999998,365.25,185.04999999999998,10,87,8.7,0.0,United Kingdom
16098,88,14,4285.38,3,5,5,355,13,637,306.09857142857146,8.027472527472527,4285.380000000001,83,2062,12.650306748466258,0.0,United Kingdom
16099,50,7,1573.2,4,4,4,444,12,596,224.74285714285716,4.28984899328859,1573.2,44,960,13.91304347826087,0.0,United Kingdom
16100,463,1,582.64,1,1,2,112,4,1,582.64,365.25,582.64,37,438,11.837837837837839,0.0,United Kingdom
16101,71,4,3229.16,3,4,5,345,12,490,807.29,2.9816326530612245,3229.1600000000003,153,1844,9.604166666666666,0.125,United Kingdom
16102,42,3,1842.14,4,3,4,434,11,86,614.0466666666667,12.741279069767442,1842.1400000000003,41,942,16.526315789473685,0.0,United Kingdom
16103,7,22,6191.71,5,5,5,555,15,693,281.44136363636363,11.595238095238095,6191.709999999999,111,2639,13.195,0.0,United Kingdom
16104,62,9,2778.61,3,5,4,354,12,671,308.7344444444445,4.89903129657228,2778.6100000000006,187,1048,4.497854077253219,1.0,United Kingdom
16105,249,5,2401.31,2,4,4,244,10,355,480.262,5.144366197183099,2401.3100000000004,92,2125,19.318181818181817,0.0,United Kingdom
16106,66,1,108.38,3,1,1,311,5,1,108.38,365.25,108.38,6,74,12.333333333333334,0.0,United Kingdom
16107,18,7,3136.36,5,4,5,545,14,165,448.0514285714286,15.495454545454546,3136.3599999999997,16,1176,37.935483870967744,0.25806451612903225,United Kingdom
16108,85,4,2235.92,3,4,4,344,11,546,558.98,2.675824175824176,2235.92,124,1473,10.911111111111111,0.0,United Kingdom
16109,219,3,939.48,2,3,3,233,8,479,313.16,2.287578288100209,939.48,30,1092,35.225806451612904,0.41935483870967744,United Kingdom
16110,45,4,1819.27,4,4,4,444,12,477,454.8175,3.0628930817610063,1819.2700000000002,343,902,2.0089086859688194,0.0,United Kingdom
16111,428,1,562.48,1,1,2,112,4,1,562.48,365.25,562.48,72,236,3.1466666666666665,0.0,United Kingdom
16112,143,4,209.18,3,4,1,341,8,195,52.295,7.4923076923076914,209.17999999999998,15,574,35.875,0.0,United Kingdom
16113,183,1,161.38,3,1,1,311,5,1,161.38,365.25,161.38,30,176,5.866666666666666,0.0,United Kingdom
16114,171,1,135.75000000000003,3,1,1,311,5,1,135.75000000000003,365.25,135.75000000000003,8,43,5.375,0.0,United Kingdom
16115,10,12,2575.14,5,5,4,554,14,564,214.595,7.7712765957446805,2575.14,230,1601,3.7406542056074765,0.5887850467289719,United Kingdom
16116,212,1,612.78,2,1,3,213,6,1,612.78,365.25,612.78,34,248,7.294117647058823,0.0,United Kingdom
16117,190,3,654.4,2,3,3,233,8,401,218.13333333333333,2.732543640897756,654.4000000000001,64,321,3.606741573033708,0.0,United Kingdom
16118,653,1,4367.77,1,1,5,115,7,1,4367.77,365.25,4367.77,41,2835,69.14634146341463,0.0,United Kingdom
16119,8,8,1720.81,5,5,4,554,14,715,215.10125,4.0867132867132865,1720.8099999999997,37,811,15.018518518518519,0.16666666666666666,United Kingdom
16120,59,6,3056.91,4,4,5,445,13,362,509.48499999999996,6.053867403314917,3056.9099999999994,84,2205,23.210526315789473,0.0,United Kingdom
16121,57,5,1477.09,4,4,4,444,12,508,295.418,3.59498031496063,1477.09,256,897,2.498607242339833,0.6155988857938719,United Kingdom
16122,73,6,1003.74,3,4,3,343,10,352,167.29,6.2258522727272725,1003.74,28,1398,21.84375,0.125,United Kingdom
16123,52,1,307.78000000000003,4,1,2,412,7,1,307.78000000000003,365.25,307.78000000000003,16,170,10.625,0.0,United Kingdom
16124,317,4,1772.49,2,4,4,244,10,415,443.1225,3.520481927710844,1772.4900000000002,63,797,9.71951219512195,0.3170731707317073,United Kingdom
16125,367,14,4569.7,2,5,5,255,12,358,326.40714285714284,14.283519553072626,4569.7,168,1944,6.458471760797342,0.0,United Kingdom
16126,29,15,14646.800000000001,4,5,5,455,14,708,976.4533333333334,7.7383474576271185,14646.800000000001,144,6142,16.036553524804177,0.044386422976501305,United Kingdom
16127,39,2,801.3100000000001,4,2,3,423,9,687,400.65500000000003,1.0633187772925765,801.3100000000001,75,391,5.213333333333333,0.4666666666666667,United Kingdom
16128,18,11,3784.25,5,5,5,555,15,493,344.02272727272725,8.149594320486816,3784.25,155,2405,13.214285714285714,0.0,United Kingdom
16129,407,3,1250.25,2,3,4,234,9,100,416.75,10.957500000000001,1250.2500000000002,91,1261,13.135416666666666,0.0,United Kingdom
16130,422,4,978.73,1,4,3,143,8,195,244.6825,7.4923076923076914,978.7299999999999,53,296,5.381818181818182,0.0,United Kingdom
16131,52,12,9957.42,4,5,5,455,14,686,829.785,6.389212827988338,9957.419999999998,131,4768,21.771689497716896,0.1004566210045662,United Kingdom
16132,544,2,620.3,1,2,3,123,6,83,310.15,8.801204819277109,620.3,14,280,16.470588235294116,0.4117647058823529,United Kingdom
16133,4,56,22259.39,5,5,5,555,15,614,397.4891071428571,33.31270358306189,22259.39,303,13469,24.759191176470587,0.07536764705882353,United Kingdom
16134,22,5,2125.18,4,4,4,444,12,519,425.03599999999994,3.51878612716763,2125.18,85,1581,13.629310344827585,0.0,United Kingdom
16135,263,2,819.45,2,2,3,223,7,321,409.725,2.2757009345794392,819.45,35,395,10.128205128205128,0.0,United Kingdom
16136,60,4,946.8000000000001,3,4,3,343,10,603,236.70000000000002,2.4228855721393034,946.8000000000001,44,674,14.652173913043478,0.1956521739130435,United Kingdom
16137,680,1,422.7,1,1,2,112,4,1,422.7,365.25,422.7,28,210,7.5,0.0,United Kingdom
16138,379,3,901.87,2,3,3,233,8,212,300.62333333333333,5.168632075471698,901.87,35,758,20.486486486486488,0.0,United Kingdom
16139,19,5,1111.15,5,4,3,543,12,717,222.23000000000002,2.547071129707113,1111.15,47,602,10.56140350877193,0.0,United Kingdom
16140,66,3,1557.6000000000001,3,3,4,334,10,376,519.2,2.914228723404255,1557.6000000000001,50,1376,19.380281690140844,0.0,United Kingdom
16141,88,2,955.94,3,2,3,323,8,328,477.97,2.2271341463414633,955.9400000000002,47,410,8.2,0.0,United Kingdom
16142,250,1,535.34,2,1,2,212,5,1,535.34,365.25,535.34,37,422,11.405405405405405,0.0,United Kingdom
16143,3,12,4696.83,5,5,5,555,15,726,391.4025,6.037190082644629,4696.83,107,2011,8.414225941422593,0.13389121338912133,United Kingdom
16144,247,1,175.2,2,1,1,211,4,1,175.2,365.25,175.2,1,16,16.0,0.0,United Kingdom
16145,9,19,6805.22,5,5,5,555,15,575,358.1694736842105,12.069130434782608,6805.219999999999,217,5270,13.308080808080808,0.06565656565656566,United Kingdom
16146,157,4,946.38,3,4,3,343,10,291,236.595,5.020618556701031,946.38,34,544,13.268292682926829,0.0,United Kingdom
16147,134,5,2398.91,3,4,4,344,11,538,479.782,3.3945167286245352,2398.91,113,1395,10.257352941176471,0.0,United Kingdom
16148,296,2,386.62,2,2,2,222,6,140,193.31,5.217857142857143,386.62000000000006,9,250,27.77777777777778,0.0,United Kingdom
16149,5,3,422.21999999999997,5,3,2,532,10,424,140.73999999999998,2.584316037735849,422.2199999999999,30,598,19.933333333333334,0.0,United Kingdom
16150,43,10,4394.64,4,5,5,455,14,679,439.46400000000006,5.379234167893962,4394.64,143,2164,9.092436974789916,0.0,United Kingdom
16152,269,1,1829.04,2,1,4,214,7,1,1829.04,365.25,1829.04,29,642,22.137931034482758,0.0,United Kingdom
16153,50,11,5070.13,4,5,5,455,14,512,460.9209090909091,7.84716796875,5070.13,161,3517,15.561946902654867,0.04424778761061947,United Kingdom
16155,382,5,778.0,2,4,3,243,9,158,155.6,11.558544303797468,778.0,45,495,10.3125,0.22916666666666666,United Kingdom
16156,9,20,6218.18,5,5,5,555,15,728,310.909,10.034340659340659,6218.179999999999,199,3240,12.319391634980988,0.0,United Kingdom
16157,16,3,656.69,5,3,3,533,11,56,218.89666666666668,19.56696428571429,656.69,12,347,19.27777777777778,0.0,United Kingdom
16158,522,9,600.37,1,5,2,152,8,211,66.70777777777778,15.579383886255922,600.3699999999999,29,182,5.2,0.4,United Kingdom
16159,282,4,1232.79,2,4,4,244,10,455,308.1975,3.2109890109890107,1232.79,31,635,12.211538461538462,0.0,United Kingdom
16160,65,2,1006.96,3,2,3,323,8,20,503.48,36.525,1006.9599999999999,20,1074,53.7,0.0,United Kingdom
16161,2,43,12832.4,5,5,5,555,15,668,298.42790697674417,23.511601796407184,12832.399999999998,458,6380,5.509499136442142,0.05267702936096719,United Kingdom
16162,252,1,37.4,2,1,1,211,4,1,37.4,365.25,37.4,2,4,2.0,0.0,United Kingdom
16163,232,6,2847.63,2,4,4,244,10,505,474.605,4.3396039603960395,2847.63,59,768,10.520547945205479,0.0,United Kingdom
16164,17,3,818.58,5,3,3,533,11,25,272.86,43.830000000000005,818.5800000000002,27,433,12.735294117647058,0.0,United Kingdom
16165,505,1,36.0,1,1,1,111,3,1,36.0,365.25,36.0,1,2,2.0,0.0,United Kingdom
16166,428,2,435.83,1,2,2,122,5,263,217.915,2.7775665399239546,435.83,18,173,7.863636363636363,0.5454545454545454,United Kingdom
16167,414,5,1288.68,1,4,4,144,9,324,257.736,5.6365740740740735,1288.6799999999998,51,1030,16.349206349206348,0.0,United Kingdom
16168,11,66,10508.67,5,5,5,555,15,726,159.22227272727272,33.20454545454545,10508.67,131,5099,16.501618122977348,0.15210355987055016,United Kingdom
16169,8,4,1824.65,5,4,4,544,13,67,456.1625,21.80597014925373,1824.6500000000003,71,1325,15.588235294117647,0.3058823529411765,United Kingdom
16170,51,20,6865.95,4,5,5,455,14,608,343.2975,12.014802631578947,6865.950000000001,254,6056,13.763636363636364,0.1159090909090909,United Kingdom
16171,59,1,73.19999999999999,4,1,1,411,6,1,73.19999999999999,365.25,73.19999999999999,3,24,8.0,0.0,United Kingdom
16172,95,8,1884.55,3,5,4,354,12,417,235.56875,7.0071942446043165,1884.5500000000002,81,1419,12.557522123893806,0.0,United Kingdom
16173,16,6,1418.32,5,4,4,544,13,82,236.38666666666666,26.725609756097562,1418.32,70,575,6.845238095238095,0.0,United Kingdom
16174,126,7,2205.15,3,4,4,344,11,476,315.0214285714286,5.3713235294117645,2205.15,28,1391,21.4,0.0,United Kingdom
16175,94,7,1836.44,3,4,4,344,11,469,262.34857142857146,5.451492537313433,1836.4400000000003,59,932,9.510204081632653,0.0,United Kingdom
16176,421,4,2052.69,1,4,4,144,9,198,513.1725,7.378787878787878,2052.69,53,952,13.222222222222221,0.0,United Kingdom
16177,50,8,2245.41,4,5,4,454,13,596,280.67625,4.902684563758389,2245.41,79,1021,8.652542372881356,0.0,United Kingdom
16178,138,2,612.6,3,2,3,323,8,263,306.3,2.7775665399239546,612.6,24,304,12.16,0.32,United Kingdom
16179,61,1,215.83,3,1,1,311,5,1,215.83,365.25,215.83,11,99,9.0,0.0,United Kingdom
16180,100,13,16249.87,3,5,5,355,13,434,1249.99,10.940668202764977,16249.869999999999,171,9813,30.009174311926607,0.07339449541284404,United Kingdom
16181,73,1,305.54,3,1,2,312,6,1,305.54,365.25,305.54,11,152,13.818181818181818,0.0,United Kingdom
16182,72,9,9792.65,3,5,5,355,13,568,1088.072222222222,5.787411971830985,9792.649999999998,20,5787,113.47058823529412,0.0784313725490196,United Kingdom
16183,67,4,1077.81,3,4,3,343,10,340,269.4525,4.297058823529412,1077.81,32,351,8.560975609756097,0.0,United Kingdom
16184,64,6,1158.79,3,4,3,343,10,147,193.13166666666666,14.908163265306122,1158.79,26,561,12.466666666666667,0.0,United Kingdom
16185,17,3,644.72,5,3,3,533,11,547,214.90666666666667,2.003199268738574,644.7199999999999,39,321,8.025,0.0,United Kingdom
16186,23,26,9027.79,4,5,5,455,14,707,347.22269230769234,13.432107496463933,9027.79,172,6825,13.0,0.03619047619047619,United Kingdom
16187,32,15,6889.49,4,5,5,455,14,252,459.2993333333333,21.741071428571427,6889.489999999999,160,5048,17.11186440677966,0.1152542372881356,United Kingdom
16188,45,5,1087.66,4,4,3,443,11,364,217.532,5.017170329670329,1087.66,72,838,11.324324324324325,0.0,United Kingdom
16189,16,2,215.48,5,2,1,521,8,69,107.74,10.58695652173913,215.48000000000002,9,134,12.181818181818182,0.0,United Kingdom
16190,40,8,2664.05,4,5,4,454,13,685,333.00625,4.265693430656935,2664.0500000000006,89,1231,10.344537815126051,0.05042016806722689,United Kingdom
16191,3,24,15197.43,5,5,5,555,15,725,633.22625,12.091034482758621,15197.43,113,8864,38.042918454935624,0.0,United Kingdom
16192,736,1,351.3,1,1,2,112,4,1,351.3,365.25,351.3,11,208,18.90909090909091,0.0,United Kingdom
16193,237,2,630.4300000000001,2,2,3,223,7,174,315.21500000000003,4.198275862068965,630.43,38,379,9.973684210526315,0.5,United Kingdom
16194,375,1,308.6,2,1,2,212,5,1,308.6,365.25,308.6,8,140,17.5,0.0,United Kingdom
16195,723,1,323.25,1,1,2,112,4,1,323.25,365.25,323.25,16,123,7.6875,0.0,United Kingdom
16196,489,1,93.3,1,1,1,111,3,1,93.3,365.25,93.3,4,26,6.5,1.0,United Kingdom
16197,469,9,2016.71,1,5,4,154,10,254,224.07888888888888,12.941929133858268,2016.7099999999998,52,1420,15.268817204301076,0.0,United Kingdom
16198,75,2,1030.23,3,2,3,323,8,362,515.115,2.0179558011049723,1030.23,31,384,11.636363636363637,0.45454545454545453,United Kingdom
16199,392,7,942.75,2,4,3,243,9,238,134.67857142857142,10.742647058823529,942.7499999999999,2,321,32.1,0.1,United Kingdom
16200,4,12,5643.45,5,5,5,555,15,732,470.28749999999997,5.987704918032787,5643.449999999999,361,3089,4.926634768740032,0.11961722488038277,United Kingdom
16201,3,5,2112.12,5,4,4,544,13,412,422.424,4.432645631067961,2112.12,86,1421,11.459677419354838,0.0,United Kingdom
16202,361,9,2480.04,2,5,4,254,11,376,275.56,8.742686170212766,2480.0400000000004,105,1307,10.540322580645162,0.0,United Kingdom
16203,59,6,1114.54,4,4,3,443,11,445,185.75666666666666,4.924719101123595,1114.54,56,607,7.883116883116883,0.0,United Kingdom
16204,23,3,944.24,4,3,3,433,10,707,314.74666666666667,1.5498585572843,944.24,86,686,6.236363636363636,0.0,United Kingdom
16205,31,7,1830.61,4,4,4,444,12,511,261.5157142857143,5.0034246575342465,1830.6100000000001,147,1455,7.275,0.0,United Kingdom
16206,55,13,2598.42,4,5,4,454,13,629,199.87846153846155,7.5488871224165335,2598.42,187,1384,5.672131147540983,0.7131147540983607,United Kingdom
16207,25,1,380.38,4,1,2,412,7,1,380.38,365.25,380.38000000000005,19,140,7.368421052631579,0.0,United Kingdom
16208,45,10,3432.6,4,5,5,455,14,608,343.26,6.0074013157894735,3432.6000000000004,180,1541,6.090909090909091,0.3241106719367589,United Kingdom
16209,89,9,3604.38,3,5,5,355,13,458,400.4866666666667,7.1774017467248905,3604.3799999999997,51,1735,25.895522388059703,0.0,United Kingdom
16210,2,35,25927.0,5,5,5,555,15,735,740.7714285714286,17.392857142857146,25927.000000000004,145,10407,37.0355871886121,0.0,United Kingdom
16211,89,3,1040.59,3,3,3,333,9,349,346.8633333333333,3.1396848137535818,1040.59,35,479,13.305555555555555,0.0,United Kingdom
16212,19,4,1293.71,5,4,4,544,13,650,323.4275,2.247692307692308,1293.7100000000003,71,571,7.32051282051282,0.3333333333333333,United Kingdom
16213,79,1,159.0,3,1,1,311,5,1,159.0,365.25,159.0,6,48,8.0,0.0,United Kingdom
16214,171,4,2019.77,3,4,4,344,11,264,504.9425,5.534090909090908,2019.7699999999998,84,1220,12.448979591836734,0.0,United Kingdom
16215,81,1,242.35,3,1,1,311,5,1,242.35,365.25,242.35,14,104,7.428571428571429,0.0,United Kingdom
16216,267,1,763.98,2,1,3,213,6,1,763.98,365.25,763.98,37,254,6.864864864864865,0.0,United Kingdom
16217,235,2,304.25,2,2,2,222,6,46,152.125,15.880434782608697,304.25,13,91,6.066666666666666,0.0,United Kingdom
16218,30,13,4439.97,4,5,5,455,14,531,341.53615384615387,8.942090395480227,4439.970000000001,82,3237,19.73780487804878,0.12195121951219512,United Kingdom
16219,501,1,40.8,1,1,1,111,3,1,40.8,365.25,40.8,1,48,48.0,0.0,United Kingdom
16221,37,9,2238.87,4,5,4,454,13,449,248.76333333333332,7.321269487750556,2238.87,177,1515,5.782442748091603,0.05343511450381679,United Kingdom
16222,318,2,1345.22,2,2,4,224,8,402,672.61,1.8171641791044775,1345.22,133,503,3.14375,0.0,United Kingdom
16223,375,2,1104.03,2,2,3,223,7,20,552.015,36.525,1104.03,101,651,5.166666666666667,0.0,United Kingdom
16224,57,5,1618.94,4,4,4,444,12,330,323.788,5.534090909090909,1618.9399999999998,107,1555,13.405172413793103,0.0,United Kingdom
16225,45,15,2867.41,4,5,4,454,13,625,191.16066666666666,8.766,2867.41,189,1285,4.254966887417218,0.052980132450331126,United Kingdom
16226,203,5,672.17,2,4,3,243,9,210,134.434,8.696428571428571,672.17,23,521,16.806451612903224,0.0,United Kingdom
16227,225,3,1027.22,2,3,3,233,8,310,342.4066666666667,3.5346774193548387,1027.22,28,436,12.823529411764707,0.0,United Kingdom
16228,385,3,890.81,2,3,3,233,8,14,296.93666666666667,78.26785714285715,890.8100000000001,45,561,10.2,0.0,United Kingdom
16229,87,6,2867.86,3,4,4,344,11,477,477.9766666666667,4.59433962264151,2867.8600000000006,144,1292,7.340909090909091,0.0,United Kingdom
16230,190,2,542.03,2,2,2,222,6,30,271.015,24.35,542.03,32,365,10.428571428571429,0.0,United Kingdom
16231,379,4,1078.22,2,4,3,243,9,218,269.555,6.70183486238532,1078.22,69,564,5.584158415841584,0.0,United Kingdom
16232,44,7,2712.97,4,4,4,444,12,506,387.5671428571428,5.052865612648222,2712.97,60,1849,17.60952380952381,0.18095238095238095,United Kingdom
16233,71,9,1965.71,3,5,4,354,12,666,218.41222222222223,4.935810810810811,1965.7100000000003,49,689,9.186666666666667,0.09333333333333334,United Kingdom
16234,476,3,333.18,1,3,2,132,6,85,111.06,12.891176470588237,333.18,13,170,11.333333333333334,0.0,United Kingdom
16235,41,9,2045.8600000000001,4,5,4,454,13,429,227.3177777777778,7.662587412587412,2045.86,80,788,6.852173913043479,0.0782608695652174,United Kingdom
16236,78,1,432.2,3,1,2,312,6,1,432.2,365.25,432.2,20,184,9.2,0.0,United Kingdom
16237,437,1,136.65,1,1,1,111,3,1,136.65,365.25,136.65,7,57,8.142857142857142,0.0,United Kingdom
16238,423,1,63.66,1,1,1,111,3,1,63.66,365.25,63.66,6,85,14.166666666666666,0.0,United Kingdom
16239,57,6,1492.2,4,4,4,444,12,406,248.70000000000002,5.397783251231528,1492.2000000000003,24,692,19.771428571428572,0.0,United Kingdom
16240,24,2,3464.8,4,2,5,425,11,53,1732.4,13.783018867924527,3464.8,126,1641,12.155555555555555,0.0,United Kingdom
16241,10,16,4331.09,5,5,5,555,15,400,270.693125,14.610000000000001,4331.09,500,2377,2.391348088531187,0.34004024144869216,United Kingdom
16242,8,14,7474.400000000001,5,5,5,555,15,625,533.8857142857144,8.1816,7474.4000000000015,348,3955,5.799120234604105,0.08064516129032258,United Kingdom
16243,34,2,342.1,4,2,2,422,8,21,171.05,34.785714285714285,342.1,49,110,2.156862745098039,1.0,United Kingdom
16244,212,2,2579.38,2,2,4,224,8,160,1289.69,4.565625,2579.38,88,1474,9.571428571428571,0.0,United Kingdom
16245,24,3,1395.71,4,3,4,434,11,233,465.2366666666667,4.702789699570816,1395.71,80,1014,11.266666666666667,0.0,United Kingdom
16246,460,2,827.25,1,2,3,123,6,209,413.625,3.4952153110047846,827.25,79,338,3.797752808988764,0.0,United Kingdom
16247,170,1,114.56,3,1,1,311,5,1,114.56,365.25,114.56,16,182,11.375,0.0,United Kingdom
16248,62,1,152.94,3,1,1,311,5,1,152.94,365.25,152.94,7,78,11.142857142857142,1.0,United Kingdom
16249,53,5,1800.07,4,4,4,444,12,186,360.014,9.818548387096774,1800.07,67,950,13.768115942028986,0.07246376811594203,United Kingdom
16250,261,3,791.38,2,3,3,233,8,125,263.79333333333335,8.766,791.3800000000001,29,376,7.673469387755102,0.0,United Kingdom
16251,512,1,128.31,1,1,1,111,3,1,128.31,365.25,128.31,20,44,2.2,0.0,United Kingdom
16252,383,1,295.09000000000003,2,1,2,212,5,1,295.09000000000003,365.25,295.09000000000003,21,158,7.523809523809524,0.0,United Kingdom
16253,67,7,7278.15,3,4,5,345,12,664,1039.7357142857143,3.850527108433735,7278.150000000001,218,6061,20.06953642384106,0.0,United Kingdom
16254,378,3,987.54,2,3,3,233,8,253,329.18,4.3310276679841895,987.54,65,549,7.32,0.0,United Kingdom
16255,17,15,4892.3,5,5,5,555,15,668,326.15333333333336,8.201721556886227,4892.3,231,3050,5.700934579439252,0.3925233644859813,United Kingdom
16256,267,3,1597.37,2,3,4,234,9,331,532.4566666666666,3.3104229607250755,1597.3699999999997,27,1590,54.827586206896555,0.0,United Kingdom
16257,177,1,36.0,3,1,1,311,5,1,36.0,365.25,36.0,2,2,1.0,0.0,United Kingdom
16258,45,15,11304.12,4,5,5,455,14,593,753.6080000000001,9.239038785834738,11304.12,253,5680,16.511627906976745,0.06686046511627906,United Kingdom
16259,410,3,361.94,2,3,2,232,7,194,120.64666666666666,5.648195876288661,361.94,75,162,1.7419354838709677,0.0,United Kingdom
16260,51,1,1035.45,4,1,3,413,8,1,1035.45,365.25,1035.45,18,311,17.27777777777778,0.0,United Kingdom
16261,17,6,1059.45,5,4,3,543,12,425,176.57500000000002,5.156470588235294,1059.45,118,459,2.732142857142857,0.1488095238095238,United Kingdom
16262,378,1,755.15,2,1,3,213,6,1,755.15,365.25,755.15,46,446,9.695652173913043,0.0,United Kingdom
16263,423,1,351.01,1,1,2,112,4,1,351.01,365.25,351.01,19,200,8.333333333333334,0.0,United Kingdom
16264,438,2,837.53,1,2,3,123,6,7,418.765,104.35714285714286,837.53,62,632,9.575757575757576,0.5454545454545454,United Kingdom
16265,9,12,6777.09,5,5,5,555,15,398,564.7575,11.012562814070352,6777.09,192,3214,9.537091988130564,0.05934718100890208,United Kingdom
16266,74,14,1750.15,3,5,4,354,12,599,125.01071428571429,8.536727879799667,1750.1500000000003,73,791,7.256880733944954,0.0,United Kingdom
16267,591,1,186.66,1,1,1,111,3,1,186.66,365.25,186.66,7,198,28.285714285714285,0.0,United Kingdom
16268,71,2,613.7,3,2,3,323,8,1,306.85,730.5,613.7,45,533,11.844444444444445,0.0,United Kingdom
16269,438,1,717.57,1,1,3,113,5,1,717.57,365.25,717.57,53,579,10.924528301886792,0.0,United Kingdom
16270,353,1,1141.24,2,1,3,213,6,1,1141.24,365.25,1141.24,54,688,12.74074074074074,0.0,United Kingdom
16271,3,10,3463.02,5,5,5,555,15,640,346.302,5.70703125,3463.02,176,2399,7.865573770491803,0.33114754098360655,United Kingdom
16272,117,1,411.7,3,1,2,312,6,1,411.7,365.25,411.7,25,224,8.96,0.0,United Kingdom
16273,648,2,336.03999999999996,1,2,2,122,5,7,168.01999999999998,104.35714285714286,336.0399999999999,15,46,2.875,0.9375,United Kingdom
16274,373,1,690.1,2,1,3,213,6,1,690.1,365.25,690.1,64,310,2.3134328358208953,0.0,United Kingdom
16275,197,3,2151.11,2,3,4,234,9,444,717.0366666666667,2.4679054054054053,2151.11,105,1268,11.423423423423424,0.40540540540540543,United Kingdom
16276,177,3,2466.59,3,3,4,334,10,430,822.1966666666667,2.5482558139534883,2466.59,20,1379,53.03846153846154,0.46153846153846156,United Kingdom
16277,734,1,188.69,1,1,1,111,3,1,188.69,365.25,188.69000000000003,23,33,1.434782608695652,1.0,United Kingdom
16278,100,3,933.84,3,3,3,333,9,399,311.28000000000003,2.7462406015037595,933.8400000000001,50,342,6.218181818181818,0.0,United Kingdom
16279,21,9,5705.08,4,5,5,455,14,575,633.8977777777777,5.71695652173913,5705.079999999999,243,3691,10.57593123209169,0.0,United Kingdom
16280,725,1,238.05,1,1,1,111,3,1,238.05,365.25,238.04999999999998,16,101,6.3125,0.0,United Kingdom
16281,72,3,3424.02,3,3,5,335,11,610,1141.34,1.796311475409836,3424.0199999999995,27,1570,40.256410256410255,0.0,United Kingdom
16282,340,3,1307.5800000000002,2,3,4,234,9,378,435.86000000000007,2.8988095238095237,1307.5800000000002,31,790,23.939393939393938,0.0,United Kingdom
16283,6,8,4415.9,5,5,5,555,15,643,551.9875,4.544323483670295,4415.9,385,2889,4.871838111298482,0.7740303541315345,United Kingdom
16284,31,3,1029.77,4,3,3,433,10,362,343.25666666666666,3.0269337016574585,1029.77,108,683,4.913669064748201,0.0,United Kingdom
16285,646,1,176.9,1,1,1,111,3,1,176.9,365.25,176.9,31,60,1.935483870967742,0.0,United Kingdom
16286,477,2,328.95,1,2,2,122,5,146,164.475,5.0034246575342465,328.95,17,101,5.9411764705882355,0.0,United Kingdom
16287,170,5,1024.3400000000001,3,4,3,343,10,519,204.86800000000002,3.51878612716763,1024.3400000000001,18,1394,33.19047619047619,0.19047619047619047,United Kingdom
16288,470,1,129.85,1,1,1,111,3,1,129.85,365.25,129.85,7,19,2.7142857142857144,0.0,United Kingdom
16289,462,1,136.31,1,1,1,111,3,1,136.31,365.25,136.31,21,97,4.619047619047619,0.0,United Kingdom
16290,465,4,2057.4500000000003,1,4,4,144,9,101,514.3625000000001,14.465346534653465,2057.4500000000003,85,1001,7.641221374045801,0.9770992366412213,United Kingdom
16291,682,1,18.0,1,1,1,111,3,1,18.0,365.25,18.0,1,1,1.0,0.0,Portugal
16292,122,5,1253.76,3,4,4,344,11,482,250.752,3.788900414937759,1253.7600000000002,51,688,11.096774193548388,0.14516129032258066,United Kingdom
16293,22,15,4656.0,4,5,5,455,14,707,310.4,7.7492927864215,4656.0,168,2022,8.390041493775934,0.0,United Kingdom
16294,477,1,126.05000000000001,1,1,1,111,3,1,126.05000000000001,365.25,126.05000000000001,8,54,6.75,0.0,United Kingdom
16295,10,4,1328.55,5,4,4,544,13,54,332.1375,27.055555555555557,1328.55,70,841,10.645569620253164,0.0,United Kingdom
16296,626,4,1313.67,1,4,4,144,9,95,328.4175,15.378947368421054,1313.67,56,645,8.716216216216216,0.0,United Kingdom
16297,269,1,301.9,2,1,2,212,5,1,301.9,365.25,301.9,20,206,10.3,0.0,United Kingdom
16298,23,7,1071.7,4,4,3,443,11,419,153.1,6.102028639618139,1071.7,32,308,6.553191489361702,0.10638297872340426,United Kingdom
16299,477,1,193.65,1,1,1,111,3,1,193.65,365.25,193.65,12,107,8.916666666666666,0.0,United Kingdom
16300,430,3,1392.43,1,3,4,134,8,245,464.1433333333334,4.472448979591837,1392.4300000000003,190,658,2.642570281124498,0.0,United Kingdom
16301,737,1,107.33,1,1,1,111,3,1,107.33,365.25,107.33,6,41,6.833333333333333,0.0,United Kingdom
16302,127,1,233.22,3,1,1,311,5,1,233.22,365.25,233.22,11,158,14.363636363636363,0.0,United Kingdom
16303,26,7,7928.27,4,4,5,445,13,605,1132.6100000000001,4.2260330578512395,7928.27,156,3859,13.493006993006993,0.0,United Kingdom
16304,695,1,381.66,1,1,2,112,4,1,381.66,365.25,381.66,25,228,9.12,0.0,United Kingdom
16305,139,1,361.22,3,1,2,312,6,1,361.22,365.25,361.22,22,256,11.636363636363637,1.0,United Kingdom
16306,214,7,1192.82,2,4,3,243,9,221,170.40285714285713,11.569004524886877,1192.82,55,742,10.753623188405797,0.0,United Kingdom
16307,429,3,1194.92,1,3,3,133,7,147,398.3066666666667,7.454081632653061,1194.92,69,1123,14.973333333333333,0.0,United Kingdom
16308,38,7,448.0,4,4,2,442,10,686,64.0,3.727040816326531,448.0,1,1400,200.0,0.0,United Kingdom
16309,106,2,706.57,3,2,3,323,8,134,353.285,5.451492537313433,706.57,39,467,11.119047619047619,0.0,United Kingdom
16310,414,2,460.08,1,2,2,122,5,227,230.04,3.2180616740088106,460.08,26,270,9.642857142857142,0.42857142857142855,United Kingdom
16311,18,2,616.26,5,2,3,523,10,31,308.13,23.564516129032256,616.26,35,394,10.64864864864865,0.0,United Kingdom
16312,432,1,171.15,1,1,1,111,3,1,171.15,365.25,171.15,10,53,5.3,1.0,United Kingdom
16313,3,2,274.15000000000003,5,2,1,521,8,46,137.07500000000002,15.880434782608697,274.15000000000003,16,165,10.3125,0.0,United Kingdom
16314,390,3,1491.4,2,3,4,234,9,83,497.1333333333334,13.201807228915662,1491.4,58,636,10.258064516129032,0.0,United Kingdom
16315,331,2,402.71,2,2,2,222,6,205,201.355,3.563414634146341,402.7099999999999,21,143,6.217391304347826,0.0,United Kingdom
16316,64,13,5195.16,3,5,5,355,13,428,399.6276923076923,11.094042056074768,5195.160000000001,193,3057,10.292929292929292,0.0,United Kingdom
16317,120,5,2192.51,3,4,4,344,11,465,438.50200000000007,3.9274193548387095,2192.51,103,1236,10.564102564102564,0.0,United Kingdom
16318,35,1,328.15000000000003,4,1,2,412,7,1,328.15000000000003,365.25,328.15000000000003,19,199,10.473684210526315,0.0,United Kingdom
16319,218,1,404.40000000000003,2,1,2,212,5,1,404.40000000000003,365.25,404.40000000000003,3,72,24.0,0.0,United Kingdom
16320,172,6,5637.39,3,4,5,345,12,509,939.565,4.305500982318271,5637.389999999999,193,3319,13.771784232365146,0.3153526970954357,Unspecified
16321,72,7,604.5500000000001,3,4,3,343,10,666,86.36428571428573,3.838963963963964,604.5500000000001,15,259,11.26086956521739,0.0,Australia
16322,1,2,326.75,5,2,2,522,9,35,163.375,20.871428571428574,326.75000000000006,28,231,6.243243243243243,0.0,United Kingdom
16323,196,2,353.66,2,2,2,222,6,381,176.83,1.9173228346456694,353.66,4,146,36.5,0.0,United Kingdom
16324,128,3,428.68,3,3,2,332,8,48,142.89333333333335,22.828125,428.68,100,282,2.389830508474576,0.0,United Kingdom
16325,47,12,3597.5,4,5,5,455,14,688,299.7916666666667,6.370639534883721,3597.5000000000005,104,2464,17.855072463768117,0.07971014492753623,United Kingdom
16326,6,24,4732.04,5,5,5,555,15,674,197.16833333333332,13.00593471810089,4732.039999999999,243,1120,2.2626262626262625,0.8404040404040404,United Kingdom
16327,14,16,10536.08,5,5,5,555,15,711,658.505,8.219409282700422,10536.08,289,7724,8.156282998944034,0.2006335797254488,United Kingdom
16328,563,1,310.83,1,1,2,112,4,1,310.83,365.25,310.83,16,141,8.8125,0.0,United Kingdom
16329,428,4,1703.07,1,4,4,144,9,311,425.7675,4.697749196141479,1703.07,83,826,7.182608695652174,0.0,United Kingdom
16330,18,7,634.47,5,4,3,543,12,644,90.63857142857144,3.970108695652174,634.4700000000001,105,327,2.7711864406779663,0.0,United Kingdom
16331,432,6,2037.7,1,4,4,144,9,210,339.6166666666667,10.435714285714287,2037.7,33,756,22.235294117647058,0.7647058823529411,United Kingdom
16332,28,11,2010.48,4,5,4,454,13,561,182.7709090909091,7.161764705882353,2010.48,158,1132,5.688442211055277,0.10050251256281408,United Kingdom
16333,8,22,9170.64,5,5,5,555,15,302,416.8472727272727,26.607615894039736,9170.64,9,8712,193.6,0.0,United Kingdom
16334,492,1,277.48,1,1,1,111,3,1,277.48,365.25,277.48,54,211,3.6379310344827585,0.0,United Kingdom
16335,552,7,2771.1,1,4,4,144,9,184,395.87142857142857,13.89538043478261,2771.0999999999995,193,1016,2.7759562841530054,0.5,United Kingdom
16336,421,4,3517.69,1,4,5,145,10,211,879.4225,6.924170616113743,3517.6899999999996,64,1473,21.66176470588235,0.0,United Kingdom
16337,37,1,151.05,4,1,1,411,6,1,151.05,365.25,151.05,10,87,8.7,0.0,United Kingdom
16338,157,1,214.8,3,1,1,311,5,1,214.8,365.25,214.79999999999998,11,94,8.545454545454545,0.0,United Kingdom
16339,284,1,109.95,2,1,1,211,4,1,109.95,365.25,109.95,17,23,1.15,0.0,United Kingdom
16340,107,3,1526.06,3,3,4,334,10,444,508.68666666666667,2.4679054054054053,1526.06,277,1345,3.5676392572944295,0.5941644562334217,United Kingdom
16341,25,7,3850.79,4,4,5,445,13,584,550.1128571428571,4.377996575342466,3850.7899999999995,103,3022,19.126582278481013,0.18354430379746836,United Kingdom
16342,75,4,304.46,3,4,2,342,9,104,76.115,14.048076923076922,304.46,10,157,10.466666666666667,0.4,United Kingdom
16343,16,3,685.12,5,3,3,533,11,391,228.37333333333333,2.8024296675191813,685.12,54,422,4.906976744186046,0.0,United Kingdom
16344,158,4,842.42,3,4,3,343,10,510,210.605,2.864705882352941,842.42,43,706,15.347826086956522,0.5434782608695652,United Kingdom
16345,44,2,1134.74,4,2,3,423,9,438,567.37,1.667808219178082,1134.74,95,620,5.585585585585585,0.0,United Kingdom
16346,385,1,224.51,2,1,1,211,4,1,224.51,365.25,224.51,15,289,19.266666666666666,0.0,United Kingdom
16347,11,11,3495.41,5,5,5,555,15,626,317.76454545454544,6.418130990415336,3495.4100000000003,209,1750,4.943502824858757,0.0,United Kingdom
16348,32,8,1798.22,4,5,4,454,13,398,224.7775,7.341708542713568,1798.22,180,1178,4.428571428571429,0.0,United Kingdom
16349,291,1,53.5,2,1,1,211,4,1,53.5,365.25,53.5,9,9,1.0,0.0,United Kingdom
16350,21,9,2253.89,4,5,4,454,13,406,250.4322222222222,8.09667487684729,2253.8899999999994,72,1077,8.827868852459016,0.0,United Kingdom
16351,333,13,3330.03,2,5,5,255,12,402,256.15615384615387,11.811567164179104,3330.0300000000007,124,2165,11.577540106951872,0.0427807486631016,United Kingdom
16352,18,2,494.44,5,2,2,522,9,20,247.22,36.525,494.43999999999994,28,300,10.714285714285714,0.0,United Kingdom
16353,4,38,9999.460000000001,5,5,5,555,15,728,263.1436842105263,19.065247252747252,9999.46,76,3531,20.29310344827586,0.08620689655172414,United Kingdom
16354,63,5,1129.51,3,4,3,343,10,528,225.902,3.458806818181818,1129.51,116,599,4.21830985915493,0.0,United Kingdom
16355,375,1,416.35,2,1,2,212,5,1,416.35,365.25,416.34999999999997,47,179,3.7291666666666665,0.0,United Kingdom
16356,198,6,415.87,2,4,2,242,8,354,69.31166666666667,6.190677966101695,415.87,27,190,3.2203389830508473,0.4745762711864407,United Kingdom
16357,33,4,868.37,4,4,3,443,11,347,217.0925,4.210374639769452,868.37,43,389,8.27659574468085,0.46808510638297873,United Kingdom
16358,1,5,2919.65,5,4,5,545,14,393,583.9300000000001,4.646946564885496,2919.6500000000005,118,2065,13.409090909090908,0.0,United Kingdom
16359,7,16,2434.84,5,5,4,554,14,654,152.1775,8.935779816513762,2434.84,78,1748,13.984,0.344,United Kingdom
16360,5,6,3512.95,5,4,5,545,14,83,585.4916666666667,26.403614457831324,3512.95,365,2144,3.2386706948640485,0.22205438066465258,United Kingdom
16361,10,4,896.66,5,4,3,543,12,61,224.165,23.95081967213115,896.66,87,421,3.9716981132075473,0.16981132075471697,United Kingdom
16362,32,6,946.94,4,4,3,443,11,405,157.82333333333335,5.411111111111111,946.9400000000002,67,478,5.085106382978723,0.0,United Kingdom
16363,53,1,109.36000000000001,4,1,1,411,6,1,109.36000000000001,365.25,109.36000000000001,5,52,10.4,0.0,United Kingdom
16364,12,2,707.04,5,2,3,523,10,125,353.52,5.844,707.04,48,280,5.283018867924528,0.0,United Kingdom
16365,18,15,3299.4,5,5,5,555,15,710,219.96,7.716549295774648,3299.4000000000005,97,1135,8.73076923076923,0.0,United Kingdom
16366,19,4,1548.13,5,4,4,544,13,704,387.0325,2.075284090909091,1548.13,74,882,11.307692307692308,0.0,United Kingdom
16367,37,3,1372.8,4,3,4,434,11,345,457.59999999999997,3.176086956521739,1372.7999999999997,196,1117,4.877729257641922,0.5938864628820961,United Kingdom
16368,2,3,640.21,5,3,3,533,11,433,213.40333333333334,2.5306004618937643,640.21,74,317,3.2346938775510203,0.0,United Kingdom
16369,18,7,2664.81,5,4,4,544,13,592,380.6871428571429,4.31883445945946,2664.81,115,1594,9.376470588235295,0.0,United Kingdom
16370,82,4,1320.56,3,4,4,344,11,142,330.14,10.288732394366196,1320.56,143,647,2.837719298245614,0.5219298245614035,United Kingdom
16371,449,1,157.2,1,1,1,111,3,1,157.2,365.25,157.2,11,108,9.818181818181818,0.0,United Kingdom
16372,33,5,1328.61,4,4,4,444,12,573,265.722,3.18717277486911,1328.61,271,748,2.2462462462462462,0.35735735735735735,United Kingdom
16373,382,2,309.49,2,2,2,222,6,29,154.745,25.189655172413794,309.49,25,119,4.103448275862069,0.8620689655172413,United Kingdom
16374,66,5,1760.23,3,4,4,344,11,522,352.046,3.4985632183908044,1760.2299999999998,276,800,2.2346368715083798,0.0,United Kingdom
16375,470,2,104.0,1,2,1,121,4,1,52.0,730.5,104.0,11,74,5.6923076923076925,0.0,United Kingdom
16376,9,2,990.37,5,2,3,523,10,8,495.185,91.3125,990.37,104,694,5.552,0.0,United Kingdom
16377,267,2,564.4,2,2,2,222,6,350,282.2,2.087142857142857,564.4,6,1160,116.0,0.0,United Kingdom
16378,247,3,362.95,2,3,2,232,7,63,120.98333333333333,17.392857142857142,362.95,22,267,11.608695652173912,0.0,United Kingdom
16379,4,4,2157.4,5,4,4,544,13,74,539.35,19.743243243243242,2157.4,87,1410,13.055555555555555,0.0,United Kingdom
16380,61,1,1782.27,3,1,4,314,8,1,1782.27,365.25,1782.2700000000002,28,1524,47.625,1.0,United Kingdom
16381,396,2,258.7,2,2,1,221,5,22,129.35,33.20454545454545,258.7,60,112,1.7230769230769232,0.9538461538461539,United Kingdom
16382,408,2,329.2,2,2,2,222,6,142,164.6,5.144366197183098,329.2,42,167,3.7954545454545454,0.0,United Kingdom
16383,75,7,2974.84,3,4,5,345,12,598,424.9771428571429,4.275501672240803,2974.84,239,1620,3.875598086124402,0.0,United Kingdom
16384,90,4,1358.95,3,4,4,344,11,500,339.7375,2.922,1358.95,80,861,10.62962962962963,0.1111111111111111,United Kingdom
16385,60,5,1030.61,3,4,3,343,10,571,206.12199999999999,3.198336252189142,1030.61,94,549,4.007299270072993,0.0,United Kingdom
16386,29,3,1102.85,4,3,3,433,10,359,367.6166666666666,3.0522284122562673,1102.85,127,723,4.918367346938775,0.0,United Kingdom
16387,323,5,918.55,2,4,3,243,9,315,183.70999999999998,5.7976190476190474,918.55,68,457,4.760416666666667,0.7604166666666666,United Kingdom
16388,654,1,186.05,1,1,1,111,3,1,186.05,365.25,186.04999999999998,13,83,6.384615384615385,0.0,United Kingdom
16389,53,4,1362.47,4,4,4,444,12,229,340.6175,6.379912663755459,1362.47,33,866,25.470588235294116,0.0,United Kingdom
16390,537,3,467.5,1,3,2,132,6,142,155.83333333333334,7.716549295774647,467.5,16,122,5.809523809523809,0.47619047619047616,United Kingdom
16391,401,4,1103.61,2,4,3,243,9,161,275.9025,9.074534161490684,1103.61,261,748,2.2598187311178246,0.0,United Kingdom
16392,270,3,763.05,2,3,3,233,8,292,254.35,3.752568493150685,763.05,125,609,4.087248322147651,0.0,United Kingdom
16393,2,23,5561.66,5,5,5,555,15,736,241.81130434782608,11.414062500000002,5561.66,313,3132,3.984732824427481,0.07124681933842239,United Kingdom
16394,57,5,1538.54,4,4,4,444,12,232,307.70799999999997,7.8717672413793105,1538.54,61,2564,30.89156626506024,0.0,United Kingdom
16395,61,14,3540.89,3,5,5,355,13,673,252.92071428571427,7.598068350668648,3540.89,416,2919,4.511591962905719,0.12982998454404945,United Kingdom
16396,476,1,137.8,1,1,1,111,3,1,137.8,365.25,137.8,8,80,10.0,0.0,United Kingdom
16397,628,1,125.92999999999999,1,1,1,111,3,1,125.92999999999999,365.25,125.92999999999998,9,50,4.545454545454546,1.0,United Kingdom
16398,154,2,1683.85,3,2,4,324,9,99,841.925,7.378787878787878,1683.8499999999997,75,758,9.24390243902439,0.0,United Kingdom
16399,19,3,636.44,5,3,3,533,11,370,212.14666666666668,2.9614864864864865,636.44,97,456,4.035398230088496,0.37168141592920356,United Kingdom
16400,95,9,3157.49,3,5,5,355,13,636,350.8322222222222,5.168632075471698,3157.4899999999993,214,2159,7.683274021352313,0.12099644128113879,United Kingdom
16401,1,23,6849.15,5,5,5,555,15,554,297.7891304347826,15.163808664259928,6849.15,110,6035,16.62534435261708,0.34710743801652894,United Kingdom
16402,265,2,511.4,2,2,2,222,6,104,255.7,7.024038461538461,511.4,55,254,2.1709401709401708,1.0,United Kingdom
16403,312,1,177.5,2,1,1,211,4,1,177.5,365.25,177.5,10,114,11.4,0.0,United Kingdom
16404,70,1,443.05,3,1,2,312,6,1,443.05,365.25,443.05,23,157,6.826086956521739,0.0,United Kingdom
16405,302,2,167.25,2,2,1,221,5,7,83.625,104.35714285714286,167.25,3,187,37.4,0.0,United Kingdom
16406,19,3,553.33,5,3,2,532,10,635,184.44333333333336,1.7255905511811023,553.33,135,271,1.7044025157232705,0.0,United Kingdom
16407,13,14,2821.65,5,5,4,554,14,419,201.54642857142858,12.204057279236277,2821.65,120,1484,6.396551724137931,0.6551724137931034,United Kingdom
16408,591,1,231.93,1,1,1,111,3,1,231.93,365.25,231.92999999999998,45,227,5.044444444444444,0.0,United Kingdom
16409,36,12,5707.09,4,5,5,455,14,690,475.59083333333336,6.352173913043478,5707.09,335,3706,4.6852085967130215,0.2895069532237674,United Kingdom
16410,734,1,149.04,1,1,1,111,3,1,149.04,365.25,149.04,5,348,69.6,1.0,United Kingdom
16411,19,4,910.1899999999999,5,4,3,543,12,408,227.54749999999999,3.5808823529411766,910.1899999999999,139,543,2.6231884057971016,0.5265700483091788,United Kingdom
16412,54,5,647.23,4,4,3,443,11,619,129.446,2.9503231017770597,647.2299999999999,84,311,2.286764705882353,0.0,United Kingdom
16413,57,2,528.98,4,2,2,422,8,318,264.49,2.297169811320755,528.98,55,284,4.115942028985507,0.0,United Kingdom
16414,22,5,559.71,4,4,2,442,10,672,111.94200000000001,2.717633928571429,559.71,58,202,3.15625,0.078125,United Kingdom
16415,44,3,719.44,4,3,3,433,10,632,239.81333333333336,1.7337816455696202,719.44,120,527,3.253086419753086,0.0,United Kingdom
16416,27,9,2968.98,4,5,5,455,14,628,329.88666666666666,5.234474522292993,2968.98,146,2210,11.818181818181818,0.3850267379679144,United Kingdom
16417,493,1,35.7,1,1,1,111,3,1,35.7,365.25,35.7,1,6,6.0,0.0,United Kingdom
16418,45,5,1083.04,4,4,3,443,11,378,216.608,4.8313492063492065,1083.0400000000002,121,580,3.4319526627218937,0.0,United Kingdom
16419,113,8,1465.47,3,5,4,354,12,555,183.18375,5.264864864864864,1465.47,62,721,7.836956521739131,0.0,United Kingdom
16420,396,1,75.0,2,1,1,211,4,1,75.0,365.25,75.0,2,120,60.0,0.0,United Kingdom
16421,376,3,526.27,2,3,2,232,7,93,175.42333333333332,11.78225806451613,526.27,35,123,3.236842105263158,0.5,United Kingdom
16422,17,109,58065.9,5,5,5,555,15,679,532.7146788990826,58.63365243004419,58065.90000000001,111,49057,68.9002808988764,0.1348314606741573,United Kingdom
16423,25,1,346.12,4,1,2,412,7,1,346.12,365.25,346.12,18,230,12.777777777777779,0.0,United Kingdom
16424,191,2,443.06,2,2,2,222,6,191,221.53,3.8246073298429315,443.06,10,212,16.307692307692307,0.0,United Kingdom
16425,302,1,302.7,2,1,2,212,5,1,302.7,365.25,302.7,21,199,9.476190476190476,0.0,United Kingdom
16426,2,10,1908.25,5,5,4,554,14,273,190.825,13.37912087912088,1908.2499999999998,211,1243,3.3413978494623655,0.0,United Kingdom
16427,263,2,241.06,2,2,1,221,5,21,120.53,34.785714285714285,241.06,8,156,17.333333333333332,0.0,United Kingdom
16428,414,3,661.96,1,3,3,133,7,84,220.65333333333334,13.044642857142858,661.96,121,595,4.375,0.0,United Kingdom
16429,106,1,148.95,3,1,1,311,5,1,148.95,365.25,148.95,2,9,4.5,0.0,United Kingdom
16430,57,7,1117.94,4,4,3,443,11,624,159.7057142857143,4.097355769230769,1117.94,19,307,10.964285714285714,0.32142857142857145,United Kingdom
16431,213,3,642.81,2,3,3,233,8,84,214.26999999999998,13.044642857142858,642.81,51,453,5.457831325301205,0.0,United Kingdom
16432,64,1,287.40000000000003,3,1,2,312,6,1,287.40000000000003,365.25,287.40000000000003,8,276,34.5,0.0,United Kingdom
16433,28,2,384.52,4,2,2,422,8,380,192.26,1.9223684210526317,384.52,33,214,6.294117647058823,0.0,United Kingdom
16434,29,12,2746.24,4,5,4,454,13,661,228.85333333333332,6.630862329803328,2746.2400000000002,126,1338,7.1550802139037435,0.7700534759358288,United Kingdom
16435,512,3,1017.63,1,3,3,133,7,2,339.21,547.875,1017.63,119,609,4.833333333333333,0.0,United Kingdom
16436,668,3,329.34,1,3,2,132,6,64,109.77999999999999,17.12109375,329.34,37,239,5.829268292682927,0.36585365853658536,United Kingdom
16437,381,2,301.25,2,2,2,222,6,48,150.625,15.21875,301.25,17,197,9.380952380952381,0.0,United Kingdom
16438,6,5,798.35,5,4,3,543,12,76,159.67000000000002,24.029605263157894,798.3500000000001,74,463,3.507575757575758,0.6212121212121212,United Kingdom
16439,722,1,310.70000000000005,1,1,2,112,4,1,310.70000000000005,365.25,310.70000000000005,9,74,8.222222222222221,0.0,United Kingdom
16440,8,6,3856.97,5,4,5,545,14,486,642.8283333333333,4.5092592592592595,3856.9699999999993,202,2108,6.866449511400652,0.0,United Kingdom
16441,67,5,1034.43,3,4,3,343,10,559,206.88600000000002,3.266994633273703,1034.4300000000003,67,484,5.627906976744186,0.0,United Kingdom
16442,2,5,899.6899999999999,5,4,3,543,12,725,179.938,2.518965517241379,899.6899999999998,226,583,2.332,0.148,United Kingdom
16443,521,1,162.24,1,1,1,111,3,1,162.24,365.25,162.24,1,96,96.0,0.0,United Kingdom
16444,46,17,3657.42,4,5,5,455,14,578,215.14235294117648,10.742647058823529,3657.42,217,1959,5.210106382978723,0.5957446808510638,United Kingdom
16445,34,4,602.73,4,4,2,442,10,377,150.6825,3.875331564986737,602.73,143,299,1.5572916666666667,0.6614583333333334,United Kingdom
16446,1,2,418.9,5,2,2,522,9,204,209.45,3.5808823529411766,418.8999999999999,3,202,67.33333333333333,0.0,United Kingdom
16447,136,3,775.14,3,3,3,333,9,524,258.38,2.0911259541984735,775.1400000000001,59,323,4.424657534246576,0.0,United Kingdom
16448,198,2,367.92,2,2,2,222,6,272,183.96,2.6856617647058822,367.92,45,179,3.4423076923076925,0.0,United Kingdom
16449,198,2,707.69,2,2,3,223,7,82,353.845,8.908536585365853,707.69,40,367,9.175,0.0,United Kingdom
16450,150,3,1505.73,3,3,4,334,10,506,501.91,2.1655138339920947,1505.7299999999998,36,681,15.837209302325581,0.32558139534883723,United Kingdom
16451,88,3,1013.15,3,3,3,333,9,647,337.71666666666664,1.6935857805255023,1013.15,61,524,8.061538461538461,0.0,United Kingdom
16452,631,2,332.17,1,2,2,122,5,63,166.085,11.595238095238095,332.17,14,199,11.055555555555555,0.0,United Kingdom
16453,531,2,251.71,1,2,1,121,4,17,125.855,42.970588235294116,251.71,15,139,9.266666666666667,0.3333333333333333,United Kingdom
16454,45,4,30.950000000000003,4,4,1,441,9,566,7.737500000000001,2.581272084805654,30.950000000000003,4,9,2.25,0.0,United Kingdom
16455,64,11,4328.93,3,5,5,355,13,556,393.53909090909093,7.226169064748201,4328.93,111,2839,12.617777777777778,0.06666666666666667,United Kingdom
16456,99,13,6862.91,3,5,5,355,13,521,527.9161538461539,9.113723608445298,6862.910000000001,226,3725,8.975903614457831,0.36626506024096384,United Kingdom
16457,218,1,208.36,2,1,1,211,4,1,208.36,365.25,208.36,9,140,15.555555555555555,0.0,United Kingdom
16458,3,30,5715.34,5,5,5,555,15,559,190.51133333333334,19.601967799642217,5715.34,91,3406,8.89295039164491,0.05483028720626632,United Kingdom
16459,730,1,71.78999999999999,1,1,1,111,3,1,71.78999999999999,365.25,71.78999999999999,5,59,11.8,0.0,United Kingdom
16460,28,3,831.36,4,3,3,433,10,53,277.12,20.67452830188679,831.36,128,879,6.511111111111111,0.0,United Kingdom
16461,178,3,1615.22,3,3,4,334,10,468,538.4066666666666,2.341346153846154,1615.22,223,1039,3.862453531598513,0.0,United Kingdom
16462,74,3,136.0,3,3,1,331,7,210,45.333333333333336,5.217857142857143,136.0,1,16,5.333333333333333,0.0,United Kingdom
16463,21,4,1432.8,4,4,4,444,12,182,358.2,8.027472527472527,1432.8,74,1163,14.182926829268293,0.0,United Kingdom
16464,20,3,1316.13,4,3,4,434,11,122,438.71000000000004,8.981557377049182,1316.1300000000003,152,963,4.080508474576271,0.23728813559322035,United Kingdom
16465,421,2,746.24,1,2,3,123,6,23,373.12,31.760869565217394,746.24,45,504,10.5,0.0,United Kingdom
16466,34,15,3731.59,4,5,5,455,14,608,248.77266666666668,9.01110197368421,3731.5900000000006,207,1806,5.16,0.9771428571428571,United Kingdom
16467,509,7,2169.52,1,4,4,144,9,228,309.93142857142857,11.213815789473683,2169.52,14,2700,112.5,0.0,United Kingdom
16468,74,3,787.52,3,3,3,333,9,407,262.50666666666666,2.6922604422604426,787.52,38,371,8.244444444444444,0.24444444444444444,United Kingdom
16469,24,5,828.96,4,4,3,443,11,490,165.792,3.7270408163265305,828.96,167,345,1.6829268292682926,0.0,United Kingdom
16470,52,11,2459.38,4,5,4,454,13,676,223.58,5.943417159763314,2459.3800000000006,286,1357,2.8095238095238093,0.0,United Kingdom
16471,275,4,1189.98,2,4,3,243,9,377,297.495,3.875331564986737,1189.9799999999998,48,670,10.806451612903226,0.0,United Kingdom
16472,434,2,727.65,1,2,3,123,6,163,363.825,4.4815950920245395,727.65,39,252,6.461538461538462,0.0,United Kingdom
16473,165,4,470.83,3,4,2,342,9,209,117.7075,6.990430622009569,470.83,26,296,10.571428571428571,0.0,United Kingdom
16474,7,7,1872.28,5,4,4,544,13,137,267.4685714285714,18.662408759124087,1872.28,237,943,2.6194444444444445,0.3611111111111111,United Kingdom
16475,88,4,477.3,3,4,2,342,9,185,119.325,7.897297297297297,477.30000000000007,23,319,11.392857142857142,0.0,United Kingdom
16476,432,1,350.35,1,1,2,112,4,1,350.35,365.25,350.35,24,187,7.791666666666667,0.0,United Kingdom
16477,64,11,4321.22,3,5,5,355,13,421,392.83818181818185,9.543349168646081,4321.22,177,2632,10.123076923076923,0.09230769230769231,United Kingdom
16478,25,3,331.0,4,3,2,432,9,40,110.33333333333333,27.39375,331.0,15,224,13.176470588235293,0.0,United Kingdom
16479,10,2,300.83,5,2,2,522,9,1,150.415,730.5,300.83,35,102,2.914285714285714,0.0,United Kingdom
16480,76,1,769.29,3,1,3,313,7,1,769.29,365.25,769.29,51,455,8.584905660377359,1.0,United Kingdom
16481,682,1,453.38,1,1,2,112,4,1,453.38,365.25,453.38000000000005,16,201,12.5625,0.0,United Kingdom
16482,16,1,220.62,5,1,1,511,7,1,220.62,365.25,220.62,18,346,19.22222222222222,0.0,United Kingdom
16483,192,1,139.35,2,1,1,211,4,1,139.35,365.25,139.35,19,44,2.3157894736842106,0.0,United Kingdom
16484,174,2,404.3,3,2,2,322,7,17,202.15,42.970588235294116,404.30000000000007,25,200,8.0,0.28,United Kingdom
16485,77,5,2294.68,3,4,4,344,11,656,458.936,2.783917682926829,2294.68,126,1154,7.958620689655173,0.7103448275862069,United Kingdom
16486,538,1,134.36,1,1,1,111,3,1,134.36,365.25,134.36,7,24,3.4285714285714284,1.0,United Kingdom
16487,577,2,209.4,1,2,1,121,4,81,104.7,9.018518518518517,209.4,28,163,4.6571428571428575,0.0,United Kingdom
16488,33,3,496.98,4,3,2,432,9,115,165.66,9.528260869565218,496.97999999999996,28,728,25.103448275862068,0.2413793103448276,United Kingdom
16489,380,2,303.7,2,2,2,222,6,55,151.85,13.281818181818183,303.7,4,38,6.333333333333333,0.0,United Kingdom
16490,436,1,205.41000000000003,1,1,1,111,3,1,205.41000000000003,365.25,205.41,13,113,8.692307692307692,0.0,United Kingdom
16491,47,2,1533.16,4,2,4,424,10,366,766.58,1.9959016393442623,1533.16,86,1060,12.183908045977011,0.0,United Kingdom
16492,541,1,385.56,1,1,2,112,4,1,385.56,365.25,385.56,23,235,10.217391304347826,0.0,United Kingdom
16493,80,7,2132.09,3,4,4,344,11,543,304.5842857142857,4.708563535911602,2132.09,77,1988,17.90990990990991,0.25225225225225223,United Kingdom
16494,297,1,826.53,2,1,3,213,6,1,826.53,365.25,826.5300000000001,47,675,13.5,0.0,United Kingdom
16495,3,3,684.41,5,3,3,533,11,272,228.13666666666666,4.028492647058823,684.41,78,337,3.4742268041237114,0.0,United Kingdom
16496,9,6,2330.77,5,4,4,544,13,500,388.46166666666664,4.383,2330.77,120,1764,12.782608695652174,0.21014492753623187,United Kingdom
16497,50,23,6693.33,4,5,5,455,14,686,291.014347826087,12.245991253644315,6693.33,239,3050,9.050445103857566,0.050445103857566766,United Kingdom
16498,161,2,100.97,3,2,1,321,6,1,50.485,730.5,100.97000000000001,15,45,3.0,0.0,United Kingdom
16499,360,8,2578.34,2,5,4,254,11,186,322.2925,15.709677419354838,2578.34,104,1364,9.472222222222221,0.0,United Kingdom
16500,5,9,696.9100000000001,5,5,3,553,13,538,77.43444444444445,6.110130111524164,696.9100000000002,24,386,11.352941176470589,0.0,United Kingdom
16501,383,1,1237.23,2,1,4,214,7,1,1237.23,365.25,1237.23,181,642,3.101449275362319,1.0,United Kingdom
16502,620,2,254.55,1,2,1,121,4,1,127.275,730.5,254.54999999999998,41,251,5.837209302325581,0.0,United Kingdom
16503,107,11,3610.39,3,5,5,355,13,429,328.2172727272727,9.365384615384615,3610.39,161,1535,7.206572769953052,0.0,United Kingdom
16504,25,1,486.06,4,1,2,412,7,1,486.06,365.25,486.06,76,524,6.093023255813954,0.0,United Kingdom
16505,32,1,777.6,4,1,3,413,8,1,777.6,365.25,777.6,4,576,144.0,0.0,United Kingdom
16506,20,2,90.30000000000001,4,2,1,421,7,20,45.150000000000006,36.525,90.30000000000001,3,42,14.0,1.0,United Kingdom
16507,572,1,152.76,1,1,1,111,3,1,152.76,365.25,152.76,37,116,2.697674418604651,1.0,United Kingdom
16508,630,1,248.8,1,1,1,111,3,1,248.8,365.25,248.79999999999998,42,106,2.3555555555555556,0.0,United Kingdom
16509,297,1,363.70000000000005,2,1,2,212,5,1,363.70000000000005,365.25,363.70000000000005,13,64,4.923076923076923,0.0,United Kingdom
16510,372,6,2096.1,2,4,4,244,10,319,349.34999999999997,6.869905956112853,2096.1,94,1076,8.213740458015268,0.6030534351145038,United Kingdom
16511,22,6,1819.02,4,4,4,444,12,626,303.17,3.5007987220447285,1819.02,235,787,2.459375,0.165625,United Kingdom
16513,5,4,874.59,5,4,3,543,12,38,218.6475,38.44736842105263,874.5900000000001,33,407,11.628571428571428,0.8571428571428571,United Kingdom
16515,52,10,3214.35,4,5,5,455,14,488,321.435,7.484631147540984,3214.35,184,1601,6.670833333333333,0.0,United Kingdom
16516,30,1,101.69999999999999,4,1,1,411,6,1,101.69999999999999,365.25,101.69999999999999,6,58,9.666666666666666,0.0,United Kingdom
16517,277,1,162.70000000000002,2,1,1,211,4,1,162.70000000000002,365.25,162.70000000000002,17,96,5.647058823529412,0.0,United Kingdom
16518,61,4,959.37,3,4,3,343,10,495,239.8425,2.951515151515151,959.37,61,524,7.705882352941177,0.4264705882352941,United Kingdom
16519,25,4,556.26,4,4,2,442,10,623,139.065,2.345104333868379,556.26,32,176,4.190476190476191,0.0,United Kingdom
16520,186,6,2482.62,3,4,4,344,11,460,413.77,4.764130434782609,2482.62,251,1266,3.0506024096385542,0.0,United Kingdom
16521,415,3,1148.01,1,3,3,133,7,232,382.67,4.723060344827586,1148.01,212,1016,4.2510460251046025,0.0,United Kingdom
16522,436,2,432.41,1,2,2,122,5,14,216.205,52.17857142857143,432.41,16,212,11.777777777777779,0.0,United Kingdom
16523,2,28,11916.33,5,5,5,555,15,682,425.5832142857143,14.995601173020527,11916.33,180,4979,13.420485175202156,0.14824797843665768,United Kingdom
16524,446,2,308.14,1,2,2,122,5,245,154.07,2.9816326530612245,308.14,50,260,4.814814814814815,1.0,United Kingdom
16525,2,48,24212.45,5,5,5,555,15,735,504.42604166666666,23.853061224489796,24212.449999999997,115,13794,37.895604395604394,0.14560439560439561,United Kingdom
16526,172,2,713.3100000000001,3,2,3,323,8,412,356.65500000000003,1.7730582524271845,713.3100000000002,30,279,7.9714285714285715,0.0,United Kingdom
16527,81,2,1272.44,3,2,4,324,9,343,636.22,2.129737609329446,1272.44,66,726,9.428571428571429,0.0,United Kingdom
16528,4,1,244.41,5,1,1,511,7,1,244.41,365.25,244.41,17,171,10.058823529411764,0.0,United Kingdom
16529,190,4,2012.0,2,4,4,244,10,340,503.0,4.297058823529412,2011.9999999999998,87,751,5.821705426356589,0.14728682170542637,United Kingdom
16530,668,1,48.35,1,1,1,111,3,1,48.35,365.25,48.35,3,17,5.666666666666667,0.0,United Kingdom
16531,22,11,2317.13,4,5,4,454,13,419,210.64818181818183,9.58890214797136,2317.13,109,1863,13.5,0.0,United Kingdom
16532,18,5,4300.0,5,4,5,545,14,603,860.0,3.0286069651741294,4300.0,2,1200,200.0,0.0,United Kingdom
16533,19,3,1095.56,5,3,3,533,11,48,365.18666666666667,22.828125,1095.56,112,612,3.457627118644068,1.0,United Kingdom
16534,642,1,613.95,1,1,3,113,5,1,613.95,365.25,613.95,36,168,4.666666666666667,1.0,United Kingdom
16535,5,3,999.59,5,3,3,533,11,674,333.19666666666666,1.6257418397626113,999.5899999999999,67,685,9.013157894736842,0.40789473684210525,United Kingdom
16536,110,1,548.97,3,1,2,312,6,1,548.97,365.25,548.97,49,251,4.5636363636363635,1.0,United Kingdom
16537,641,1,23.35,1,1,1,111,3,1,23.35,365.25,23.349999999999998,3,59,14.75,0.0,United Kingdom
16538,541,3,399.62,1,3,2,132,6,54,133.20666666666668,20.291666666666668,399.62000000000006,35,257,5.976744186046512,0.0,United Kingdom
16539,3,10,3585.01,5,5,5,555,15,529,358.50100000000003,6.904536862003781,3585.01,83,1315,8.651315789473685,0.15789473684210525,United Kingdom
16540,414,1,226.70000000000002,1,1,1,111,3,1,226.70000000000002,365.25,226.70000000000002,25,114,3.081081081081081,0.0,United Kingdom
16541,735,1,420.13,1,1,2,112,4,1,420.13,365.25,420.13000000000005,38,173,4.552631578947368,0.0,United Kingdom
16542,54,2,257.32,4,2,1,421,7,347,128.66,2.105187319884726,257.32,13,142,10.142857142857142,0.0,United Kingdom
16543,592,1,292.21,1,1,2,112,4,1,292.21,365.25,292.21,18,317,17.61111111111111,0.0,United Kingdom
16544,520,4,376.70000000000005,1,4,2,142,7,142,94.17500000000001,10.288732394366196,376.70000000000005,8,150,13.636363636363637,0.0,United Kingdom
16545,165,2,689.8199999999999,3,2,3,323,8,210,344.90999999999997,3.4785714285714286,689.8199999999999,6,322,40.25,0.0,United Kingdom
16546,291,5,5615.67,2,4,5,245,11,151,1123.134,12.094370860927151,5615.67,75,4279,45.52127659574468,0.0,United Kingdom
16547,546,1,111.71,1,1,1,111,3,1,111.71,365.25,111.71,25,113,4.185185185185185,0.0,United Kingdom
16548,599,1,30.15,1,1,1,111,3,1,30.15,365.25,30.150000000000002,6,6,1.0,0.0,United Kingdom
16549,10,34,13183.64,5,5,5,555,15,610,387.7541176470588,20.358196721311476,13183.640000000001,836,7278,2.2393846153846155,0.38646153846153847,United Kingdom
16550,109,18,9412.88,3,5,5,355,13,628,522.9377777777777,10.468949044585987,9412.88,274,5727,7.044280442804428,0.0,United Kingdom
16551,96,7,2238.32,3,4,4,344,11,630,319.76000000000005,4.058333333333334,2238.3200000000006,67,2076,23.59090909090909,0.17045454545454544,United Kingdom
16552,243,2,475.02,2,2,2,222,6,130,237.51,5.61923076923077,475.02000000000004,17,258,11.727272727272727,0.0,United Kingdom
16553,163,33,16041.37,3,5,5,355,13,502,486.10212121212123,24.010458167330675,16041.37,195,14683,50.11262798634812,0.13310580204778158,United Kingdom
16554,42,8,2841.7200000000003,4,5,4,454,13,682,355.21500000000003,4.284457478005865,2841.7200000000003,108,1346,8.059880239520957,0.11976047904191617,United Kingdom
16555,35,6,1915.68,4,4,4,444,12,470,319.28000000000003,4.662765957446808,1915.68,59,1816,27.515151515151516,0.0,United Kingdom
16556,67,17,7722.88,3,5,5,355,13,666,454.28705882352943,9.323198198198199,7722.88,280,4353,9.031120331950207,0.0912863070539419,United Kingdom
16557,24,2,281.85,4,2,2,422,8,113,140.925,6.464601769911504,281.85,11,111,10.090909090909092,0.0,United Kingdom
16558,1,38,13865.61,5,5,5,555,15,735,364.88447368421055,18.883673469387755,13865.609999999999,383,8088,10.36923076923077,0.16153846153846155,United Kingdom
16559,397,1,185.20000000000002,2,1,1,211,4,1,185.20000000000002,365.25,185.20000000000002,17,73,4.055555555555555,1.0,United Kingdom
16560,27,8,3023.43,4,5,5,455,14,704,377.92875,4.150568181818182,3023.43,140,1603,8.095959595959595,0.398989898989899,United Kingdom
16561,6,2,511.12,5,2,2,522,9,54,255.56,13.527777777777779,511.12,29,244,7.870967741935484,0.4838709677419355,United Kingdom
16562,477,1,223.86,1,1,1,111,3,1,223.86,365.25,223.86,34,264,7.764705882352941,0.0,United Kingdom
16563,54,6,4422.76,4,4,5,445,13,684,737.1266666666667,3.2039473684210527,4422.76,55,2596,28.844444444444445,0.1,United Kingdom
16564,569,1,87.80000000000001,1,1,1,111,3,1,87.80000000000001,365.25,87.80000000000001,5,40,8.0,0.0,United Kingdom
16565,364,4,773.05,2,4,3,243,9,191,193.2625,7.649214659685863,773.05,7,211,19.181818181818183,0.0,United Kingdom
16566,15,5,614.66,5,4,3,543,12,277,122.93199999999999,6.592960288808665,614.66,14,362,20.11111111111111,0.1111111111111111,United Kingdom
16567,194,2,836.72,2,2,3,223,7,142,418.36,5.144366197183098,836.72,34,920,26.285714285714285,0.2571428571428571,United Kingdom
16568,428,2,779.2,1,2,3,123,6,213,389.6,3.4295774647887325,779.2,5,278,55.6,0.0,United Kingdom
16569,3,5,1455.23,5,4,4,544,13,720,291.046,2.5364583333333335,1455.23,27,988,28.228571428571428,0.0,United Kingdom
16570,15,20,7157.31,5,5,5,555,15,604,357.8655,12.094370860927151,7157.3099999999995,114,4292,17.809128630705395,0.0,United Kingdom
16571,27,10,4254.98,4,5,5,455,14,605,425.49799999999993,6.037190082644628,4254.98,151,3703,14.52156862745098,0.10980392156862745,United Kingdom
16572,127,3,991.65,3,3,3,333,9,148,330.55,7.403716216216217,991.6500000000002,40,532,9.333333333333334,0.0,United Kingdom
16573,85,2,663.61,3,2,3,323,8,205,331.805,3.563414634146341,663.61,40,360,8.571428571428571,0.0,United Kingdom
16574,71,3,1301.78,3,3,4,334,10,587,433.9266666666667,1.866695059625213,1301.78,86,1002,11.651162790697674,0.0,United Kingdom
16576,420,2,540.87,1,2,2,122,5,101,270.435,7.232673267326732,540.87,32,323,9.787878787878787,0.0,United Kingdom
16577,667,1,380.0,1,1,2,112,4,1,380.0,365.25,380.0,23,142,6.173913043478261,0.0,United Kingdom
16578,626,1,156.6,1,1,1,111,3,1,156.6,365.25,156.6,9,108,12.0,0.0,United Kingdom
16579,426,1,288.1,1,1,2,112,4,1,288.1,365.25,288.1,14,119,8.5,1.0,United Kingdom
16581,183,1,105.84,3,1,1,311,5,1,105.84,365.25,105.83999999999999,9,134,14.88888888888889,0.0,United Kingdom
16582,113,1,313.62,3,1,2,312,6,1,313.62,365.25,313.62,6,164,27.333333333333332,0.0,United Kingdom
16583,374,2,531.4,2,2,2,222,6,299,265.7,2.44314381270903,531.4,18,264,8.25,0.0,United Kingdom
16584,80,5,3142.67,3,4,5,345,12,581,628.534,3.1432874354561102,3142.6699999999996,61,1869,22.518072289156628,0.18072289156626506,United Kingdom
16585,594,2,341.59000000000003,1,2,2,122,5,101,170.79500000000002,7.232673267326732,341.59000000000003,16,151,8.38888888888889,0.7222222222222222,United Kingdom
16586,249,3,1462.78,2,3,4,234,9,386,487.5933333333333,2.8387305699481864,1462.7799999999997,27,348,12.428571428571429,0.21428571428571427,United Kingdom
16587,232,1,218.2,2,1,1,211,4,1,218.2,365.25,218.20000000000002,13,71,5.461538461538462,0.0,United Kingdom
16588,386,4,1362.96,2,4,4,244,10,188,340.74,7.7712765957446805,1362.96,64,882,12.422535211267606,0.0,United Kingdom
16589,71,4,612.36,3,4,3,343,10,378,153.09,3.865079365079365,612.36,39,536,12.181818181818182,0.0,United Kingdom
16590,401,2,605.9,2,2,3,223,7,13,302.95,56.192307692307686,605.9,26,240,8.275862068965518,0.0,United Kingdom
16591,69,1,213.5,3,1,1,311,5,1,213.5,365.25,213.5,10,41,4.1,1.0,United Kingdom
16592,4,28,7807.91,5,5,5,555,15,716,278.8539285714286,14.283519553072626,7807.910000000001,221,5504,12.85981308411215,0.1308411214953271,United Kingdom
16593,51,8,1071.14,4,5,3,453,12,684,133.8925,4.271929824561403,1071.14,57,377,4.833333333333333,0.6666666666666666,United Kingdom
16594,75,1,181.09,3,1,1,311,5,1,181.09,365.25,181.09,53,64,1.2075471698113207,1.0,United Kingdom
16595,61,5,1812.27,3,4,4,344,11,630,362.454,2.8988095238095237,1812.27,337,1378,2.9071729957805905,0.8291139240506329,United Kingdom
16596,16,4,579.63,5,4,2,542,11,713,144.9075,2.0490883590462836,579.6300000000001,23,227,7.566666666666666,0.0,United Kingdom
16597,4,1,90.04,5,1,1,511,7,1,90.04,365.25,90.04,7,184,26.285714285714285,0.0,United Kingdom
16598,286,1,145.05,2,1,1,211,4,1,145.05,365.25,145.05,10,73,7.3,1.0,United Kingdom
16599,386,1,172.8,2,1,1,211,4,1,172.8,365.25,172.8,12,159,13.25,0.0,United Kingdom
16600,4,13,2159.41,5,5,4,554,14,717,166.10846153846154,6.622384937238493,2159.4100000000003,106,2420,16.923076923076923,0.06993006993006994,United Kingdom
16601,41,3,684.25,4,3,3,433,10,582,228.08333333333334,1.8827319587628866,684.25,60,395,5.486111111111111,0.9722222222222222,United Kingdom
16602,36,2,763.33,4,2,3,423,9,352,381.665,2.075284090909091,763.3299999999999,37,429,10.725,0.0,United Kingdom
16603,75,2,499.15,3,2,2,322,7,16,249.575,45.65625,499.15000000000003,34,480,14.117647058823529,0.0,United Kingdom
16604,563,2,432.45000000000005,1,2,2,122,5,5,216.22500000000002,146.1,432.45000000000005,10,175,14.583333333333334,0.0,United Kingdom
16605,724,1,60.48,1,1,1,111,3,1,60.48,365.25,60.48,1,144,144.0,0.0,United Kingdom
16606,404,2,357.66,2,2,2,222,6,30,178.83,24.35,357.66,16,148,6.7272727272727275,0.2727272727272727,United Kingdom
16607,18,25,5256.09,5,5,5,555,15,571,210.24360000000001,15.99168126094571,5256.09,212,4420,14.832214765100671,0.0,United Kingdom
16608,454,2,1259.82,1,2,4,124,7,209,629.91,3.4952153110047846,1259.82,94,613,5.024590163934426,1.0,United Kingdom
16609,15,7,5493.46,5,4,5,545,14,237,784.78,10.787974683544304,5493.46,155,2420,8.768115942028986,0.0,United Kingdom
16610,219,1,75.66,2,1,1,211,4,1,75.66,365.25,75.66,6,66,11.0,0.0,United Kingdom
16611,186,6,1723.18,3,4,4,344,11,452,287.19666666666666,4.8484513274336285,1723.1799999999998,86,874,7.945454545454545,0.2545454545454545,United Kingdom
16612,33,9,3245.4300000000003,4,5,5,455,14,703,360.60333333333335,4.676031294452347,3245.4300000000003,105,1419,8.497005988023952,0.11976047904191617,United Kingdom
16613,70,1,618.59,3,1,3,313,7,1,618.59,365.25,618.59,30,293,9.766666666666667,0.0,United Kingdom
16614,183,3,1179.79,3,3,3,333,9,395,393.2633333333333,2.7740506329113925,1179.79,37,349,7.122448979591836,0.0,United Kingdom
16615,626,1,291.5,1,1,2,112,4,1,291.5,365.25,291.5,19,211,11.105263157894736,0.0,United Kingdom
16616,15,2,456.52000000000004,5,2,2,522,9,142,228.26000000000002,5.144366197183098,456.52,31,370,11.212121212121213,0.0,United Kingdom
16617,236,1,151.85,2,1,1,211,4,1,151.85,365.25,151.85,5,91,18.2,0.0,United Kingdom
16618,31,5,2647.59,4,4,4,444,12,291,529.518,6.275773195876289,2647.59,79,1363,14.197916666666666,0.0,United Kingdom
16619,264,4,1934.43,2,4,4,244,10,391,483.6075,3.7365728900255752,1934.43,103,1055,9.094827586206897,0.16379310344827586,United Kingdom
16620,4,6,1758.93,5,4,4,544,13,734,293.15500000000003,2.9856948228882834,1758.93,78,1146,12.191489361702128,0.0,United Kingdom
16621,52,4,813.48,4,4,3,443,11,226,203.37,6.464601769911504,813.48,22,302,10.413793103448276,0.41379310344827586,United Kingdom
16622,544,1,225.4,1,1,1,111,3,1,225.4,365.25,225.4,12,44,3.6666666666666665,0.0,United Kingdom
16623,246,4,1015.24,2,4,3,243,9,346,253.81,4.222543352601156,1015.2400000000001,44,442,8.666666666666666,0.0,United Kingdom
16624,81,2,810.57,3,2,3,323,8,116,405.285,6.297413793103448,810.5700000000002,44,488,10.166666666666666,0.0,United Kingdom
16625,275,5,1654.03,2,4,4,244,10,269,330.806,6.7890334572490705,1654.0299999999997,82,1057,10.676767676767676,0.0,United Kingdom
16626,1,17,4268.0,5,5,5,555,15,265,251.05882352941177,23.431132075471698,4268.0,86,2602,14.53631284916201,0.11173184357541899,United Kingdom
16627,79,1,322.8,3,1,2,312,6,1,322.8,365.25,322.8,20,162,8.1,0.0,United Kingdom
16628,30,7,2318.1,4,4,4,444,12,612,331.15714285714284,4.177696078431373,2318.1,84,1260,10.08,0.0,United Kingdom
16629,74,2,434.41,3,2,2,322,7,22,217.205,33.20454545454545,434.41,58,493,7.703125,0.78125,United Kingdom
16630,407,1,106.80000000000001,2,1,1,211,4,1,106.80000000000001,365.25,106.80000000000001,4,72,18.0,0.0,United Kingdom
16631,482,7,1892.52,1,4,4,144,9,170,270.36,15.039705882352942,1892.52,46,775,9.6875,0.1375,United Kingdom
16632,486,2,406.4,1,2,2,122,5,95,203.2,7.689473684210527,406.4,22,256,9.481481481481481,0.0,United Kingdom
16633,17,6,2881.15,5,4,5,545,14,216,480.19166666666666,10.145833333333334,2881.15,115,1138,7.4868421052631575,0.09868421052631579,United Kingdom
16634,223,6,1770.7,2,4,4,244,10,465,295.1166666666667,4.712903225806452,1770.7,72,1145,12.582417582417582,0.01098901098901099,United Kingdom
16635,407,1,473.0,2,1,2,212,5,1,473.0,365.25,473.0,25,277,11.08,0.0,United Kingdom
16636,438,4,3802.04,1,4,5,145,10,207,950.51,7.057971014492754,3802.04,62,2186,29.945205479452056,0.0,United Kingdom
16637,32,4,1100.62,4,4,3,443,11,193,275.155,7.569948186528498,1100.62,66,927,13.434782608695652,0.0,United Kingdom
16638,23,15,2346.63,4,5,4,454,13,455,156.442,12.04120879120879,2346.63,130,1651,11.792857142857143,0.07857142857142857,United Kingdom
16639,31,4,1747.98,4,4,4,444,12,377,436.995,3.875331564986737,1747.98,76,751,9.271604938271604,0.0,United Kingdom
16640,398,1,179.4,2,1,1,211,4,1,179.4,365.25,179.4,13,146,11.23076923076923,1.0,United Kingdom
16641,106,2,554.5,3,2,2,322,7,596,277.25,1.2256711409395973,554.5,36,454,12.61111111111111,0.0,United Kingdom
16642,5,3,1077.45,5,3,3,533,11,410,359.15000000000003,2.672560975609756,1077.45,50,775,14.351851851851851,0.0,United Kingdom
16643,246,2,923.11,2,2,3,223,7,176,461.555,4.150568181818182,923.1099999999999,48,553,10.054545454545455,0.0,United Kingdom
16644,178,2,833.78,3,2,3,323,8,34,416.89,21.485294117647058,833.78,62,826,13.32258064516129,0.0,United Kingdom
16645,736,1,160.39,1,1,1,111,3,1,160.39,365.25,160.39,14,117,8.357142857142858,0.0,United Kingdom
16646,449,1,678.8,1,1,3,113,5,1,678.8,365.25,678.8,29,1072,36.96551724137931,0.0,United Kingdom
16647,170,4,541.9,3,4,2,342,9,374,135.475,3.9064171122994655,541.9,28,396,12.0,0.24242424242424243,United Kingdom
16648,43,3,672.8,4,3,3,433,10,547,224.26666666666665,2.003199268738574,672.8,37,503,13.594594594594595,0.0,United Kingdom
16649,520,1,304.63,1,1,2,112,4,1,304.63,365.25,304.63,20,82,4.1,0.0,United Kingdom
16650,72,7,1916.11,3,4,4,344,11,447,273.72999999999996,5.719798657718121,1916.1099999999997,71,1511,15.418367346938776,0.0,United Kingdom
16651,587,1,136.2,1,1,1,111,3,1,136.2,365.25,136.2,6,60,10.0,1.0,United Kingdom
16652,59,16,17501.75,4,5,5,455,14,573,1093.859375,10.198952879581153,17501.75,124,7373,26.810909090909092,0.05818181818181818,United Kingdom
16653,16,2,1212.66,5,2,4,524,11,55,606.33,13.281818181818183,1212.66,67,733,10.623188405797102,0.0,United Kingdom
16654,141,8,1711.47,3,5,4,354,12,471,213.93375,6.203821656050955,1711.47,64,703,8.46987951807229,0.012048192771084338,United Kingdom
16655,18,13,6548.97,5,5,5,555,15,659,503.7669230769231,7.205235204855843,6548.97,408,4013,6.578688524590164,0.7147540983606557,United Kingdom
16656,22,30,14285.49,4,5,5,455,14,713,476.183,15.368162692847125,14285.49,22,12073,85.62411347517731,0.05673758865248227,United Kingdom
16657,10,4,943.14,5,4,3,543,12,244,235.785,5.9877049180327875,943.1400000000001,158,1229,5.908653846153846,0.0,United Kingdom
16658,368,6,810.12,2,4,3,243,9,250,135.02,8.766,810.12,49,317,4.402777777777778,0.0,United Kingdom
16659,189,1,39.12,3,1,1,311,5,1,39.12,365.25,39.12,2,72,36.0,0.0,United Kingdom
16660,16,7,1862.59,5,4,4,544,13,678,266.0842857142857,3.771017699115044,1862.59,20,975,40.625,0.0,United Kingdom
16661,540,4,986.63,1,4,3,143,8,181,246.6575,8.07182320441989,986.63,50,385,5.923076923076923,0.0,United Kingdom
16662,394,1,163.8,2,1,1,211,4,1,163.8,365.25,163.8,28,36,1.2413793103448276,0.0,United Kingdom
16663,729,1,165.0,1,2,1,121,4,1,165.0,365.25,165.0,1,100,100.0,0.0,United Kingdom
16664,569,1,109.2,1,2,1,121,4,1,109.2,365.25,109.2,8,24,3.0,0.0,United Kingdom
16665,362,1,135.4,2,2,1,221,5,1,135.4,365.25,135.4,9,59,6.555555555555555,1.0,United Kingdom
16666,19,2,225.94,5,2,1,521,8,601,112.97,1.2154742096505824,225.94,42,367,7.34,1.0,United Kingdom
16667,68,2,570.13,3,2,2,322,7,216,285.065,3.3819444444444446,570.13,52,237,4.471698113207547,0.6037735849056604,United Kingdom
16668,15,13,862.42,5,5,3,553,13,615,66.34,7.720731707317073,862.4200000000001,28,773,14.584905660377359,0.018867924528301886,United Kingdom
16669,24,3,1397.14,4,3,4,434,11,54,465.71333333333337,20.291666666666668,1397.14,141,888,5.55,0.0,United Kingdom
16670,17,20,8032.55,5,5,5,555,15,712,401.6275,10.259831460674157,8032.549999999999,258,4534,9.348453608247423,0.0,United Kingdom
16671,28,3,1292.99,4,3,4,434,11,136,430.99666666666667,8.056985294117647,1292.99,3,667,111.16666666666667,0.0,United Kingdom
16672,2,20,8134.9400000000005,5,5,5,555,15,264,406.747,27.670454545454543,8134.9400000000005,22,2832,24.842105263157894,0.0,United Kingdom
16673,679,1,188.83,1,2,1,121,4,1,188.83,365.25,188.83,19,101,5.05,0.0,United Kingdom
16674,55,2,319.61,4,2,2,422,8,43,159.805,16.988372093023255,319.61,89,188,1.9183673469387754,0.6428571428571429,United Kingdom
16675,442,2,608.86,1,2,3,123,6,36,304.43,20.291666666666664,608.86,21,296,12.869565217391305,0.0,United Kingdom
16676,34,6,2318.0,4,4,4,444,12,384,386.3333333333333,5.70703125,2318.0,106,927,6.969924812030075,0.3533834586466165,United Kingdom
16677,411,2,866.72,1,2,3,123,6,240,433.36,3.04375,866.72,45,457,9.72340425531915,0.5957446808510638,United Kingdom
16678,3,12,3109.99,5,5,5,555,15,280,259.1658333333333,15.653571428571428,3109.9899999999993,92,2397,14.705521472392638,0.22085889570552147,United Kingdom
16679,366,3,793.06,2,3,3,233,8,180,264.3533333333333,6.0875,793.06,15,276,13.142857142857142,0.0,United Kingdom
16680,43,3,821.45,4,3,3,433,10,491,273.81666666666666,2.231670061099796,821.4499999999999,24,377,13.0,0.0,United Kingdom
16681,73,7,1921.8400000000001,3,4,4,344,11,568,274.54857142857145,4.501320422535211,1921.84,22,1492,30.448979591836736,0.0,United Kingdom
16682,5,5,1028.0,5,4,3,543,12,183,205.6,9.979508196721312,1028.0,15,1040,34.666666666666664,0.36666666666666664,United Kingdom
16683,534,1,320.25,1,2,2,122,5,1,320.25,365.25,320.25,18,190,10.555555555555555,0.0,United Kingdom
16684,4,55,123399.77,5,5,5,555,15,728,2243.632181818182,27.59443681318681,123399.76999999999,184,72490,100.96100278551532,0.13788300835654596,United Kingdom
16685,61,2,324.24,3,2,2,322,7,1,162.12,730.5,324.24,60,396,6.387096774193548,1.0,United Kingdom
16686,47,16,5034.08,4,5,5,455,14,685,314.63,8.53138686131387,5034.08,549,3510,3.1735985533453888,0.6871609403254972,United Kingdom
16687,391,1,159.31,2,2,1,221,5,1,159.31,365.25,159.31,8,141,17.625,1.0,United Kingdom
16688,1,4,1260.8600000000001,5,4,4,544,13,59,315.21500000000003,24.76271186440678,1260.8600000000001,52,804,12.96774193548387,0.0,United Kingdom
16689,76,2,422.6,3,2,2,322,7,6,211.3,121.75,422.6,12,330,25.384615384615383,1.0,United Kingdom
16690,72,4,353.03000000000003,3,4,2,342,9,379,88.25750000000001,3.8548812664907652,353.03000000000003,12,209,11.0,0.2631578947368421,United Kingdom
16691,418,2,156.88,1,2,1,121,4,143,78.44,5.108391608391608,156.88,11,92,8.363636363636363,0.6363636363636364,United Kingdom
16692,256,4,1381.5,2,4,4,244,10,185,345.375,7.897297297297297,1381.5,3,406,81.2,0.0,United Kingdom
16693,69,5,1197.51,3,4,3,343,10,587,239.502,3.1111584327086885,1197.51,149,688,3.954022988505747,1.0,United Kingdom
16694,723,1,76.35000000000001,1,2,1,121,4,1,76.35000000000001,365.25,76.35000000000001,3,26,8.666666666666666,0.0,United Kingdom
16695,562,2,193.15,1,2,1,121,4,1,96.575,730.5,193.15,30,185,5.138888888888889,0.0,United Kingdom
16696,135,4,657.9,3,4,3,343,10,112,164.475,13.044642857142858,657.8999999999999,7,146,14.6,0.0,United Kingdom
16697,241,1,112.75,2,2,1,221,5,1,112.75,365.25,112.75,20,27,1.2857142857142858,0.0,United Kingdom
16698,227,2,1692.0,2,2,4,224,8,26,846.0,28.096153846153843,1692.0,4,720,144.0,0.0,United Kingdom
16699,380,7,994.6,2,4,3,243,9,355,142.0857142857143,7.202112676056338,994.5999999999999,51,640,10.32258064516129,0.0,United Kingdom
16700,9,25,9167.710000000001,5,5,5,555,15,729,366.70840000000004,12.525720164609053,9167.710000000003,263,6882,13.00945179584121,0.11153119092627599,United Kingdom
16701,9,26,9875.49,5,5,5,555,15,729,379.82653846153846,13.026748971193415,9875.49,154,10382,37.75272727272727,0.19272727272727272,United Kingdom
16702,415,4,1111.43,1,4,3,143,8,316,277.8575,4.6234177215189876,1111.43,84,692,7.604395604395604,0.17582417582417584,United Kingdom
16704,618,2,679.86,1,2,3,123,6,53,339.93,13.783018867924527,679.8599999999999,50,455,7.844827586206897,0.0,United Kingdom
16705,1,42,43257.05,5,5,5,555,15,729,1029.929761904762,21.04320987654321,43257.05,400,21734,31.452966714905934,0.030390738060781478,United Kingdom
16706,37,3,531.49,4,3,2,432,9,76,177.16333333333333,14.417763157894736,531.49,108,249,2.024390243902439,0.0,United Kingdom
16707,400,4,551.11,2,4,2,242,8,239,137.7775,6.112970711297071,551.11,64,402,6.090909090909091,0.0,United Kingdom
16708,46,1,656.63,4,2,3,423,9,1,656.63,365.25,656.63,27,285,10.555555555555555,0.0,United Kingdom
16709,85,14,9016.61,3,5,5,355,13,645,644.0435714285715,7.927906976744186,9016.61,220,3276,10.705882352941176,0.16339869281045752,United Kingdom
16710,19,22,6351.06,5,5,5,555,15,716,288.68454545454546,11.222765363128492,6351.06,541,4399,4.4614604462474645,0.45334685598377283,United Kingdom
16711,3,9,2868.48,5,5,4,554,14,734,318.72,4.4785422343324255,2868.4800000000005,26,1212,36.72727272727273,0.21212121212121213,United Kingdom
16712,9,13,4268.67,5,5,5,555,15,391,328.35923076923075,12.14386189258312,4268.669999999999,301,2093,3.949056603773585,0.0,United Kingdom
16713,19,32,14507.94,5,5,5,555,15,705,453.373125,16.57872340425532,14507.940000000002,541,8651,6.475299401197605,0.03293413173652695,United Kingdom
16714,219,4,1315.8,2,4,4,244,10,451,328.95,3.2394678492239466,1315.8,95,849,7.318965517241379,0.19827586206896552,United Kingdom
16715,78,2,625.52,3,2,3,323,8,484,312.76,1.509297520661157,625.52,27,1174,41.92857142857143,0.0,United Kingdom
16716,267,3,2149.6800000000003,2,3,4,234,9,363,716.5600000000001,3.0185950413223144,2149.6800000000003,7,912,114.0,0.0,United Kingdom
16717,24,14,6964.28,4,5,5,455,14,708,497.4485714285714,7.222457627118644,6964.28,274,3226,8.814207650273223,0.0,United Kingdom
16718,369,5,3647.68,2,4,5,245,11,363,729.536,5.0309917355371905,3647.68,123,2343,10.506726457399104,0.7399103139013453,United Kingdom
16719,15,14,3973.85,5,5,5,555,15,711,283.8464285714286,7.19198312236287,3973.850000000001,204,2536,5.711711711711712,0.12837837837837837,United Kingdom
16720,26,3,711.48,4,3,3,433,10,695,237.16,1.5766187050359712,711.48,130,479,3.0316455696202533,0.6772151898734177,United Kingdom
16721,262,1,292.47,2,2,2,222,6,1,292.47,365.25,292.47,37,172,4.648648648648648,0.0,United Kingdom
16722,17,22,9007.56,5,5,5,555,15,718,409.43454545454546,11.19150417827298,9007.56,145,8580,20.477326968973745,0.0,United Kingdom
16723,91,4,1154.63,3,4,3,343,10,643,288.6575,2.2721617418351476,1154.63,108,1002,7.707692307692308,0.0,United Kingdom
16724,405,1,147.35,2,2,1,221,5,1,147.35,365.25,147.35,17,69,4.0588235294117645,1.0,United Kingdom
16725,302,14,1882.11,2,5,4,254,11,424,134.43642857142856,12.060141509433961,1882.11,242,784,2.0,0.3239795918367347,United Kingdom
16726,26,7,2088.41,4,4,4,444,12,384,298.3442857142857,6.658203125,2088.4100000000003,150,1356,5.022222222222222,0.6222222222222222,United Kingdom
16727,364,4,1437.42,2,4,4,244,10,324,359.355,4.509259259259259,1437.4199999999998,158,1109,5.206572769953052,0.28169014084507044,United Kingdom
16728,46,4,1057.33,4,4,3,443,11,218,264.3325,6.70183486238532,1057.33,218,677,2.516728624535316,0.5315985130111525,United Kingdom
16729,38,21,7248.32,4,5,5,455,14,203,345.1580952380952,37.78448275862069,7248.319999999999,234,5783,8.762121212121212,0.0,United Kingdom
16730,52,3,743.95,4,3,3,433,10,267,247.98333333333335,4.103932584269663,743.95,75,994,12.121951219512194,0.0,United Kingdom
16731,648,1,174.05,1,2,1,121,4,1,174.05,365.25,174.05,40,127,2.953488372093023,0.0,United Kingdom
16732,32,4,4110.64,4,4,5,445,13,699,1027.66,2.090128755364807,4110.640000000001,199,2414,10.923076923076923,0.0,United Kingdom
16733,530,1,259.68,1,2,1,121,4,1,259.68,365.25,259.68,12,112,9.333333333333334,0.0,United Kingdom
16734,52,3,650.51,4,3,3,433,10,61,216.83666666666667,17.963114754098363,650.5100000000001,44,346,6.528301886792453,0.0,United Kingdom
16735,79,14,6270.56,3,5,5,355,13,653,447.8971428571429,7.830781010719756,6270.560000000001,178,4281,14.128712871287128,0.22442244224422442,United Kingdom
16736,506,5,2956.56,1,4,5,145,10,230,591.312,7.940217391304349,2956.56,116,1050,7.3426573426573425,0.0,United Kingdom
16737,53,2,580.0,4,2,2,422,8,524,290.0,1.3940839694656488,580.0,1,400,200.0,0.0,United Kingdom
16738,298,1,3.75,2,2,1,221,5,1,3.75,365.25,3.75,1,3,3.0,0.0,United Kingdom
16739,177,2,786.4300000000001,3,2,3,323,8,359,393.21500000000003,2.034818941504178,786.43,33,391,10.289473684210526,0.0,United Kingdom
16740,395,1,236.81,2,2,1,221,5,1,236.81,365.25,236.80999999999997,30,116,3.515151515151515,0.0,United Kingdom
16741,625,1,173.06,1,2,1,121,4,1,173.06,365.25,173.06,11,81,7.363636363636363,0.0,United Kingdom
16742,47,14,2405.71,4,5,4,454,13,676,171.83642857142857,7.564349112426036,2405.71,51,2600,23.853211009174313,0.12844036697247707,United Kingdom
16743,29,14,4256.62,4,5,5,455,14,566,304.0442857142857,9.034452296819788,4256.62,118,3738,9.968,0.0,United Kingdom
16744,11,7,1304.76,5,4,4,544,13,161,186.3942857142857,15.880434782608695,1304.7599999999998,198,805,3.3264462809917354,0.8512396694214877,United Kingdom
16745,87,17,7175.82,3,5,5,355,13,225,422.10705882352937,27.596666666666664,7175.819999999999,148,6647,18.61904761904762,0.09243697478991597,United Kingdom
16746,5,42,18078.16,5,5,5,555,15,730,430.4323809523809,21.014383561643836,18078.16,390,11906,12.038422649140546,0.301314459049545,United Kingdom
16747,38,2,836.0600000000001,4,2,3,423,9,30,418.03000000000003,24.35,836.0600000000001,34,583,13.880952380952381,0.0,United Kingdom
16748,18,14,3637.33,5,5,5,555,15,711,259.8092857142857,7.19198312236287,3637.33,55,2127,12.89090909090909,0.09090909090909091,United Kingdom
16749,591,2,4387.08,1,2,5,125,8,132,2193.54,5.534090909090908,4387.08,53,2078,26.98701298701299,0.0,United Kingdom
16750,45,5,601.98,4,4,2,442,10,187,120.396,9.766042780748664,601.98,74,214,2.2526315789473683,0.0,United Kingdom
16751,31,1,1696.72,4,2,4,424,10,1,1696.72,365.25,1696.72,24,1015,40.6,0.0,United Kingdom
16752,373,1,291.1,2,2,2,222,6,1,291.1,365.25,291.1,9,108,6.0,0.0,United Kingdom
16753,58,1,225.6,4,2,1,421,7,1,225.6,365.25,225.6,34,189,5.5588235294117645,0.0,United Kingdom
16754,372,29,33634.73,2,5,5,255,12,269,1159.8182758620692,39.37639405204461,33634.73,38,22601,159.16197183098592,0.0,United Kingdom
16755,114,7,2879.53,3,4,5,345,12,615,411.3614285714286,4.157317073170732,2879.53,219,1999,6.075987841945289,0.12158054711246201,United Kingdom
16756,215,7,1290.42,2,4,4,244,10,425,184.3457142857143,6.015882352941176,1290.42,64,707,8.949367088607595,0.4430379746835443,United Kingdom
16757,319,2,270.48,2,2,1,221,5,90,135.24,8.116666666666667,270.48,13,180,12.0,0.0,United Kingdom
16758,65,1,369.34000000000003,3,2,2,322,7,1,369.34000000000003,365.25,369.34,22,203,9.227272727272727,0.0,United Kingdom
16759,8,3,789.79,5,3,3,533,11,23,263.2633333333333,47.64130434782609,789.7900000000001,40,609,14.5,0.0,United Kingdom
16760,430,1,228.0,1,2,1,121,4,1,228.0,365.25,228.0,17,168,9.882352941176471,0.0,United Kingdom
16761,97,1,316.62,3,2,2,322,7,1,316.62,365.25,316.62,13,341,26.23076923076923,1.0,United Kingdom
16762,20,3,1457.48,4,3,4,434,11,124,485.82666666666665,8.836693548387096,1457.48,51,618,6.943820224719101,0.6179775280898876,United Kingdom
16763,199,2,964.6999999999999,2,2,3,223,7,539,482.34999999999997,1.355287569573284,964.7,44,492,11.181818181818182,0.0,United Kingdom
16764,4,13,2799.25,5,5,4,554,14,139,215.32692307692307,34.160071942446045,2799.25,209,1259,1.7832861189801699,0.05524079320113314,United Kingdom
16765,294,2,454.75,2,2,2,222,6,88,227.375,8.301136363636363,454.74999999999994,52,311,5.980769230769231,0.0,United Kingdom
16766,273,2,1145.6,2,2,3,223,7,1,572.8,730.5,1145.6,17,536,15.764705882352942,0.0,United Kingdom
16767,31,15,8083.16,4,5,5,455,14,559,538.8773333333334,9.800983899821109,8083.159999999999,209,7121,21.978395061728396,0.04938271604938271,United Kingdom
16768,48,9,1708.1200000000001,4,5,4,454,13,684,189.79111111111112,4.805921052631579,1708.12,108,777,4.737804878048781,0.7378048780487805,United Kingdom
16769,260,4,1135.85,2,4,3,243,9,465,283.9625,3.141935483870968,1135.85,76,301,3.01,0.0,United Kingdom
16770,58,9,1888.23,4,5,4,454,13,416,209.80333333333334,7.902043269230768,1888.2299999999998,202,1120,3.1638418079096047,0.7005649717514124,United Kingdom
16771,33,10,3967.6,4,5,5,455,14,697,396.76,5.240315638450502,3967.6,303,2314,5.616504854368932,0.20631067961165048,United Kingdom
16772,423,3,3707.75,1,3,5,135,9,298,1235.9166666666667,3.6770134228187916,3707.75,54,689,9.985507246376812,0.0,United Kingdom
16773,57,3,421.24,4,3,2,432,9,675,140.41333333333333,1.6233333333333333,421.24,53,252,3.876923076923077,0.36923076923076925,United Kingdom
16774,68,8,1594.45,3,5,4,354,12,593,199.30625,4.927487352445194,1594.45,89,785,5.814814814814815,0.0,United Kingdom
16775,10,16,3054.04,5,5,5,555,15,431,190.8775,13.559164733178655,3054.0400000000004,132,1020,3.6690647482014387,0.0,United Kingdom
16776,60,2,619.85,3,2,3,323,8,355,309.925,2.0577464788732396,619.8500000000001,105,450,3.2846715328467155,0.0,United Kingdom
16777,80,5,1307.76,3,4,4,344,11,552,261.552,3.3084239130434785,1307.7600000000002,125,475,3.2534246575342465,0.363013698630137,United Kingdom
16778,74,2,245.94,3,2,1,321,6,199,122.97,3.670854271356784,245.94,16,194,12.125,0.0,United Kingdom
16779,2,53,33233.69,5,5,5,555,15,734,627.0507547169811,26.373637602179837,33233.69,293,19546,18.54459203036053,0.1110056925996205,United Kingdom
16780,100,3,605.55,3,3,3,333,9,306,201.85,3.5808823529411766,605.5500000000001,73,355,3.585858585858586,0.0,United Kingdom
16781,372,2,934.25,2,2,3,223,7,297,467.125,2.45959595959596,934.2500000000001,36,305,5.446428571428571,0.0,United Kingdom
16782,10,38,10436.460000000001,5,5,5,555,15,720,274.6436842105263,19.277083333333334,10436.460000000001,575,4285,2.2756240042485394,0.49336165693043016,United Kingdom
16783,437,1,391.95,1,2,2,122,5,1,391.95,365.25,391.95,25,163,6.52,0.0,United Kingdom
16784,20,5,896.53,4,4,3,443,11,601,179.30599999999998,3.038685524126456,896.5299999999999,138,496,3.1,0.95625,United Kingdom
16785,410,1,533.78,2,2,2,222,6,1,533.78,365.25,533.78,35,313,8.942857142857143,0.0,United Kingdom
16786,394,1,51.84,2,2,1,221,5,1,51.84,365.25,51.84,1,72,72.0,0.0,United Kingdom
16787,398,4,1034.48,2,4,3,243,9,300,258.62,4.87,1034.4799999999998,102,474,4.157894736842105,1.0,United Kingdom
16788,123,5,1950.3,3,4,4,344,11,547,390.06,3.3386654478976237,1950.3000000000002,348,985,1.9898989898989898,0.47474747474747475,United Kingdom
16789,8,1,80.80000000000001,5,2,1,521,8,1,80.80000000000001,365.25,80.80000000000001,5,32,6.4,0.0,United Kingdom
16790,4,6,1545.6200000000001,5,4,4,544,13,34,257.60333333333335,64.45588235294117,1545.6200000000001,88,898,9.655913978494624,0.16129032258064516,United Kingdom
16791,29,15,4038.69,4,5,5,455,14,707,269.246,7.7492927864215,4038.6899999999996,393,1874,2.684813753581662,0.21060171919770773,United Kingdom
16792,282,5,621.51,2,4,3,243,9,422,124.30199999999999,4.327606635071089,621.5099999999999,90,324,3.176470588235294,0.20588235294117646,United Kingdom
16793,57,1,243.84,4,2,1,421,7,1,243.84,365.25,243.84,16,146,9.125,0.0,United Kingdom
16794,1,15,2091.19,5,5,4,554,14,623,139.41266666666667,8.79414125200642,2091.1900000000005,245,1602,3.0926640926640925,0.40540540540540543,United Kingdom
16795,365,3,2490.44,2,3,4,234,9,318,830.1466666666666,3.445754716981132,2490.4399999999996,306,1459,3.575980392156863,0.0,United Kingdom
16796,89,1,305.62,3,2,2,322,7,1,305.62,365.25,305.62,18,186,10.333333333333334,1.0,United Kingdom
16797,393,5,1827.77,2,4,4,244,10,344,365.554,5.308866279069767,1827.77,289,909,2.2334152334152333,0.15233415233415235,United Kingdom
16798,554,3,842.86,1,3,3,133,7,174,280.9533333333333,6.297413793103448,842.86,141,209,1.2080924855491328,0.4797687861271676,United Kingdom
16799,432,2,495.98,1,2,2,122,5,21,247.99,34.785714285714285,495.98,81,176,1.6603773584905661,1.0,United Kingdom
16800,11,1,1194.49,5,2,3,523,10,1,1194.49,365.25,1194.49,148,540,3.292682926829268,0.0,United Kingdom
16801,163,4,1591.93,3,4,4,344,11,110,397.9825,13.281818181818183,1591.93,72,499,6.565789473684211,0.23684210526315788,United Kingdom
16802,679,2,582.61,1,2,2,122,5,51,291.305,14.323529411764707,582.61,48,369,6.962264150943396,0.0,United Kingdom
16803,65,1,332.3,3,2,2,322,7,1,332.3,365.25,332.3,24,245,10.208333333333334,0.0,United Kingdom
16804,23,3,536.99,4,3,2,432,9,247,178.99666666666667,4.436234817813766,536.9900000000001,59,246,4.1,0.0,United Kingdom
16805,174,5,1099.74,3,4,3,343,10,557,219.948,3.2787253141831236,1099.74,213,1122,4.47011952191235,0.17131474103585656,United Kingdom
16806,103,4,793.54,3,4,3,343,10,135,198.385,10.822222222222223,793.5400000000001,68,378,3.6699029126213594,0.44660194174757284,United Kingdom
16807,143,6,2123.88,3,4,4,344,11,480,353.98,4.565625,2123.88,107,1433,10.091549295774648,0.1056338028169014,United Kingdom
16808,99,2,288.42,3,2,2,322,7,175,144.21,4.174285714285714,288.42,21,196,8.521739130434783,0.0,United Kingdom
16809,23,9,1727.43,4,5,4,454,13,582,191.93666666666667,5.64819587628866,1727.43,113,1093,4.22007722007722,0.2084942084942085,United Kingdom
16810,192,2,842.04,2,2,3,223,7,228,421.02,3.2039473684210527,842.0400000000001,34,372,10.941176470588236,0.0,United Kingdom
16811,5,2,547.07,5,2,2,522,9,12,273.535,60.875,547.07,26,477,17.035714285714285,0.0,United Kingdom
16812,361,4,2392.0,2,4,4,244,10,21,598.0,69.57142857142857,2391.9999999999995,98,1116,9.704347826086957,0.0,United Kingdom
16813,8,10,1674.5,5,5,4,554,14,196,167.45,18.635204081632654,1674.5,248,1437,3.200445434298441,0.4142538975501114,United Kingdom
16814,14,36,12476.01,5,5,5,555,15,593,346.55583333333334,22.173693086003375,12476.01,247,5066,6.300995024875622,0.19651741293532338,United Kingdom
16815,454,2,410.97,1,2,2,122,5,82,205.485,8.908536585365853,410.97,66,238,3.2162162162162162,0.4594594594594595,United Kingdom
16816,103,4,417.06,3,4,2,342,9,254,104.265,5.751968503937008,417.06000000000006,28,274,9.785714285714286,0.6428571428571429,United Kingdom
16817,3,13,2761.0,5,5,4,554,14,429,212.3846153846154,11.068181818181817,2761.0,107,1565,10.364238410596027,0.0,United Kingdom
16818,11,11,3327.92,5,5,5,555,15,194,302.53818181818184,20.710051546391753,3327.9199999999996,172,2164,11.51063829787234,0.05319148936170213,United Kingdom
16819,465,2,190.99,1,2,1,121,4,1,95.495,730.5,190.99,17,253,14.882352941176471,0.0,United Kingdom
16820,96,1,497.61,3,2,2,322,7,1,497.61,365.25,497.60999999999996,26,307,11.807692307692308,0.0,United Kingdom
16821,382,1,113.35,2,2,1,221,5,1,113.35,365.25,113.35000000000001,7,13,1.8571428571428572,0.0,United Kingdom
16822,686,1,186.67,1,2,1,121,4,1,186.67,365.25,186.67,11,171,15.545454545454545,0.0,United Kingdom
16823,227,7,2256.19,2,4,4,244,10,510,322.3128571428571,5.013235294117647,2256.1899999999996,149,1168,6.674285714285714,0.13714285714285715,United Kingdom
16824,16,3,686.24,5,3,3,533,11,378,228.74666666666667,2.8988095238095237,686.24,34,390,10.0,0.0,United Kingdom
16825,39,5,1826.89,4,4,4,444,12,495,365.37800000000004,3.689393939393939,1826.89,48,1297,20.265625,0.0,United Kingdom
16826,51,1,341.7,4,2,2,422,8,1,341.7,365.25,341.7,22,158,7.181818181818182,0.0,United Kingdom
16827,393,5,392.13,2,4,2,242,8,195,78.426,9.365384615384615,392.13,10,125,10.416666666666666,0.0,United Kingdom
16828,93,2,128.5,3,2,1,321,6,19,64.25,38.44736842105263,128.5,8,59,7.375,0.0,United Kingdom
16829,157,2,513.32,3,2,2,322,7,231,256.66,3.162337662337662,513.32,25,215,7.962962962962963,0.0,United Kingdom
16830,39,4,1207.5,4,4,4,444,12,687,301.875,2.126637554585153,1207.5,65,699,9.32,0.21333333333333335,United Kingdom
16831,565,1,91.8,1,2,1,121,4,1,91.8,365.25,91.8,6,48,8.0,0.0,United Kingdom
16832,184,5,417.61,3,4,2,342,9,274,83.522,6.665145985401459,417.60999999999996,19,179,8.523809523809524,0.0,United Kingdom
16833,1,6,2132.04,5,4,4,544,13,621,355.34,3.5289855072463765,2132.04,87,878,9.543478260869565,0.532608695652174,United Kingdom
16834,228,2,898.96,2,3,3,233,8,446,449.48,1.6378923766816145,898.96,43,760,15.833333333333334,0.0,United Kingdom
16835,128,6,1538.41,3,4,4,344,11,441,256.4016666666667,4.969387755102042,1538.4100000000003,58,515,5.919540229885057,0.0,United Kingdom
16836,40,4,782.37,4,4,3,443,11,534,195.5925,2.7359550561797756,782.37,42,539,12.833333333333334,0.0,United Kingdom
16837,31,11,3170.98,4,5,5,455,14,214,288.2709090909091,18.774532710280376,3170.98,123,1563,9.472727272727273,0.0,United Kingdom
16838,197,4,994.66,2,4,3,243,9,465,248.665,3.141935483870968,994.6600000000001,53,509,8.627118644067796,0.576271186440678,United Kingdom
16839,9,44,22310.49,5,5,5,555,15,657,507.05659090909097,24.461187214611872,22310.49,132,11527,32.47042253521127,0.08732394366197183,United Kingdom
16840,603,2,139.85,1,3,1,131,5,71,69.925,10.288732394366196,139.84999999999997,9,117,13.0,0.0,United Kingdom
16841,37,12,4028.94,4,5,5,455,14,660,335.745,6.6409090909090915,4028.9400000000005,187,3478,15.881278538812785,0.0639269406392694,United Kingdom
16842,101,3,1264.19,3,3,4,334,10,201,421.3966666666667,5.451492537313432,1264.19,45,693,11.0,0.0,United Kingdom
16843,43,35,19622.25,4,5,5,455,14,686,560.6357142857142,18.635204081632654,19622.25,317,18290,30.687919463087248,0.09228187919463088,United Kingdom
16844,563,2,614.34,1,3,3,133,7,20,307.17,36.525,614.34,26,281,8.78125,0.0,United Kingdom
16845,618,1,253.88,1,2,1,121,4,1,253.88,365.25,253.88,20,167,8.35,0.0,United Kingdom
16846,50,3,842.41,4,3,3,433,10,589,280.80333333333334,1.8603565365025465,842.4100000000001,47,517,11.0,0.0,United Kingdom
16847,43,2,614.89,4,3,3,433,10,574,307.445,1.2726480836236935,614.89,37,255,6.891891891891892,0.0,United Kingdom
16848,53,4,1411.62,4,4,4,444,12,379,352.905,3.8548812664907652,1411.62,75,780,9.176470588235293,0.8352941176470589,United Kingdom
16849,187,1,124.57,3,2,1,321,6,1,124.57,365.25,124.57,8,33,4.125,0.0,United Kingdom
16850,334,1,332.41,2,2,2,222,6,1,332.41,365.25,332.41,19,249,13.105263157894736,0.0,United Kingdom
16851,4,3,342.45,5,3,2,532,10,47,114.14999999999999,23.31382978723404,342.45,17,271,13.55,0.0,United Kingdom
16852,10,2,122.96000000000001,5,3,1,531,9,165,61.480000000000004,4.427272727272728,122.96000000000001,9,56,6.222222222222222,0.0,United Kingdom
16854,417,2,1408.96,1,3,4,134,8,223,704.48,3.275784753363229,1408.9600000000003,72,997,13.293333333333333,0.0,United Kingdom
16855,24,2,328.40000000000003,4,3,2,432,9,19,164.20000000000002,38.44736842105263,328.40000000000003,19,164,8.631578947368421,0.0,United Kingdom
16856,15,3,358.49,5,3,2,532,10,427,119.49666666666667,2.5661592505854802,358.48999999999995,16,171,9.0,0.0,United Kingdom
16857,443,1,352.8,1,2,2,122,5,1,352.8,365.25,352.8,11,168,15.272727272727273,0.0,United Kingdom
16858,369,10,4668.28,2,5,5,255,12,355,466.828,10.288732394366198,4668.280000000001,75,1514,11.132352941176471,0.16176470588235295,United Kingdom
16859,145,7,1900.46,3,4,4,344,11,500,271.4942857142857,5.1135,1900.4599999999998,87,1899,17.263636363636362,0.0,United Kingdom
16860,453,3,1610.62,1,3,4,134,8,209,536.8733333333333,5.242822966507177,1610.6200000000001,35,625,14.534883720930232,0.0,United Kingdom
16861,60,5,946.59,3,4,3,343,10,448,189.318,4.076450892857143,946.59,39,616,12.571428571428571,0.30612244897959184,United Kingdom
16862,547,4,662.33,1,4,3,143,8,154,165.5825,9.487012987012987,662.33,34,513,14.657142857142857,0.0,United Kingdom
16863,31,3,998.52,4,3,3,433,10,378,332.84,2.8988095238095237,998.5199999999999,43,745,13.303571428571429,0.0,United Kingdom
16864,434,2,409.25,1,3,2,132,6,164,204.625,4.454268292682927,409.25,17,283,16.647058823529413,0.0,United Kingdom
16865,402,1,130.95,2,2,1,221,5,1,130.95,365.25,130.95,15,157,9.8125,0.0,United Kingdom
16866,141,3,207.74,3,3,1,331,7,20,69.24666666666667,54.7875,207.74,10,60,5.454545454545454,0.09090909090909091,United Kingdom
16867,690,1,76.74000000000001,1,2,1,121,4,1,76.74000000000001,365.25,76.74000000000001,6,58,9.666666666666666,0.0,United Kingdom
16868,394,3,393.39,2,3,2,232,7,199,131.13,5.506281407035176,393.39,47,116,2.1481481481481484,0.7962962962962963,United Kingdom
16869,23,4,827.14,4,4,3,443,11,152,206.785,9.611842105263158,827.14,113,585,4.5703125,0.0,United Kingdom
16870,469,1,450.16,1,2,2,122,5,1,450.16,365.25,450.16,28,278,9.928571428571429,0.0,United Kingdom
16871,22,6,2812.34,4,4,4,444,12,248,468.72333333333336,8.836693548387096,2812.34,131,1253,9.145985401459853,0.10218978102189781,United Kingdom
16872,77,6,1123.98,3,4,3,343,10,385,187.33,5.6922077922077925,1123.98,12,991,55.05555555555556,0.2777777777777778,United Kingdom
16873,5,12,14199.710000000001,5,5,5,555,15,663,1183.3091666666667,6.610859728506787,14199.710000000001,252,8497,16.595703125,0.208984375,United Kingdom
16874,379,1,217.74,2,2,1,221,5,1,217.74,365.25,217.74,31,81,2.3823529411764706,0.0,United Kingdom
16875,67,11,4212.58,3,5,5,355,13,636,382.96181818181816,6.317216981132075,4212.58,161,2099,9.126086956521739,0.0,United Kingdom
16876,404,1,136.01,2,2,1,221,5,1,136.01,365.25,136.01,32,181,5.65625,0.0,United Kingdom
16877,12,6,853.72,5,4,3,543,12,195,142.28666666666666,11.238461538461538,853.7199999999999,111,463,2.911949685534591,1.0,United Kingdom
16878,84,1,13.3,3,2,1,321,6,1,13.3,365.25,13.299999999999999,3,12,4.0,0.0,United Kingdom
16880,31,8,1840.86,4,5,4,454,13,462,230.1075,6.324675324675324,1840.86,130,911,4.871657754010696,0.37433155080213903,United Kingdom
16881,67,1,144.0,3,2,1,321,6,1,144.0,365.25,144.0,1,200,200.0,0.0,United Kingdom
16882,67,3,705.12,3,3,3,333,9,250,235.04,4.383,705.1199999999999,39,424,10.871794871794872,0.0,United Kingdom
16883,187,19,2386.84,3,5,4,354,12,548,125.62315789473685,12.663777372262773,2386.84,159,1080,3.75,0.19444444444444445,United Kingdom
16884,38,4,1066.1200000000001,4,4,3,443,11,532,266.53000000000003,2.7462406015037595,1066.1200000000001,64,521,6.946666666666666,0.0,United Kingdom
16885,15,4,711.16,5,4,3,543,12,370,177.79,3.9486486486486485,711.16,121,376,2.647887323943662,0.0,United Kingdom
16886,456,1,134.0,1,2,1,121,4,1,134.0,365.25,134.0,8,48,6.0,0.0,United Kingdom
16887,35,3,660.72,4,3,3,433,10,703,220.24,1.5586770981507823,660.72,94,424,4.1568627450980395,0.0,United Kingdom
16888,401,3,431.3,2,3,2,232,7,300,143.76666666666668,3.6525000000000003,431.30000000000007,44,147,2.7222222222222223,0.0,United Kingdom
16889,195,6,2530.9,2,4,4,244,10,371,421.81666666666666,5.907008086253369,2530.9,163,1616,7.412844036697248,0.7798165137614679,United Kingdom
16890,477,3,285.41,1,3,2,132,6,105,95.13666666666667,10.435714285714287,285.41,17,243,12.789473684210526,0.0,United Kingdom
16891,2,11,2057.09,5,5,4,554,14,733,187.00818181818184,5.481241473396999,2057.09,335,774,1.5,0.0,United Kingdom
16892,1,7,748.1,5,4,3,543,12,729,106.87142857142858,3.507201646090535,748.1000000000001,119,370,2.661870503597122,0.0,United Kingdom
16893,367,2,401.91,2,3,2,232,7,9,200.955,81.16666666666666,401.91,80,182,1.348148148148148,0.3333333333333333,United Kingdom
16894,502,3,1322.11,1,3,4,134,8,33,440.7033333333333,33.20454545454545,1322.1100000000001,186,507,2.654450261780105,0.005235602094240838,United Kingdom
16895,65,5,1121.42,3,4,3,343,10,601,224.28400000000002,3.038685524126456,1121.42,135,433,2.5321637426900585,0.0,United Kingdom
16896,555,1,103.95,1,2,1,121,4,1,103.95,365.25,103.95,18,18,1.0,0.0,United Kingdom
16897,299,2,289.78,2,3,2,232,7,14,144.89,52.17857142857143,289.78,37,73,1.972972972972973,1.0,United Kingdom
16898,26,5,1020.38,4,4,3,443,11,550,204.076,3.3204545454545453,1020.38,223,805,2.7474402730375425,0.20136518771331058,United Kingdom
16899,8,8,1721.02,5,5,4,554,14,389,215.1275,7.511568123393316,1721.0200000000002,101,818,4.569832402234637,0.40782122905027934,United Kingdom
16900,17,3,904.63,5,3,3,533,11,46,301.54333333333335,23.820652173913047,904.6300000000001,78,833,10.544303797468354,0.10126582278481013,United Kingdom
16901,729,1,202.31,1,2,1,121,4,1,202.31,365.25,202.30999999999997,23,42,1.826086956521739,0.0,United Kingdom
16902,116,1,1708.56,3,2,4,324,9,1,1708.56,365.25,1708.5600000000002,43,629,14.295454545454545,0.0,United Kingdom
16903,29,3,1062.28,4,3,3,433,10,386,354.0933333333333,2.8387305699481864,1062.2799999999997,148,747,3.931578947368421,0.0,United Kingdom
16904,4,21,5103.47,5,5,5,555,15,406,243.02238095238096,18.892241379310345,5103.47,484,2809,2.860488798370672,0.10692464358452139,United Kingdom
16905,5,17,5034.35,5,5,5,555,15,723,296.1382352941177,8.588174273858922,5034.350000000001,171,2059,6.02046783625731,0.4766081871345029,United Kingdom
16906,82,7,1446.85,3,4,4,344,11,493,206.69285714285712,5.186105476673428,1446.8499999999997,180,613,2.7244444444444444,0.0,United Kingdom
16907,29,9,1707.9,4,5,4,454,13,497,189.76666666666668,6.614185110663984,1707.9000000000003,109,532,2.0862745098039217,0.0,United Kingdom
16908,722,1,252.59,1,2,1,121,4,1,252.59,365.25,252.59,20,61,3.05,0.0,United Kingdom
16909,72,1,373.38,3,2,2,322,7,1,373.38,365.25,373.38000000000005,18,420,23.333333333333332,0.0,United Kingdom
16910,4,8,1510.06,5,5,4,554,14,86,188.7575,33.97674418604651,1510.06,318,886,1.6197440585009142,0.0,United Kingdom
16911,636,2,255.25,1,3,1,131,5,25,127.625,29.220000000000002,255.25,30,161,4.6,0.5428571428571428,United Kingdom
16912,29,15,4480.31,4,5,5,455,14,701,298.68733333333336,7.815620542082739,4480.31,130,1693,9.786127167630058,0.08092485549132948,United Kingdom
16913,290,3,423.91,2,3,2,232,7,361,141.30333333333334,3.0353185595567864,423.90999999999997,18,229,12.722222222222221,0.0,United Kingdom
16914,36,1,208.46,4,2,1,421,7,1,208.46,365.25,208.46,25,121,3.1842105263157894,0.0,United Kingdom
16915,9,11,972.23,5,5,3,553,13,560,88.38454545454546,7.1745535714285715,972.23,54,190,2.5675675675675675,0.0,United Kingdom
16916,24,4,1123.4,4,4,3,443,11,391,280.85,3.7365728900255752,1123.4,180,764,2.893939393939394,0.0,United Kingdom
16917,277,2,1746.03,2,3,4,234,9,355,873.015,2.0577464788732396,1746.03,45,793,15.549019607843137,0.0,United Kingdom
16918,50,16,3213.29,4,5,5,455,14,687,200.830625,8.506550218340612,3213.29,280,2069,4.527352297592998,0.0525164113785558,United Kingdom
16919,156,24,5125.91,3,5,5,355,13,320,213.57958333333332,27.39375,5125.91,230,2425,3.7890625,0.0,United Kingdom
16920,411,1,355.45,1,2,2,122,5,1,355.45,365.25,355.45,23,81,3.5217391304347827,1.0,United Kingdom
16921,61,3,446.0,3,3,2,332,8,539,148.66666666666666,2.032931354359926,445.99999999999994,78,299,3.1473684210526316,0.8842105263157894,United Kingdom
16922,573,1,611.08,1,2,3,123,6,1,611.08,365.25,611.08,122,281,2.30327868852459,1.0,United Kingdom
16923,12,32,13378.92,5,5,5,555,15,665,418.09125,17.57593984962406,13378.92,431,6269,5.537985865724382,0.8948763250883393,United Kingdom
16924,21,3,846.75,4,3,3,433,10,62,282.25,17.673387096774192,846.75,69,493,5.9397590361445785,0.0,United Kingdom
16925,540,1,125.65,1,2,1,121,4,1,125.65,365.25,125.64999999999999,18,123,6.833333333333333,0.0,United Kingdom
16926,371,5,1377.45,2,4,4,244,10,155,275.49,11.78225806451613,1377.45,63,237,2.0789473684210527,0.0,United Kingdom
16927,116,3,307.85,3,3,2,332,8,245,102.61666666666667,4.472448979591837,307.85,5,433,72.16666666666667,0.0,United Kingdom
16928,80,29,4049.7799999999997,3,5,5,355,13,594,139.64758620689653,17.83207070707071,4049.7799999999993,135,2755,8.223880597014926,0.23582089552238805,United Kingdom
16929,4,7,1295.39,5,4,4,544,13,151,185.0557142857143,16.93211920529801,1295.3899999999999,51,929,12.064935064935066,0.0,United Kingdom
16930,26,3,380.55,4,3,2,432,9,42,126.85000000000001,26.089285714285715,380.55,47,341,6.314814814814815,1.0,United Kingdom
16931,5,23,5235.31,5,5,5,555,15,391,227.6221739130435,21.485294117647058,5235.31,466,3463,3.4595404595404595,0.9070929070929071,United Kingdom
16932,53,3,440.71,4,3,2,432,9,517,146.90333333333334,2.119439071566731,440.71000000000004,116,229,1.5902777777777777,0.0,United Kingdom
16933,1,9,3181.46,5,5,5,555,15,728,353.49555555555554,4.5154532967032965,3181.46,213,1547,5.334482758620689,0.0,United Kingdom
16934,55,6,2104.04,4,4,4,444,12,566,350.67333333333335,3.8719081272084805,2104.04,128,939,6.566433566433567,0.958041958041958,United Kingdom
16935,382,3,535.1,2,3,2,232,7,39,178.36666666666667,28.096153846153847,535.1,55,278,3.808219178082192,0.0,United Kingdom
16936,26,2,551.17,4,3,2,432,9,359,275.585,2.034818941504178,551.17,122,342,2.425531914893617,0.0,United Kingdom
16937,499,1,202.1,1,2,1,121,4,1,202.1,365.25,202.1,49,126,2.4705882352941178,0.0,United Kingdom
16938,9,9,6319.99,5,5,5,555,15,651,702.2211111111111,5.049539170506913,6319.990000000001,547,3769,4.508373205741627,0.2452153110047847,United Kingdom
16939,489,3,449.0,1,3,2,132,6,160,149.66666666666666,6.8484375,448.99999999999994,38,232,5.2727272727272725,1.0,United Kingdom
16940,52,8,6434.98,4,5,5,455,14,679,804.3725,4.303387334315169,6434.98,360,4503,7.158982511923688,0.0,United Kingdom
16941,612,1,33.0,1,2,1,121,4,1,33.0,365.25,33.0,2,12,6.0,0.0,United Kingdom
16942,13,9,1920.59,5,5,4,554,14,215,213.39888888888888,15.289534883720929,1920.5899999999997,159,811,2.886120996441281,0.298932384341637,United Kingdom
16943,212,5,852.73,2,4,3,243,9,412,170.546,4.432645631067961,852.73,24,147,4.2,0.0,United Kingdom
16944,610,1,101.36,1,2,1,121,4,1,101.36,365.25,101.36,7,27,3.857142857142857,0.0,United Kingdom
16945,22,33,8572.76,4,5,5,455,14,709,259.7806060606061,17.000352609308884,8572.76,231,5889,12.424050632911392,0.09282700421940929,United Kingdom
16946,383,5,1200.09,2,4,3,243,9,264,240.01799999999997,6.917613636363636,1200.09,69,509,6.786666666666667,0.16,United Kingdom
16947,236,5,955.21,2,4,3,243,9,410,191.042,4.454268292682927,955.21,50,655,12.358490566037736,0.0,United Kingdom
16948,139,7,850.42,3,4,3,343,10,517,121.48857142857142,4.945357833655706,850.42,20,1351,31.41860465116279,0.3488372093023256,United Kingdom
16949,4,6,852.95,5,4,3,543,12,312,142.15833333333333,7.024038461538462,852.9499999999999,57,791,13.183333333333334,0.35,United Kingdom
16950,57,10,3784.37,4,5,5,455,14,627,378.437,5.8253588516746415,3784.3700000000003,111,2492,16.613333333333333,0.5866666666666667,United Kingdom
16951,135,3,1277.75,3,3,4,334,10,169,425.9166666666667,6.483727810650888,1277.75,73,1318,15.325581395348838,0.0,United Kingdom
16952,109,5,798.78,3,4,3,343,10,618,159.756,2.9550970873786406,798.78,76,344,3.909090909090909,0.0,United Kingdom
16953,30,1,20.8,4,2,1,421,7,1,20.8,365.25,20.8,1,10,10.0,0.0,United Kingdom
16954,1,20,6081.88,5,5,5,555,15,689,304.094,10.60232220609579,6081.88,83,4086,19.83495145631068,0.12135922330097088,United Kingdom
16955,185,6,1309.41,3,4,4,344,11,492,218.235,4.454268292682927,1309.4099999999999,33,823,14.43859649122807,0.10526315789473684,United Kingdom
16956,18,1,308.74,5,2,2,522,9,1,308.74,365.25,308.74,16,114,7.125,0.0,United Kingdom
16957,239,2,416.64,2,3,2,232,7,42,208.32,17.392857142857142,416.64,15,172,10.75,0.0,United Kingdom
16958,435,1,809.44,1,2,3,123,6,1,809.44,365.25,809.44,69,561,7.581081081081081,0.0,United Kingdom
16959,87,1,117.35000000000001,3,2,1,321,6,1,117.35000000000001,365.25,117.35000000000001,7,49,7.0,0.0,United Kingdom
16960,39,8,2043.52,4,5,4,454,13,608,255.44,4.805921052631579,2043.52,334,1515,3.223404255319149,0.12340425531914893,United Kingdom
16961,116,3,794.56,3,3,3,333,9,415,264.8533333333333,2.6403614457831326,794.5599999999998,52,482,9.26923076923077,0.0,United Kingdom
16962,410,1,251.04,2,2,1,221,5,1,251.04,365.25,251.04,15,158,10.533333333333333,0.0,United Kingdom
16963,187,1,110.55000000000001,3,2,1,321,6,1,110.55000000000001,365.25,110.55000000000001,7,35,5.0,1.0,United Kingdom
16964,733,2,207.85,1,3,1,131,5,1,103.925,730.5,207.85,6,49,8.166666666666666,1.0,United Kingdom
16965,227,1,202.39,2,2,1,221,5,1,202.39,365.25,202.39,26,291,11.192307692307692,0.0,United Kingdom
16966,8,7,2118.0099999999998,5,4,4,544,13,231,302.5728571428571,11.068181818181817,2118.0099999999998,8,1893,67.60714285714286,0.0,United Kingdom
16967,189,1,319.02,3,2,2,322,7,1,319.02,365.25,319.02,21,333,15.857142857142858,0.0,United Kingdom
16968,4,2,439.43,5,3,2,532,10,103,219.715,7.092233009708738,439.43000000000006,31,326,10.516129032258064,0.0,United Kingdom
16969,39,3,671.13,4,3,3,433,10,152,223.71,7.208881578947368,671.1300000000001,42,800,19.047619047619047,0.0,United Kingdom
16970,626,1,71.4,1,2,1,121,4,1,71.4,365.25,71.4,2,12,6.0,0.0,United Kingdom
16971,38,1,243.21,4,2,1,421,7,1,243.21,365.25,243.21,40,72,1.7560975609756098,0.0,United Kingdom
16972,383,2,786.25,2,3,3,233,8,73,393.125,10.006849315068493,786.25,54,190,2.159090909090909,0.0,United Kingdom
16973,386,1,127.0,2,2,1,221,5,1,127.0,365.25,127.0,6,60,10.0,0.0,United Kingdom
16974,523,2,365.5,1,3,2,132,6,41,182.75,17.817073170731707,365.5,5,70,8.75,0.0,United Kingdom
16975,423,3,926.12,1,3,3,133,7,82,308.70666666666665,13.362804878048781,926.1199999999999,44,586,13.022222222222222,0.0,United Kingdom
16976,267,1,251.51999999999998,2,2,1,221,5,1,251.51999999999998,365.25,251.51999999999998,2,88,44.0,0.0,United Kingdom
16977,395,4,496.0,2,4,2,242,8,236,124.0,6.190677966101695,495.99999999999994,25,142,5.071428571428571,0.39285714285714285,United Kingdom
16978,78,3,749.38,3,3,3,333,9,588,249.79333333333332,1.8635204081632653,749.38,65,285,4.253731343283582,0.0,United Kingdom
16979,4,9,2859.74,5,5,4,554,14,446,317.74888888888887,7.370515695067265,2859.74,82,1451,11.248062015503876,0.16279069767441862,United Kingdom
16980,255,3,1452.13,2,3,4,234,9,173,484.04333333333335,6.333815028901734,1452.13,91,1019,9.098214285714286,0.0,United Kingdom
16982,61,1,384.06,3,2,2,322,7,1,384.06,365.25,384.06,22,182,8.272727272727273,0.0,United Kingdom
16983,13,11,3713.56,5,5,5,555,15,433,337.5963636363636,9.278868360277137,3713.56,151,2508,10.072289156626505,1.0,United Kingdom
16984,88,9,10677.4,3,5,5,355,13,553,1186.3777777777777,5.944394213381555,10677.399999999998,669,5330,4.70432480141218,0.442188879082083,United Kingdom
16985,17,23,10115.71,5,5,5,555,15,711,439.81347826086954,11.815400843881857,10115.71,130,3103,12.76954732510288,0.11934156378600823,United Kingdom
16986,30,11,3450.9,4,5,5,455,14,643,313.71818181818185,6.248444790046656,3450.9,65,1739,9.994252873563218,0.0,United Kingdom
16987,3,11,2526.1,5,5,4,554,14,734,229.64545454545453,5.473773841961854,2526.1,155,679,2.5526315789473686,0.29699248120300753,United Kingdom
16988,5,2,382.67,5,3,2,532,10,374,191.335,1.9532085561497328,382.67,20,158,7.9,0.35,United Kingdom
16989,7,6,1133.25,5,4,3,543,12,143,188.875,15.325174825174825,1133.25,7,1233,102.75,0.0,United Kingdom
16990,219,2,344.0,2,3,2,232,7,203,172.0,3.5985221674876846,344.0,1,200,100.0,0.0,United Kingdom
16991,421,1,1041.21,1,2,3,123,6,1,1041.21,365.25,1041.21,74,793,10.716216216216216,0.0,United Kingdom
16992,11,13,5410.6,5,5,5,555,15,655,416.20000000000005,7.249236641221374,5410.6,212,2061,7.231578947368421,0.0,United Kingdom
16993,464,2,1950.95,1,3,4,134,8,112,975.475,6.522321428571429,1950.9499999999998,19,285,10.178571428571429,0.0,United Kingdom
16996,30,9,2123.61,4,5,4,454,13,387,235.95666666666668,8.49418604651163,2123.61,32,919,12.253333333333334,0.0,United Kingdom
16997,288,3,702.0,2,3,3,233,8,37,234.0,29.614864864864867,702.0000000000001,7,360,30.0,0.0,United Kingdom
16998,150,5,402.0,3,4,2,342,9,294,80.4,6.211734693877551,402.00000000000006,2,104,17.333333333333332,0.0,United Kingdom
16999,23,2,484.82,4,3,2,432,9,50,242.41,14.610000000000001,484.82000000000005,21,294,12.782608695652174,0.0,United Kingdom
17000,396,2,406.3,2,3,2,232,7,11,203.15,66.4090909090909,406.3,26,305,10.166666666666666,0.0,United Kingdom
17001,1,19,6640.8,5,5,5,555,15,623,349.5157894736842,11.139245585874798,6640.799999999999,108,3782,13.752727272727272,0.1890909090909091,United Kingdom
17002,86,7,2571.55,3,4,4,344,11,555,367.36428571428576,4.606756756756757,2571.55,64,1265,15.05952380952381,0.15476190476190477,United Kingdom
17003,402,4,830.16,2,4,3,243,9,176,207.54,8.301136363636363,830.16,90,495,4.419642857142857,0.0,United Kingdom
17004,46,4,2425.16,4,4,4,444,12,377,606.29,3.875331564986737,2425.1599999999994,48,1281,18.3,0.0,United Kingdom
17005,471,2,742.36,1,3,3,133,7,118,371.18,6.190677966101695,742.36,14,787,39.35,0.0,United Kingdom
17006,5,8,1636.77,5,5,4,554,14,639,204.59625,4.572769953051643,1636.7699999999998,103,573,4.407692307692308,0.14615384615384616,United Kingdom
17007,51,7,1120.1000000000001,4,4,3,443,11,386,160.01428571428573,6.623704663212435,1120.1,63,717,10.701492537313433,0.11940298507462686,United Kingdom
17008,429,1,81.36,1,2,1,121,4,1,81.36,365.25,81.36,1,24,24.0,0.0,United Kingdom
17009,551,1,242.06,1,2,1,121,4,1,242.06,365.25,242.05999999999997,10,336,30.545454545454547,1.0,United Kingdom
17010,18,1,195.36,5,2,1,521,8,1,195.36,365.25,195.36,11,118,10.727272727272727,0.0,United Kingdom
17011,30,3,680.1,4,3,3,433,10,621,226.70000000000002,1.7644927536231882,680.1,27,792,28.285714285714285,0.0,United Kingdom
17012,725,1,384.16,1,2,2,122,5,1,384.16,365.25,384.16,34,268,6.380952380952381,0.0,United Kingdom
17014,8,3,586.33,5,3,2,532,10,58,195.44333333333336,18.892241379310345,586.33,63,245,3.310810810810811,0.0,United Kingdom
17015,29,3,1842.56,4,3,4,434,11,156,614.1866666666666,7.024038461538462,1842.5599999999997,182,1981,9.129032258064516,0.0,United Kingdom
17016,577,1,552.4,1,2,2,122,5,1,552.4,365.25,552.4,41,309,7.536585365853658,0.0,United Kingdom
17017,3,29,14110.61,5,5,5,555,15,733,486.5727586206897,14.450545702592088,14110.61,120,10591,24.97877358490566,0.025943396226415096,United Kingdom
17018,41,6,2287.7,4,4,4,444,12,694,381.2833333333333,3.157780979827089,2287.7,26,456,12.324324324324325,0.40540540540540543,United Kingdom
17019,11,11,4012.2,5,5,5,555,15,726,364.74545454545455,5.534090909090909,4012.2,344,2643,3.70687237026648,0.0,United Kingdom
17020,542,2,935.62,1,3,3,133,7,104,467.81,7.024038461538461,935.6199999999999,64,860,12.46376811594203,0.0,United Kingdom
17021,442,6,1182.22,1,4,3,143,8,146,197.03666666666666,15.01027397260274,1182.22,35,992,20.666666666666668,0.3541666666666667,United Kingdom
17022,31,2,260.0,4,3,1,431,8,401,130.0,1.8216957605985038,260.0,16,180,11.25,0.5625,United Kingdom
17023,417,3,800.1800000000001,1,3,3,133,7,280,266.7266666666667,3.913392857142857,800.18,48,530,10.816326530612244,0.0,United Kingdom
17024,45,3,95.85,4,3,1,431,8,112,31.95,9.783482142857144,95.85000000000001,2,69,23.0,0.0,United Kingdom
17025,61,5,1510.64,3,4,4,344,11,580,302.12800000000004,3.148706896551724,1510.6400000000003,31,1024,24.38095238095238,0.0,United Kingdom
17026,185,3,208.98000000000002,3,3,1,331,7,231,69.66000000000001,4.7435064935064934,208.98000000000005,4,132,16.5,0.75,United Kingdom
17027,79,9,1191.36,3,5,3,353,11,651,132.37333333333333,5.049539170506913,1191.36,126,653,3.510752688172043,0.12903225806451613,United Kingdom
17028,581,3,1593.83,1,3,4,134,8,140,531.2766666666666,7.826785714285714,1593.83,85,856,9.010526315789473,0.0,United Kingdom
17029,111,7,2137.3,3,4,4,344,11,553,305.3285714285715,4.6234177215189876,2137.3,19,1265,43.62068965517241,0.13793103448275862,United Kingdom
17030,64,1,146.87,3,2,1,321,6,1,146.87,365.25,146.87,11,146,13.272727272727273,0.0,United Kingdom
17031,12,6,2773.85,5,4,4,544,13,569,462.30833333333334,3.8514938488576447,2773.85,34,1595,31.9,0.0,United Kingdom
17032,548,8,2964.9700000000003,1,5,5,155,11,181,370.62125000000003,16.14364640883978,2964.97,183,1695,7.092050209205021,0.0,United Kingdom
17033,86,4,1302.87,3,4,4,344,11,311,325.7175,4.697749196141479,1302.87,33,831,20.775,0.3,United Kingdom
17034,16,5,1283.92,5,4,4,544,13,497,256.784,3.6745472837022133,1283.92,49,700,11.864406779661017,0.0,United Kingdom
17035,246,4,613.59,2,4,3,243,9,491,153.3975,2.975560081466395,613.59,29,327,9.909090909090908,0.0,United Kingdom
17036,383,1,176.9,2,2,1,221,5,1,176.9,365.25,176.9,12,76,6.333333333333333,1.0,United Kingdom
17037,88,1,1267.32,3,2,4,324,9,1,1267.32,365.25,1267.32,75,656,8.746666666666666,0.0,United Kingdom
17038,30,2,743.17,4,3,3,433,10,384,371.585,1.90234375,743.17,61,535,8.492063492063492,0.0,United Kingdom
17039,604,1,1951.09,1,2,4,124,7,1,1951.09,365.25,1951.0899999999997,44,689,15.659090909090908,0.0,United Kingdom
17040,138,2,463.25,3,3,2,332,8,412,231.625,1.7730582524271845,463.25,15,189,11.8125,0.0,United Kingdom
17041,27,6,1686.28,4,4,4,444,12,573,281.0466666666667,3.824607329842932,1686.28,93,1337,10.364341085271318,0.6434108527131783,United Kingdom
17042,3,5,1044.38,5,4,3,543,12,244,208.87600000000003,7.484631147540984,1044.38,74,994,10.142857142857142,0.0,United Kingdom
17043,32,8,2616.55,4,5,4,454,13,698,327.06875,4.186246418338109,2616.5499999999997,175,1624,7.921951219512195,0.0,United Kingdom
17044,25,12,11898.7,4,5,5,455,14,707,991.5583333333334,6.1994342291372,11898.7,92,5722,38.40268456375839,0.0,United Kingdom
17045,113,5,761.83,3,4,3,343,10,316,152.366,5.779272151898734,761.83,44,294,5.547169811320755,0.16981132075471697,United Kingdom
17046,157,5,1906.07,3,4,4,344,11,463,381.214,3.94438444924406,1906.0699999999997,76,1636,19.24705882352941,0.0,United Kingdom
17047,85,6,2289.23,3,4,4,344,11,646,381.53833333333336,3.392414860681115,2289.2300000000005,114,1184,8.338028169014084,0.0,United Kingdom
17048,118,7,2049.73,3,4,4,344,11,572,292.81857142857143,4.4698426573426575,2049.73,88,1068,10.574257425742575,0.04950495049504951,United Kingdom
17049,3,19,9724.58,5,5,5,555,15,643,511.82,10.792768273716952,9724.58,316,4276,7.649373881932021,0.03756708407871199,United Kingdom
17050,96,11,4409.66,3,5,5,355,13,585,400.8781818181818,6.867948717948718,4409.66,193,2451,6.8655462184873945,0.957983193277311,United Kingdom
17051,194,4,714.39,2,4,3,243,9,433,178.5975,3.374133949191686,714.39,107,513,3.267515923566879,1.0,United Kingdom
17052,28,1,413.75,4,2,2,422,8,1,413.75,365.25,413.75,72,261,2.8369565217391304,0.0,United Kingdom
17053,131,1,498.48,3,2,2,322,7,1,498.48,365.25,498.48,13,122,9.384615384615385,0.0,United Kingdom
17054,28,5,1334.3799999999999,4,4,4,444,12,216,266.876,8.45486111111111,1334.3799999999999,64,804,9.686746987951807,0.0,United Kingdom
17055,446,1,239.55,1,2,1,121,4,1,239.55,365.25,239.54999999999998,24,87,2.9,0.0,United Kingdom
17056,738,1,128.60000000000002,1,2,1,121,4,1,128.60000000000002,365.25,128.60000000000002,8,26,3.25,0.0,United Kingdom
17057,596,1,294.74,1,2,2,122,5,1,294.74,365.25,294.74,48,129,2.58,0.0,United Kingdom
17058,82,3,1179.89,3,3,3,333,9,158,393.2966666666667,6.935126582278481,1179.89,51,592,9.548387096774194,0.0,United Kingdom
17059,30,9,5602.53,4,5,5,455,14,652,622.5033333333333,5.041794478527607,5602.53,349,3584,4.261593341260404,0.4304399524375743,United Kingdom
17060,266,1,234.24,2,2,1,221,5,1,234.24,365.25,234.24,5,216,43.2,0.0,United Kingdom
17061,74,11,5232.2300000000005,3,5,5,355,13,158,475.65727272727275,25.428797468354432,5232.2300000000005,57,1526,15.414141414141413,0.1111111111111111,United Kingdom
17062,314,6,1208.22,2,4,4,244,10,125,201.37,17.532,1208.22,82,922,5.621951219512195,0.7621951219512195,United Kingdom
17063,21,13,3638.53,4,5,5,455,14,717,279.8869230769231,6.622384937238493,3638.53,150,1899,9.263414634146342,0.0975609756097561,United Kingdom
17064,59,3,859.35,4,3,3,433,10,268,286.45,4.088619402985074,859.3499999999999,53,318,5.129032258064516,0.3709677419354839,United Kingdom
17065,638,2,194.7,1,3,1,131,5,1,97.35,730.5,194.70000000000002,6,82,6.833333333333333,0.0,United Kingdom
17066,726,1,228.34,1,2,1,121,4,1,228.34,365.25,228.34,17,93,5.166666666666667,1.0,United Kingdom
17067,725,3,454.54,1,3,2,132,6,6,151.51333333333335,182.625,454.54,8,322,24.76923076923077,0.0,United Kingdom
17068,12,47,9162.76,5,5,5,555,15,608,194.95234042553193,28.234786184210524,9162.76,250,4435,4.3310546875,0.1787109375,United Kingdom
17069,28,14,5794.28,4,5,5,455,14,708,413.8771428571428,7.222457627118644,5794.279999999999,202,3333,11.298305084745763,0.1016949152542373,United Kingdom
17070,114,2,445.32,3,3,2,332,8,296,222.66,2.4679054054054053,445.32,102,234,2.2285714285714286,0.0,United Kingdom
17071,28,13,3801.2000000000003,4,5,5,455,14,656,292.40000000000003,7.238185975609756,3801.2000000000007,141,1935,9.127358490566039,0.24056603773584906,United Kingdom
17072,625,1,282.05,1,2,2,122,5,1,282.05,365.25,282.05,20,218,9.909090909090908,0.0,United Kingdom
17073,18,4,1446.09,5,4,4,544,13,91,361.5225,16.054945054945055,1446.09,142,759,4.362068965517241,0.3103448275862069,United Kingdom
17074,563,1,203.05,1,2,1,121,4,1,203.05,365.25,203.04999999999998,4,19,4.75,0.0,United Kingdom
17075,18,10,2239.78,5,5,4,554,14,708,223.978,5.158898305084746,2239.7799999999997,153,787,3.935,0.0,United Kingdom
17076,36,6,1235.75,4,4,4,444,12,699,205.95833333333334,3.1351931330472103,1235.75,31,514,10.28,0.0,United Kingdom
17077,578,1,306.0,1,2,2,122,5,1,306.0,365.25,306.0,1,36,36.0,0.0,United Kingdom
17078,36,2,397.76,4,3,2,432,9,1,198.88,730.5,397.76,28,788,28.142857142857142,0.0,United Kingdom
17079,78,1,118.80000000000001,3,2,1,321,6,1,118.80000000000001,365.25,118.80000000000001,2,24,12.0,0.0,United Kingdom
17080,22,7,955.58,4,4,3,443,11,503,136.51142857142858,5.083001988071571,955.5800000000002,26,569,17.242424242424242,0.0,United Kingdom
17081,25,6,960.44,4,4,3,443,11,629,160.07333333333335,3.484101748807631,960.44,166,389,1.8177570093457944,0.14953271028037382,United Kingdom
17082,33,6,4518.03,4,4,5,445,13,691,753.005,3.1714905933429813,4518.030000000001,117,2526,14.858823529411765,0.3352941176470588,United Kingdom
17083,109,9,4049.79,3,5,5,355,13,559,449.9766666666667,5.880590339892666,4049.7900000000004,30,1955,17.0,0.0,United Kingdom
17084,35,3,5202.97,4,3,5,435,12,361,1734.3233333333335,3.0353185595567864,5202.97,263,3292,11.197278911564625,0.0,United Kingdom
17085,123,28,7887.51,3,5,5,355,13,610,281.69678571428574,16.7655737704918,7887.510000000001,411,3603,3.613841524573721,0.7953861584754263,United Kingdom
17086,7,6,2062.88,5,4,4,544,13,56,343.81333333333333,39.13392857142858,2062.88,76,1859,19.364583333333332,0.0,United Kingdom
17087,738,1,221.53,1,2,1,121,4,1,221.53,365.25,221.53,12,113,9.416666666666666,0.0,United Kingdom
17088,28,4,1984.01,4,4,4,444,12,225,496.0025,6.493333333333333,1984.01,96,868,7.547826086956522,0.0,United Kingdom
17089,386,1,128.45,2,2,1,221,5,1,128.45,365.25,128.45,4,35,8.75,0.0,United Kingdom
17090,4,13,3149.48,5,5,5,555,15,503,242.2676923076923,9.439860834990059,3149.48,54,1362,14.804347826086957,0.0,United Kingdom
17091,3,19,7816.56,5,5,5,555,15,720,411.39789473684215,9.638541666666667,7816.56,242,3845,8.111814345991561,0.0,United Kingdom
17092,50,11,5594.96,4,5,5,455,14,625,508.63272727272727,6.4284,5594.959999999999,273,3801,9.574307304785894,0.0,United Kingdom
17093,593,1,235.88,1,2,1,121,4,1,235.88,365.25,235.88,13,114,8.76923076923077,0.0,United Kingdom
17094,322,2,402.20000000000005,2,3,2,232,7,101,201.10000000000002,7.232673267326732,402.20000000000005,18,212,11.777777777777779,0.0,United Kingdom
17095,23,7,2572.25,4,4,4,444,12,701,367.4642857142857,3.647289586305278,2572.25,110,1695,12.372262773722628,0.3795620437956204,United Kingdom
17096,15,11,3759.1800000000003,5,5,5,555,15,540,341.74363636363637,7.440277777777778,3759.18,162,1571,7.23963133640553,0.23963133640552994,United Kingdom
17097,2,9,1316.55,5,5,4,554,14,428,146.28333333333333,7.680490654205608,1316.55,182,660,2.129032258064516,0.0064516129032258064,Spain
17098,382,3,591.07,2,3,2,232,7,159,197.02333333333334,6.891509433962264,591.07,10,125,6.944444444444445,0.0,United Kingdom
17099,533,1,582.17,1,2,2,122,5,1,582.17,365.25,582.17,40,317,7.925,0.0,United Kingdom
17100,18,2,971.74,5,3,3,533,11,1,485.87,730.5,971.7399999999999,65,800,12.307692307692308,0.0,United Kingdom
17101,10,7,2507.05,5,4,4,544,13,539,358.15000000000003,4.7435064935064934,2507.05,54,1175,16.095890410958905,0.0,United Kingdom
17102,262,1,25.5,2,2,1,221,5,1,25.5,365.25,25.5,1,2,2.0,0.0,United Kingdom
17103,722,1,424.3,1,2,2,122,5,1,424.3,365.25,424.3,32,471,14.71875,0.0,United Kingdom
17104,424,1,474.03000000000003,1,2,2,122,5,1,474.03000000000003,365.25,474.03000000000003,19,149,7.842105263157895,0.0,United Kingdom
17105,159,2,674.92,3,3,3,333,9,147,337.46,4.969387755102041,674.92,80,693,7.7,1.0,United Kingdom
17106,389,1,491.23,2,2,2,222,6,1,491.23,365.25,491.23,51,156,2.943396226415094,0.0,United Kingdom
17107,33,10,16075.49,4,5,5,455,14,643,1607.549,5.6804043545878695,16075.49,377,7544,11.192878338278932,0.7937685459940653,United Kingdom
17108,664,1,174.95,1,2,1,121,4,1,174.95,365.25,174.95,9,31,3.4444444444444446,1.0,United Kingdom
17109,29,8,1295.46,4,5,4,454,13,468,161.9325,6.2435897435897445,1295.46,124,789,5.635714285714286,0.0,United Kingdom
17110,165,3,510.7,3,3,2,332,8,444,170.23333333333332,2.4679054054054053,510.7,38,142,2.784313725490196,0.0,United Kingdom
17111,47,2,480.18,4,3,2,432,9,378,240.09,1.9325396825396826,480.18,44,601,12.26530612244898,1.0,United Kingdom
17112,503,1,205.17000000000002,1,2,1,121,4,1,205.17000000000002,365.25,205.17,44,134,2.68,1.0,United Kingdom
17113,574,6,2318.69,1,4,4,144,9,123,386.4483333333333,17.817073170731707,2318.6899999999996,122,915,5.754716981132075,0.5408805031446541,United Kingdom
17114,6,8,808.62,5,5,3,553,13,329,101.0775,8.881458966565349,808.62,85,219,1.7244094488188977,0.7244094488188977,United Kingdom
17115,8,7,2761.4900000000002,5,4,4,544,13,726,394.49857142857144,3.521694214876033,2761.4900000000002,102,885,7.375,0.125,United Kingdom
17116,648,1,389.78,1,2,2,122,5,1,389.78,365.25,389.78,47,392,8.340425531914894,0.0,United Kingdom
17117,288,1,116.2,2,2,1,221,5,1,116.2,365.25,116.2,9,68,7.555555555555555,0.0,United Kingdom
17118,318,1,157.02,2,2,1,221,5,1,157.02,365.25,157.02,10,154,15.4,0.0,United Kingdom
17119,3,2,606.91,5,3,3,533,11,56,303.455,13.044642857142858,606.91,35,334,9.542857142857143,0.0,United Kingdom
17120,233,1,307.46,2,2,2,222,6,1,307.46,365.25,307.46,18,120,6.666666666666667,0.0,United Kingdom
17121,403,1,314.74,2,2,2,222,6,1,314.74,365.25,314.74,12,106,8.833333333333334,0.0,United Kingdom
17122,119,4,570.5,3,4,2,342,9,380,142.625,3.8447368421052635,570.5,23,368,12.266666666666667,0.0,United Kingdom
17123,162,3,977.1700000000001,3,3,3,333,9,410,325.72333333333336,2.672560975609756,977.1700000000001,37,676,15.720930232558139,0.7906976744186046,United Kingdom
17124,185,1,298.89,3,2,2,322,7,1,298.89,365.25,298.89,31,130,4.0625,0.0,United Kingdom
17125,50,1,281.07,4,2,2,422,8,1,281.07,365.25,281.07,34,291,7.275,0.0,United Kingdom
17126,152,9,2086.26,3,5,4,354,12,313,231.8066666666667,10.502396166134186,2086.2600000000007,295,1468,3.090526315789474,0.7410526315789474,United Kingdom
17127,429,5,1155.0300000000002,1,4,3,143,8,306,231.00600000000003,5.968137254901961,1155.0300000000002,27,340,9.18918918918919,0.13513513513513514,United Kingdom
17128,335,1,157.09,2,2,1,221,5,1,157.09,365.25,157.09,14,76,5.428571428571429,1.0,United Kingdom
17129,520,1,31.85,1,2,1,121,4,1,31.85,365.25,31.849999999999998,2,5,2.5,0.0,United Kingdom
17131,5,5,2461.2200000000003,5,4,4,544,13,70,492.244,26.089285714285715,2461.2200000000003,78,983,7.335820895522388,1.0,United Kingdom
17132,452,2,1272.8,1,3,4,134,8,36,636.4,20.291666666666664,1272.8,62,980,12.564102564102564,0.6025641025641025,United Kingdom
17133,16,12,9740.33,5,5,5,555,15,612,811.6941666666667,7.161764705882353,9740.33,22,5763,102.91071428571429,0.3392857142857143,United Kingdom
17134,107,3,637.1,3,3,3,333,9,335,212.36666666666667,3.27089552238806,637.1,31,148,4.0,0.5405405405405406,United Kingdom
17135,16,10,1820.16,5,5,4,554,14,563,182.01600000000002,6.487566607460035,1820.16,98,1922,12.0125,0.53125,United Kingdom
17136,662,1,231.68,1,2,1,121,4,1,231.68,365.25,231.67999999999998,14,256,18.285714285714285,0.0,United Kingdom
17137,416,6,1133.63,1,4,3,143,8,261,188.93833333333336,8.39655172413793,1133.63,125,697,3.960227272727273,0.7272727272727273,United Kingdom
17138,276,7,4410.32,2,4,5,245,11,397,630.0457142857142,6.440176322418136,4410.32,234,2024,7.90625,0.0,United Kingdom
17139,16,25,19308.51,5,5,5,555,15,681,772.3403999999999,13.408590308370043,19308.509999999995,447,9859,12.186650185414091,0.049443757725587144,United Kingdom
17140,247,1,465.32,2,2,2,222,6,1,465.32,365.25,465.32,16,302,15.1,0.0,United Kingdom
17141,418,4,754.33,1,4,3,143,8,266,188.5825,5.492481203007519,754.3299999999999,138,436,2.5057471264367814,1.0,United Kingdom
17142,239,4,1099.8,2,4,3,243,9,445,274.95,3.2831460674157302,1099.8,78,323,3.588888888888889,0.6111111111111112,United Kingdom
17143,417,2,918.26,1,3,3,133,7,98,459.13,7.454081632653061,918.26,82,330,2.727272727272727,0.0,United Kingdom
17144,1,2,984.57,5,3,3,533,11,83,492.285,8.801204819277109,984.5700000000002,42,483,10.0625,0.0,United Kingdom
17145,513,4,3083.95,1,4,5,145,10,145,770.9875,10.075862068965519,3083.9500000000003,168,2415,13.416666666666666,0.0,United Kingdom
17146,106,13,5725.29,3,5,5,355,13,570,440.4069230769231,8.330263157894736,5725.29,164,2192,7.234323432343234,0.1551155115511551,United Kingdom
17147,23,9,3199.95,4,5,5,455,14,675,355.54999999999995,4.87,3199.95,99,1308,9.617647058823529,0.0,United Kingdom
17148,52,1,124.88,4,2,1,421,7,1,124.88,365.25,124.88,9,82,9.11111111111111,0.0,United Kingdom
17149,451,1,143.10000000000002,1,2,1,121,4,1,143.10000000000002,365.25,143.10000000000002,6,18,3.0,0.0,United Kingdom
17150,377,6,1371.75,2,4,4,244,10,357,228.625,6.1386554621848735,1371.75,64,403,4.333333333333333,0.8817204301075269,United Kingdom
17151,735,1,231.90000000000003,1,2,1,121,4,1,231.90000000000003,365.25,231.9,4,42,10.5,0.0,United Kingdom
17152,195,4,2016.5,2,4,4,244,10,230,504.125,6.352173913043479,2016.5,9,577,36.0625,0.5,United Kingdom
17153,24,1,213.78,4,2,1,421,7,1,213.78,365.25,213.78,14,104,7.428571428571429,0.0,United Kingdom
17154,75,1,336.06,3,2,2,322,7,1,336.06,365.25,336.06,23,490,21.304347826086957,1.0,United Kingdom
17155,18,7,894.14,5,4,3,543,12,719,127.73428571428572,3.5559805285118222,894.14,43,987,13.520547945205479,0.2191780821917808,United Kingdom
17156,492,1,591.87,1,2,2,122,5,1,591.87,365.25,591.87,39,391,10.025641025641026,0.0,United Kingdom
17157,8,19,5151.900000000001,5,5,5,555,15,727,271.1526315789474,9.545735900962862,5151.9000000000015,78,2092,14.836879432624114,0.11347517730496454,United Kingdom
17158,32,5,1980.0,4,4,4,444,12,609,396.0,2.998768472906404,1980.0,74,1147,10.150442477876107,0.17699115044247787,United Kingdom
17159,22,5,2105.83,4,4,4,444,12,623,421.166,2.9313804173354736,2105.83,115,1348,10.36923076923077,0.19230769230769232,United Kingdom
17160,31,17,10209.16,4,5,5,455,14,704,600.5388235294117,8.819957386363637,10209.16,215,8390,12.887864823348695,0.13210445468509985,United Kingdom
17161,444,1,856.01,1,2,3,123,6,1,856.01,365.25,856.0100000000001,52,537,10.326923076923077,0.0,United Kingdom
17162,29,10,1715.46,4,5,4,454,13,276,171.546,13.233695652173914,1715.4600000000003,81,1001,9.625,0.16346153846153846,United Kingdom
17163,22,4,699.78,4,4,3,443,11,653,174.945,2.237366003062787,699.78,27,531,17.7,0.0,United Kingdom
17164,33,7,2467.35,4,4,4,444,12,240,352.4785714285714,10.653125000000001,2467.35,92,1501,10.42361111111111,0.0,United Kingdom
17165,284,6,1794.32,2,4,4,244,10,444,299.05333333333334,4.9358108108108105,1794.32,77,788,7.88,0.0,United Kingdom
17166,39,2,206.34,4,3,1,431,8,165,103.17,4.427272727272728,206.34000000000003,11,78,6.5,0.0,United Kingdom
17167,380,3,867.11,2,3,3,233,8,65,289.0366666666667,16.857692307692307,867.11,64,429,5.430379746835443,0.0,United Kingdom
17168,499,1,400.2,1,2,2,122,5,1,400.2,365.25,400.2,21,220,10.476190476190476,0.0,United Kingdom
17169,58,3,1156.73,4,3,3,433,10,520,385.57666666666665,2.1072115384615384,1156.73,64,671,8.946666666666667,0.0,United Kingdom
17170,374,2,178.68,2,3,1,231,6,14,89.34,52.17857142857143,178.67999999999998,8,152,15.2,0.0,United Kingdom
17171,289,2,384.59000000000003,2,3,2,232,7,372,192.29500000000002,1.9637096774193548,384.59,25,225,9.0,0.0,United Kingdom
17172,79,3,956.5699999999999,3,3,3,333,9,647,318.8566666666666,1.6935857805255023,956.5699999999998,39,1215,31.153846153846153,0.358974358974359,United Kingdom
17173,5,8,3766.6,5,5,5,555,15,125,470.825,23.376,3766.6,36,1122,13.046511627906977,0.313953488372093,United Kingdom
17174,218,1,59.9,2,2,1,221,5,1,59.9,365.25,59.9,4,41,10.25,0.0,United Kingdom
17175,44,4,1401.74,4,4,4,444,12,252,350.435,5.7976190476190474,1401.74,42,866,13.746031746031745,0.20634920634920634,United Kingdom
17176,202,3,902.3199999999999,2,3,3,233,8,475,300.7733333333333,2.306842105263158,902.32,37,576,13.714285714285714,0.6428571428571429,United Kingdom
17177,505,1,119.5,1,2,1,121,4,1,119.5,365.25,119.5,29,40,1.3793103448275863,0.0,United Kingdom
17178,731,1,432.81,1,2,2,122,5,1,432.81,365.25,432.81,31,101,3.15625,0.0,United Kingdom
17179,178,6,1507.26,3,4,4,344,11,384,251.21,5.70703125,1507.26,75,625,3.9556962025316458,0.0,United Kingdom
17180,56,11,2256.98,4,5,4,454,13,630,205.18,6.377380952380952,2256.98,189,1828,4.480392156862745,0.0,United Kingdom
17181,57,3,437.42,4,3,2,432,9,538,145.80666666666667,2.0367100371747213,437.42,28,484,16.133333333333333,0.0,United Kingdom
17182,423,2,321.3,1,3,2,132,6,295,160.65,2.476271186440678,321.3,4,54,9.0,0.0,United Kingdom
17183,8,6,3347.31,5,4,5,545,14,97,557.885,22.592783505154642,3347.3100000000004,42,1296,17.753424657534246,0.4931506849315068,United Kingdom
17184,569,2,198.41000000000003,1,3,1,131,5,161,99.20500000000001,4.537267080745342,198.41000000000003,14,73,5.214285714285714,0.0,United Kingdom
17185,592,3,229.46,1,3,1,131,5,6,76.48666666666666,182.625,229.46,38,119,2.7045454545454546,0.0,United Kingdom
17186,47,2,144.0,4,3,1,431,8,13,72.0,56.192307692307686,144.0,1,200,100.0,0.0,United Kingdom
17187,227,2,467.71,2,3,2,232,7,299,233.855,2.44314381270903,467.71,21,426,18.52173913043478,0.0,United Kingdom
17188,11,13,4592.93,5,5,5,555,15,719,353.3023076923077,6.6039638386648125,4592.93,136,2569,14.936046511627907,0.09883720930232558,United Kingdom
17189,106,5,957.63,3,4,3,343,10,631,191.526,2.894215530903328,957.63,101,604,4.9105691056910565,0.0,United Kingdom
17190,59,7,1362.61,4,4,4,444,12,585,194.6585714285714,4.370512820512821,1362.61,160,1568,8.04102564102564,0.0,United Kingdom
17191,28,15,4844.75,4,5,5,455,14,710,322.98333333333335,7.716549295774648,4844.750000000001,269,2536,4.410434782608696,0.0,United Kingdom
17192,536,1,77.83,1,2,1,121,4,1,77.83,365.25,77.83,20,46,2.1904761904761907,0.0,United Kingdom
17193,36,9,2299.64,4,5,4,454,13,702,255.51555555555555,4.6826923076923075,2299.64,28,1652,37.54545454545455,0.0,United Kingdom
17194,274,3,810.5,2,3,3,233,8,256,270.1666666666667,4.2802734375,810.5,57,420,6.885245901639344,0.5245901639344263,United Kingdom
17195,655,1,562.98,1,2,2,122,5,1,562.98,365.25,562.98,31,486,15.67741935483871,0.0,United Kingdom
17196,428,1,352.9,1,2,2,122,5,1,352.9,365.25,352.9,84,168,1.6153846153846154,0.0,United Kingdom
17197,30,1,1013.01,4,2,3,423,9,1,1013.01,365.25,1013.0100000000001,29,191,6.586206896551724,0.0,United Kingdom
17198,24,3,1213.88,4,3,4,434,11,347,404.6266666666667,3.157780979827089,1213.88,89,599,3.46242774566474,0.0,United Kingdom
17199,582,1,152.32,1,2,1,121,4,1,152.32,365.25,152.32,8,304,33.77777777777778,0.0,United Kingdom
17200,387,4,320.71,2,4,2,242,8,264,80.1775,5.534090909090908,320.7099999999999,25,317,12.68,0.0,United Kingdom
17201,54,4,1242.88,4,4,4,444,12,613,310.72,2.3833605220228384,1242.8799999999999,154,1075,5.779569892473118,0.20430107526881722,United Kingdom
17202,421,1,160.65,1,2,1,121,4,1,160.65,365.25,160.65,8,55,6.875,0.0,United Kingdom
17203,36,10,5575.88,4,5,5,455,14,352,557.588,10.376420454545455,5575.88,195,4606,17.05925925925926,0.0,United Kingdom
17204,175,9,5504.6900000000005,3,5,5,355,13,372,611.6322222222223,8.836693548387096,5504.69,110,2651,14.977401129943503,0.03954802259887006,United Kingdom
17205,54,3,999.35,4,3,3,433,10,510,333.1166666666667,2.148529411764706,999.3499999999999,27,2214,63.25714285714286,0.0,United Kingdom
17206,53,1,204.24,4,2,1,421,7,1,204.24,365.25,204.24,7,76,10.857142857142858,0.0,United Kingdom
17207,652,1,303.21999999999997,1,2,2,122,5,1,303.21999999999997,365.25,303.21999999999997,55,241,3.5970149253731343,0.0,United Kingdom
17208,396,1,115.35,2,2,1,221,5,1,115.35,365.25,115.35000000000001,21,103,4.291666666666667,0.0,United Kingdom
17209,649,3,444.4,1,3,2,132,6,87,148.13333333333333,12.594827586206897,444.40000000000003,36,427,10.675,0.85,United Kingdom
17210,393,1,253.82,2,2,1,221,5,1,253.82,365.25,253.82000000000002,47,243,4.5,0.0,United Kingdom
17211,27,13,4016.33,4,5,5,455,14,699,308.9484615384615,6.792918454935623,4016.33,217,2345,6.220159151193634,0.8461538461538461,United Kingdom
17212,253,3,794.41,2,3,3,233,8,233,264.80333333333334,4.702789699570816,794.4100000000001,29,727,25.06896551724138,0.0,United Kingdom
17213,40,13,5138.400000000001,4,5,5,455,14,684,395.2615384615385,6.941885964912281,5138.4000000000015,130,2179,7.754448398576512,0.2846975088967972,United Kingdom
17214,60,6,1002.12,3,4,3,343,10,298,167.02,7.354026845637583,1002.12,79,276,2.679611650485437,0.18446601941747573,United Kingdom
17215,464,1,186.15,1,2,1,121,4,1,186.15,365.25,186.15,11,104,9.454545454545455,0.0,United Kingdom
17216,554,1,65.05,1,2,1,121,4,1,65.05,365.25,65.05,13,22,1.5714285714285714,0.0,United Kingdom
17217,234,2,218.0,2,3,1,231,6,385,109.0,1.8974025974025974,218.00000000000003,27,95,3.2758620689655173,0.0,United Kingdom
17218,4,18,4192.77,5,5,5,555,15,678,232.9316666666667,9.696902654867257,4192.77,248,2200,4.190476190476191,0.3333333333333333,United Kingdom
17219,32,2,259.13,4,3,1,431,8,384,129.565,1.90234375,259.13,43,188,3.76,0.0,United Kingdom
17220,24,21,4481.75,4,5,5,455,14,664,213.41666666666666,11.551581325301205,4481.75,408,2699,3.963289280469897,0.0,United Kingdom
17221,7,5,979.17,5,4,3,543,12,599,195.834,3.048831385642738,979.1700000000001,115,715,5.674603174603175,0.47619047619047616,United Kingdom
17222,65,6,1601.1100000000001,3,4,4,344,11,632,266.8516666666667,3.4675632911392404,1601.1100000000001,94,863,7.6371681415929205,0.1592920353982301,United Kingdom
17223,310,3,839.53,2,3,3,233,8,64,279.8433333333333,17.12109375,839.5299999999999,62,222,2.198019801980198,0.0,United Kingdom
17224,501,1,78.91,1,2,1,121,4,1,78.91,365.25,78.91,8,65,8.125,0.0,United Kingdom
17225,582,1,131.15,1,2,1,121,4,1,131.15,365.25,131.15,5,36,7.2,0.0,United Kingdom
17226,309,3,901.3199999999999,2,3,3,233,8,356,300.44,3.077949438202247,901.3199999999999,51,855,14.01639344262295,0.0,United Kingdom
17227,19,12,2042.79,5,5,4,554,14,674,170.2325,6.502967359050445,2042.7899999999997,58,1774,14.192,0.0,United Kingdom
17228,16,13,3177.24,5,5,5,555,15,621,244.4030769230769,7.646135265700482,3177.2399999999993,199,2568,7.173184357541899,0.06424581005586592,United Kingdom
17229,96,2,318.76,3,3,2,332,8,46,159.38,15.880434782608697,318.76,39,185,3.9361702127659575,0.3191489361702128,United Kingdom
17230,264,18,9924.95,2,5,5,255,12,467,551.3861111111112,14.078158458244111,9924.95,141,3903,17.50224215246637,0.17937219730941703,United Kingdom
17231,12,25,7197.19,5,5,5,555,15,719,287.88759999999996,12.699930458970794,7197.19,509,3738,3.0242718446601944,0.23381877022653721,United Kingdom
17232,3,2,421.52,5,3,2,532,10,11,210.76,66.4090909090909,421.52,30,203,5.638888888888889,0.0,United Kingdom
17233,35,3,560.86,4,3,2,432,9,689,186.95333333333335,1.5903483309143687,560.8600000000001,56,298,5.137931034482759,0.0,United Kingdom
17234,183,1,149.89,3,2,1,321,6,1,149.89,365.25,149.89,14,55,3.9285714285714284,0.0,United Kingdom
17235,25,8,1904.88,4,5,4,454,13,527,238.11,5.544592030360532,1904.8800000000003,52,971,9.808080808080808,0.0,United Kingdom
17236,13,12,1917.56,5,5,4,554,14,629,159.79666666666665,6.968203497615262,1917.5599999999997,123,804,5.0886075949367084,0.4177215189873418,United Kingdom
17237,11,4,1002.08,5,4,3,543,12,370,250.52,3.9486486486486485,1002.08,76,415,5.1875,0.0,United Kingdom
17238,3,32,7781.85,5,5,5,555,15,736,243.1828125,15.880434782608697,7781.85,486,3720,3.0219333874898457,0.0,United Kingdom
17239,313,4,1189.45,2,4,3,243,9,213,297.3625,6.859154929577465,1189.45,18,515,16.09375,0.21875,United Kingdom
17240,596,1,130.60000000000002,1,2,1,121,4,1,130.60000000000002,365.25,130.60000000000002,7,108,15.428571428571429,0.0,United Kingdom
17241,385,12,2744.14,2,5,4,254,11,276,228.6783333333333,15.880434782608695,2744.14,116,865,5.058479532163743,0.0,United Kingdom
17242,108,5,2889.2799999999997,3,4,5,345,12,576,577.856,3.1705729166666665,2889.2799999999997,44,1459,17.36904761904762,0.5,United Kingdom
17243,1,69,20904.98,5,5,5,555,15,736,302.97072463768114,34.2421875,20904.979999999996,359,8198,7.2292768959435625,0.5,United Kingdom
17244,53,5,1837.92,4,4,4,444,12,680,367.584,2.6856617647058827,1837.92,109,1419,11.825,0.7416666666666667,United Kingdom
17245,205,2,371.63,2,3,2,232,7,484,185.815,1.509297520661157,371.63,24,307,12.28,0.0,United Kingdom
17246,547,2,38.92,1,3,1,131,5,191,19.46,3.8246073298429315,38.92,6,36,6.0,0.0,United Kingdom
17247,15,1,282.19,5,2,2,522,9,1,282.19,365.25,282.19,53,106,1.9272727272727272,0.0,United Kingdom
17248,120,2,546.16,3,3,2,332,8,361,273.08,2.0235457063711912,546.16,85,292,2.4957264957264957,0.41025641025641024,United Kingdom
17249,429,1,68.03,1,2,1,121,4,1,68.03,365.25,68.03,27,79,2.925925925925926,0.0,United Kingdom
17250,4,2,382.57,5,3,2,532,10,257,191.285,2.842412451361868,382.56999999999994,55,168,2.9473684210526314,0.0,United Kingdom
17251,363,3,812.4300000000001,2,3,3,233,8,362,270.81,3.0269337016574585,812.43,65,379,4.7375,0.4875,United Kingdom
17252,117,2,353.86,3,3,2,332,8,69,176.93,10.58695652173913,353.86,86,193,2.218390804597701,0.0,United Kingdom
17253,18,1,178.26,5,2,1,521,8,1,178.26,365.25,178.26,18,43,2.388888888888889,0.0,United Kingdom
17254,5,3,472.88,5,3,2,532,10,396,157.62666666666667,2.767045454545454,472.87999999999994,129,398,2.689189189189189,0.0,United Kingdom
17255,41,4,802.49,4,4,3,443,11,405,200.6225,3.6074074074074076,802.49,163,594,3.126315789473684,1.0,United Kingdom
17256,107,5,498.93,3,4,2,342,9,492,99.786,3.711890243902439,498.93,20,299,9.64516129032258,0.4838709677419355,United Kingdom
17257,436,2,192.73,1,3,1,131,5,1,96.365,730.5,192.73,14,188,12.533333333333333,0.0,United Kingdom
17258,397,2,417.3,2,3,2,232,7,268,208.65,2.7257462686567164,417.30000000000007,46,188,3.418181818181818,0.0,United Kingdom
17259,148,6,1889.34,3,4,4,344,11,507,314.89,4.322485207100592,1889.34,179,1158,3.5090909090909093,0.0,United Kingdom
17260,411,1,99.0,1,2,1,121,4,1,99.0,365.25,99.0,6,23,3.8333333333333335,1.0,United Kingdom
17261,510,1,230.44,1,2,1,121,4,1,230.44,365.25,230.44000000000003,43,98,2.130434782608696,1.0,United Kingdom
17262,52,11,2757.62,4,5,4,454,13,672,250.69272727272727,5.978794642857143,2757.62,12,709,33.76190476190476,0.0,United Kingdom
17263,208,1,63.440000000000005,2,2,1,221,5,1,63.440000000000005,365.25,63.440000000000005,23,36,1.565217391304348,1.0,United Kingdom
17264,424,1,279.59,1,2,1,121,4,1,279.59,365.25,279.59,70,227,2.7023809523809526,0.0,United Kingdom
17265,139,2,562.9,3,3,2,332,8,41,281.45,17.817073170731707,562.9,106,394,3.1023622047244093,1.0,United Kingdom
17266,2,5,517.73,5,4,2,542,11,638,103.546,2.862460815047022,517.73,95,252,1.984251968503937,0.0,United Kingdom
17267,127,2,317.62,3,3,2,332,8,1,158.81,730.5,317.62,37,159,4.184210526315789,0.0,United Kingdom
17268,108,11,1642.37,3,5,4,354,12,623,149.3063636363636,6.449036918138042,1642.37,26,1307,43.56666666666667,0.03333333333333333,United Kingdom
17269,386,1,537.46,2,2,2,222,6,1,537.46,365.25,537.46,110,336,2.3013698630136985,0.0,United Kingdom
17270,469,2,600.4499999999999,1,3,2,132,6,262,300.22499999999997,2.7881679389312977,600.4499999999999,45,421,8.591836734693878,0.0,United Kingdom
17271,736,1,210.39,1,2,1,121,4,1,210.39,365.25,210.39,46,117,2.25,0.0,United Kingdom
17272,42,4,2148.63,4,4,4,444,12,220,537.1575,6.6409090909090915,2148.63,70,1778,15.596491228070175,0.0,United Kingdom
17273,424,1,141.12,1,2,1,121,4,1,141.12,365.25,141.12,12,133,11.083333333333334,0.0,United Kingdom
17274,35,2,577.38,4,3,2,432,9,360,288.69,2.029166666666667,577.38,76,273,3.4556962025316458,0.0,United Kingdom
17275,383,1,112.57,2,2,1,221,5,1,112.57,365.25,112.57,23,72,3.0,1.0,United Kingdom
17276,402,1,508.39,2,2,2,222,6,1,508.39,365.25,508.39000000000004,50,189,3.5,0.0,United Kingdom
17277,228,2,1065.3500000000001,2,3,3,233,8,95,532.6750000000001,7.689473684210527,1065.3500000000001,67,430,6.231884057971015,0.0,United Kingdom
17278,241,2,249.29000000000002,2,3,1,231,6,323,124.64500000000001,2.261609907120743,249.29,17,195,11.470588235294118,0.11764705882352941,United Kingdom
17279,58,1,180.88,4,2,1,421,7,1,180.88,365.25,180.88,8,48,5.333333333333333,0.0,United Kingdom
17280,438,1,118.86,1,2,1,121,4,1,118.86,365.25,118.86,6,74,12.333333333333334,0.0,United Kingdom
17281,374,6,797.85,2,4,3,243,9,299,132.975,7.329431438127091,797.85,2,295,49.166666666666664,0.0,United Kingdom
17282,130,5,2138.86,3,4,4,344,11,418,427.77200000000005,4.369019138755981,2138.86,168,2111,9.728110599078342,0.41013824884792627,United Kingdom
17283,379,1,190.14,2,2,1,221,5,1,190.14,365.25,190.14,15,179,11.933333333333334,0.0,United Kingdom
17284,60,8,2581.7,3,5,4,354,12,384,322.7125,7.609375,2581.7,285,2071,5.537433155080214,0.026737967914438502,United Kingdom
17285,628,2,428.34,1,3,2,132,6,34,214.17,21.485294117647058,428.34,41,140,2.857142857142857,1.0,United Kingdom
17286,22,3,395.48,4,3,2,432,9,378,131.82666666666668,2.8988095238095237,395.48,89,371,3.989247311827957,0.0,United Kingdom
17287,26,21,4078.21,4,5,5,455,14,710,194.2004761904762,10.803169014084506,4078.21,279,2101,4.2444444444444445,0.14545454545454545,United Kingdom
17288,9,11,2499.71,5,5,4,554,14,385,227.24636363636364,10.435714285714285,2499.71,233,1706,5.783050847457627,0.8677966101694915,United Kingdom
17289,32,9,2077.44,4,5,4,454,13,609,230.82666666666668,5.397783251231527,2077.44,202,1260,4.516129032258065,0.5232974910394266,United Kingdom
17290,4,8,1508.29,5,5,4,554,14,722,188.53625,4.0470914127423825,1508.2900000000002,184,1147,5.650246305418719,0.014778325123152709,United Kingdom
17291,308,1,550.8000000000001,2,2,2,222,6,1,550.8000000000001,365.25,550.8000000000001,1,72,72.0,0.0,United Kingdom
17292,472,2,271.75,1,3,1,131,5,107,135.875,6.827102803738319,271.75,14,131,8.733333333333333,0.4,United Kingdom
17293,8,17,3728.91,5,5,5,555,15,727,219.34764705882353,8.54092159559835,3728.9100000000003,148,2234,9.118367346938776,0.0,United Kingdom
17294,669,2,467.79,1,3,2,132,6,1,233.895,730.5,467.79,17,297,17.470588235294116,0.0,United Kingdom
17295,29,3,556.95,4,3,2,432,9,35,185.65,31.307142857142857,556.95,53,294,4.260869565217392,0.0,United Kingdom
17296,730,1,338.13,1,2,2,122,5,1,338.13,365.25,338.13,32,216,6.545454545454546,0.0,United Kingdom
17297,17,1,131.78,5,2,1,521,8,1,131.78,365.25,131.78,49,67,1.3137254901960784,0.0,United Kingdom
17298,101,5,957.5600000000001,3,4,3,343,10,540,191.512,3.3819444444444446,957.5600000000001,61,854,12.2,0.05714285714285714,United Kingdom
17299,12,6,1016.08,5,4,3,543,12,469,169.34666666666666,4.6727078891258,1016.08,96,934,7.783333333333333,0.9083333333333333,United Kingdom
17300,391,2,393.64,2,3,2,232,7,90,196.82,8.116666666666667,393.64,37,467,10.613636363636363,1.0,United Kingdom
17301,21,2,330.43,4,3,2,432,9,603,165.215,1.2114427860696517,330.43,107,229,1.8925619834710743,0.0,United Kingdom
17302,15,5,1135.63,5,4,3,543,12,290,227.12600000000003,6.297413793103448,1135.63,68,575,7.2784810126582276,0.3037974683544304,United Kingdom
17303,361,1,250.04,2,2,1,221,5,1,250.04,365.25,250.04,53,144,2.7169811320754715,0.0,United Kingdom
17304,534,1,111.5,1,2,1,121,4,1,111.5,365.25,111.5,5,73,14.6,0.0,United Kingdom
17305,649,1,2042.18,1,2,4,124,7,1,2042.18,365.25,2042.18,9,918,102.0,0.0,United Kingdom
17306,11,21,8032.51,5,5,5,555,15,393,382.5004761904762,19.517175572519086,8032.510000000001,17,7611,105.70833333333333,0.0,United Kingdom
17307,395,11,3924.9300000000003,2,5,5,255,12,293,356.8118181818182,13.71245733788396,3924.9300000000003,22,3419,71.22916666666667,0.0,United Kingdom
17308,393,2,1198.32,2,3,3,233,8,59,599.16,12.38135593220339,1198.32,5,1296,185.14285714285714,0.0,United Kingdom
17309,95,3,330.59,3,3,2,332,8,577,110.19666666666666,1.899046793760832,330.59,33,193,5.216216216216216,0.0,United Kingdom
17310,387,2,770.1,2,3,3,233,8,147,385.05,4.969387755102041,770.1,1,302,151.0,0.0,United Kingdom
17311,78,6,3566.56,3,4,5,345,12,596,594.4266666666666,3.6770134228187916,3566.559999999999,124,2755,21.69291338582677,0.0,United Kingdom
17312,139,3,644.3,3,3,3,333,9,20,214.76666666666665,54.7875,644.3,11,372,26.571428571428573,0.7857142857142857,United Kingdom
17313,31,1,2328.84,4,2,4,424,10,1,2328.84,365.25,2328.84,24,1402,58.416666666666664,0.0,United Kingdom
17314,25,17,4904.43,4,5,5,455,14,711,288.4958823529412,8.733122362869198,4904.429999999999,200,3663,14.30859375,0.04296875,United Kingdom
17315,2,43,9567.15,5,5,5,555,15,436,222.49186046511628,36.022362385321095,9567.15,385,4892,6.44532279314888,0.048748353096179184,United Kingdom
17316,420,1,124.45,1,2,1,121,4,1,124.45,365.25,124.45,35,44,1.2571428571428571,0.0,United Kingdom
17317,46,3,2278.1,4,3,4,434,11,43,759.3666666666667,25.482558139534884,2278.1000000000004,8,842,93.55555555555556,0.7777777777777778,United Kingdom
17318,725,1,164.28,1,2,1,121,4,1,164.28,365.25,164.28,17,60,3.3333333333333335,0.0,United Kingdom
17319,669,1,29.099999999999998,1,2,1,121,4,1,29.099999999999998,365.25,29.099999999999998,3,14,4.666666666666667,0.0,United Kingdom
17320,100,6,2895.77,3,4,5,345,12,586,482.62833333333333,3.7397610921501707,2895.77,86,1392,8.0,0.14942528735632185,United Kingdom
17321,8,6,1689.33,5,4,4,544,13,569,281.555,3.8514938488576447,1689.33,241,817,2.769491525423729,0.0,United Kingdom
17322,376,5,922.59,2,4,3,243,9,360,184.518,5.072916666666667,922.59,115,631,3.5649717514124295,0.3728813559322034,United Kingdom
17323,15,12,1565.59,5,5,4,554,14,683,130.46583333333334,6.417276720351391,1565.5900000000001,168,1442,4.291666666666667,0.6875,United Kingdom
17324,18,12,2294.87,5,5,4,554,14,703,191.23916666666665,6.234708392603129,2294.8699999999994,111,1537,10.111842105263158,0.0,United Kingdom
17325,280,3,609.5699999999999,2,3,3,233,8,361,203.18999999999997,3.0353185595567864,609.5699999999998,39,465,11.923076923076923,0.0,United Kingdom
17326,408,2,321.95,2,3,2,232,7,121,160.975,6.037190082644628,321.95,82,140,1.5730337078651686,0.0,United Kingdom
17327,410,2,152.35,2,3,1,231,6,152,76.175,4.805921052631579,152.35,3,59,14.75,0.0,United Kingdom
17328,673,1,104.7,1,2,1,121,4,1,104.7,365.25,104.7,6,86,14.333333333333334,0.0,United Kingdom
17329,14,5,1004.4300000000001,5,4,3,543,12,721,200.88600000000002,2.5329403606102634,1004.4300000000002,80,432,4.114285714285714,0.0,United Kingdom
17330,23,4,391.85,4,4,2,442,10,624,97.9625,2.3413461538461537,391.85,7,122,15.25,0.125,United Kingdom
17331,124,1,175.2,3,2,1,321,6,1,175.2,365.25,175.2,1,16,16.0,0.0,United Kingdom
17332,528,5,838.27,1,4,3,143,8,128,167.654,14.267578125,838.27,82,794,8.357894736842105,0.7368421052631579,United Kingdom
17333,86,1,494.25,3,2,2,322,7,1,494.25,365.25,494.25,28,375,13.392857142857142,0.0,United Kingdom
17334,302,3,635.1500000000001,2,3,3,233,8,104,211.7166666666667,10.536057692307692,635.1500000000001,20,566,18.258064516129032,0.0,United Kingdom
17335,384,2,508.0,2,3,2,232,7,300,254.0,2.435,508.0,34,216,5.538461538461538,1.0,United Kingdom
17336,472,1,81.12,1,2,1,121,4,1,81.12,365.25,81.12,1,48,48.0,0.0,United Kingdom
17337,151,4,2028.86,3,4,4,344,11,158,507.215,9.246835443037975,2028.86,421,1269,2.3370165745856353,0.289134438305709,United Kingdom
17338,17,17,12147.27,5,5,5,555,15,621,714.5452941176471,9.9987922705314,12147.27,590,5879,4.316446402349486,0.0,United Kingdom
17339,94,3,362.36,3,3,2,332,8,415,120.78666666666668,2.6403614457831326,362.36,10,188,13.428571428571429,0.07142857142857142,United Kingdom
17340,30,18,22396.08,4,5,5,455,14,633,1244.2266666666667,10.386255924170616,22396.079999999998,322,11210,14.427284427284427,0.18018018018018017,United Kingdom
17341,157,5,1889.83,3,4,4,344,11,383,377.966,4.768276762402088,1889.83,200,1169,2.8722358722358723,0.0,United Kingdom
17342,380,4,1158.5900000000001,2,4,3,243,9,290,289.64750000000004,5.037931034482759,1158.5900000000004,31,521,14.885714285714286,0.0,United Kingdom
17343,355,6,1259.94,2,4,4,244,10,380,209.99,5.767105263157895,1259.9400000000003,61,454,5.675,0.6625,United Kingdom
17344,46,2,468.11,4,3,2,432,9,682,234.055,1.0711143695014662,468.11,64,213,3.0869565217391304,0.0,United Kingdom
17345,15,10,1626.14,5,5,4,554,14,722,162.614,5.058864265927978,1626.14,174,2013,9.450704225352112,0.0,United Kingdom
17346,4,26,5311.34,5,5,5,555,15,597,204.2823076923077,15.907035175879397,5311.340000000001,517,3653,3.620416253716551,0.1159563924677899,United Kingdom
17347,86,1,212.0,3,2,1,321,6,1,212.0,365.25,212.0,1,200,200.0,0.0,United Kingdom
17348,15,9,2488.84,5,5,4,554,14,624,276.5377777777778,5.268028846153846,2488.84,326,2793,6.058568329718004,0.0,United Kingdom
17349,179,5,853.41,3,4,3,343,10,452,170.682,4.040376106194691,853.4100000000001,74,836,8.893617021276595,0.0,United Kingdom
17350,8,7,1906.23,5,4,4,544,13,668,272.31857142857143,3.8274700598802394,1906.2300000000002,124,1216,8.32876712328767,0.0,United Kingdom
17351,36,12,1988.23,4,5,4,454,13,693,165.68583333333333,6.324675324675325,1988.23,45,383,5.550724637681159,0.014492753623188406,United Kingdom
17352,696,1,36.25,1,2,1,121,4,1,36.25,365.25,36.25,5,15,3.0,0.0,United Kingdom
17353,129,4,3242.0,3,4,5,345,12,495,810.5,2.951515151515151,3242.0,7,2168,154.85714285714286,0.0,United Kingdom
17354,51,4,3143.46,4,4,5,445,13,377,785.865,3.875331564986737,3143.46,85,2535,24.375,0.0,United Kingdom
17355,386,1,285.11,2,2,2,222,6,1,285.11,365.25,285.11,28,257,6.945945945945946,0.0,United Kingdom
17356,312,5,946.47,2,4,3,243,9,376,189.294,4.857047872340425,946.4700000000001,73,925,10.755813953488373,0.0,United Kingdom
17357,24,2,388.14,4,3,2,432,9,1,194.07,730.5,388.14000000000004,41,153,3.4,0.0,United Kingdom
17358,303,5,866.05,2,4,3,243,9,350,173.20999999999998,5.217857142857143,866.05,126,442,3.006802721088435,0.7959183673469388,United Kingdom
17359,11,2,284.46,5,3,2,532,10,636,142.23,1.1485849056603774,284.46,36,237,6.2368421052631575,0.0,United Kingdom
17360,17,6,1219.43,5,4,4,544,13,417,203.23833333333334,5.255395683453237,1219.43,189,636,2.65,0.0,United Kingdom
17361,49,5,880.64,4,4,3,443,11,627,176.128,2.9126794258373208,880.6399999999999,51,383,6.603448275862069,0.0,United Kingdom
17362,239,7,1006.09,2,4,3,243,9,463,143.72714285714287,5.522138228941684,1006.09,99,549,3.8125,0.0,United Kingdom
17363,395,3,940.86,2,3,3,233,8,6,313.62,182.625,940.86,34,523,14.527777777777779,0.0,United Kingdom
17364,1,28,11728.15,5,5,5,555,15,731,418.8625,13.990424076607388,11728.150000000001,513,7513,8.166304347826086,0.05217391304347826,United Kingdom
17365,13,15,8224.98,5,5,5,555,15,664,548.332,8.25112951807229,8224.98,395,8056,10.082603254067584,0.06633291614518148,United Kingdom
17366,432,2,1096.24,1,3,3,133,7,23,548.12,31.760869565217394,1096.24,120,510,3.7777777777777777,0.43703703703703706,United Kingdom
17367,238,1,168.4,2,2,1,221,5,1,168.4,365.25,168.4,33,150,4.411764705882353,0.0,United Kingdom
17368,23,14,2826.14,4,5,4,454,13,700,201.86714285714285,7.305000000000001,2826.1400000000003,195,2343,9.7625,0.175,United Kingdom
17369,456,1,170.0,1,2,1,121,4,1,170.0,365.25,170.0,1,200,200.0,0.0,United Kingdom
17370,73,4,452.42,3,4,2,342,9,96,113.105,15.21875,452.42,31,540,16.363636363636363,0.0,United Kingdom
17371,17,6,662.55,5,4,3,543,12,714,110.425,3.0693277310924367,662.55,135,283,1.9383561643835616,0.0,United Kingdom
17372,41,28,4377.56,4,5,5,455,14,695,156.3414285714286,14.715107913669064,4377.56,412,1876,2.8424242424242423,0.6545454545454545,United Kingdom
17373,40,7,1167.5,4,4,3,443,11,609,166.78571428571428,4.198275862068965,1167.5,65,738,8.10989010989011,0.45054945054945056,United Kingdom
17374,219,3,727.11,2,3,3,233,8,176,242.37,6.2258522727272725,727.11,34,155,3.6904761904761907,0.0,United Kingdom
17375,199,4,660.55,2,4,3,243,9,232,165.1375,6.297413793103448,660.55,77,480,5.5813953488372094,0.0,United Kingdom
17376,71,4,453.64,3,4,2,342,9,452,113.41,3.232300884955752,453.63999999999993,41,244,4.4363636363636365,0.16363636363636364,United Kingdom
17377,24,78,18319.41,4,5,5,455,14,713,234.86423076923077,39.957223001402525,18319.41,505,7589,4.273085585585585,0.12837837837837837,United Kingdom
17378,374,1,10.95,2,2,1,221,5,1,10.95,365.25,10.95,1,1,1.0,0.0,United Kingdom
17379,11,1,430.66,5,2,2,522,9,1,430.66,365.25,430.66,71,663,7.9879518072289155,0.0,United Kingdom
17380,434,3,645.0,1,3,3,133,7,100,215.0,10.957500000000001,645.0,5,252,25.2,0.0,United Kingdom
17381,9,38,28201.25,5,5,5,555,15,539,742.1381578947369,25.750463821892392,28201.25,50,24631,141.55747126436782,0.05747126436781609,United Kingdom
17382,65,8,902.28,3,5,3,353,11,504,112.785,5.7976190476190474,902.28,16,457,25.38888888888889,0.0,United Kingdom
17383,4,2,309.99,5,3,2,532,10,449,154.995,1.6269487750556793,309.99,51,162,3.056603773584906,0.03773584905660377,United Kingdom
17384,19,3,507.55,5,3,2,532,10,447,169.18333333333334,2.4513422818791946,507.54999999999995,15,121,6.05,0.85,United Kingdom
17385,15,1,262.79,5,2,1,521,8,1,262.79,365.25,262.79,42,201,4.276595744680851,0.0,United Kingdom
17386,8,7,2299.01,5,4,4,544,13,377,328.43,6.78183023872679,2299.01,32,1651,43.44736842105263,0.0,United Kingdom
17387,20,2,784.11,4,3,3,433,10,13,392.055,56.192307692307686,784.11,71,542,6.948717948717949,1.0,United Kingdom
17388,78,11,2103.67,3,5,4,354,12,651,191.24272727272728,6.171658986175116,2103.6700000000005,41,1847,32.40350877192982,0.19298245614035087,United Kingdom
17389,1,61,56500.48,5,5,5,555,15,734,926.2373770491804,30.35456403269755,56500.48,63,17272,40.07424593967517,0.08584686774941995,United Kingdom
17390,421,1,149.3,1,2,1,121,4,1,149.3,365.25,149.3,12,49,4.083333333333333,0.0,United Kingdom
17391,164,2,508.8,3,3,2,332,8,1,254.4,730.5,508.8,2,480,160.0,0.0,United Kingdom
17392,307,3,617.66,2,3,3,233,8,143,205.88666666666666,7.6625874125874125,617.66,66,493,6.4868421052631575,0.17105263157894737,United Kingdom
17393,411,2,381.15000000000003,1,3,2,132,6,77,190.57500000000002,9.487012987012987,381.15000000000003,45,238,4.958333333333333,0.5625,United Kingdom
17394,219,1,192.35,2,2,1,221,5,1,192.35,365.25,192.35,4,225,56.25,0.0,United Kingdom
17395,508,1,97.5,1,2,1,121,4,1,97.5,365.25,97.5,3,66,22.0,0.0,United Kingdom
17396,39,14,8807.1,4,5,5,455,14,402,629.0785714285714,12.720149253731343,8807.1,29,2419,48.38,0.0,United Kingdom
17397,22,3,1233.18,4,3,4,434,11,394,411.06,2.781091370558376,1233.18,132,697,5.050724637681159,0.0,United Kingdom
17398,115,3,653.38,3,3,3,333,9,140,217.79333333333332,7.826785714285714,653.3799999999999,30,310,8.157894736842104,0.0,United Kingdom
17400,126,8,4677.05,3,5,5,355,13,595,584.63125,4.910924369747899,4677.05,345,2199,4.571725571725572,0.0,United Kingdom
17401,541,1,114.85,1,2,1,121,4,1,114.85,365.25,114.85000000000001,11,34,2.8333333333333335,0.0,United Kingdom
17402,5,23,5079.18,5,5,5,555,15,718,220.83391304347828,11.700208913649025,5079.18,105,1571,7.738916256157635,0.47783251231527096,United Kingdom
17403,36,2,388.62,4,3,2,432,9,414,194.31,1.7644927536231885,388.62,45,194,4.217391304347826,0.0,United Kingdom
17404,4,23,38423.44,5,5,5,555,15,697,1670.584347826087,12.052725968436155,38423.44,126,35423,121.31164383561644,0.0821917808219178,Sweden
17405,1,3,1031.41,5,3,3,533,11,149,343.80333333333334,7.354026845637583,1031.4099999999999,77,726,8.853658536585366,0.0,United Kingdom
17406,333,13,4414.05,2,5,5,255,12,400,339.5423076923077,11.870625,4414.05,155,2124,8.200772200772201,0.2702702702702703,United Kingdom
17407,412,1,552.9,1,2,2,122,5,1,552.9,365.25,552.9,23,426,18.52173913043478,1.0,United Kingdom
17408,163,3,316.09000000000003,3,3,2,332,8,350,105.36333333333334,3.130714285714286,316.09000000000003,7,163,20.375,0.0,United Kingdom
17409,185,10,7793.51,3,5,5,355,13,543,779.351,6.726519337016574,7793.51,50,4089,39.31730769230769,0.0,United Kingdom
17410,16,5,1214.72,5,4,4,544,13,199,242.94400000000002,9.17713567839196,1214.72,57,616,9.625,0.34375,United Kingdom
17411,12,5,1425.38,5,4,4,544,13,724,285.076,2.5224447513812156,1425.38,69,608,8.106666666666667,0.3333333333333333,United Kingdom
17412,3,16,3863.52,5,5,5,555,15,734,241.47,7.961852861035423,3863.52,161,2604,11.033898305084746,0.1652542372881356,United Kingdom
17413,405,2,560.14,2,3,2,232,7,165,280.07,4.427272727272728,560.14,10,302,30.2,0.8,United Kingdom
17414,44,6,1124.56,4,4,3,443,11,692,187.42666666666665,3.166907514450867,1124.56,6,2408,114.66666666666667,0.0,United Kingdom
17415,80,1,341.89,3,2,2,322,7,1,341.89,365.25,341.89,14,114,8.142857142857142,0.0,United Kingdom
17416,30,22,17035.7,4,5,5,455,14,695,774.35,11.561870503597122,17035.700000000004,324,8769,14.688442211055277,0.0,United Kingdom
17417,549,1,164.18,1,2,1,121,4,1,164.18,365.25,164.18,16,76,4.75,0.0,United Kingdom
17418,42,3,670.0600000000001,4,3,3,433,10,344,223.35333333333335,3.1853197674418605,670.0600000000001,40,521,12.404761904761905,0.0,United Kingdom
17419,11,18,6433.52,5,5,5,555,15,672,357.4177777777778,9.783482142857142,6433.52,203,3087,9.70754716981132,0.0,United Kingdom
17420,50,6,1080.53,4,4,3,443,11,351,180.08833333333334,6.243589743589744,1080.53,43,499,8.75438596491228,0.12280701754385964,United Kingdom
17421,386,3,1059.41,2,3,3,233,8,349,353.1366666666667,3.1396848137535818,1059.4100000000003,46,807,13.913793103448276,0.0,United Kingdom
17422,16,11,3604.12,5,5,5,555,15,518,327.6472727272727,7.7562741312741315,3604.12,149,3538,17.258536585365853,0.15609756097560976,United Kingdom
17423,46,3,1118.95,4,3,3,433,10,347,372.98333333333335,3.157780979827089,1118.9499999999998,39,790,18.372093023255815,0.0,United Kingdom
17425,19,2,759.1700000000001,5,3,3,533,11,41,379.58500000000004,17.817073170731707,759.1700000000001,42,407,9.465116279069768,0.023255813953488372,United Kingdom
17426,8,13,7902.17,5,5,5,555,15,652,607.8592307692307,7.282592024539878,7902.17,248,5187,12.147540983606557,0.0,United Kingdom
17427,72,1,100.8,3,2,1,321,6,1,100.8,365.25,100.8,2,34,17.0,0.0,United Kingdom
17428,1,45,31565.600000000002,5,5,5,555,15,737,701.4577777777778,22.30156037991859,31565.600000000002,422,16846,23.108367626886146,0.02606310013717421,United Kingdom
17429,128,5,1360.82,3,4,4,344,11,301,272.164,6.0672757475083055,1360.82,80,1286,13.536842105263158,0.0,United Kingdom
17430,33,4,735.17,4,4,3,443,11,446,183.7925,3.275784753363229,735.17,30,515,12.261904761904763,0.0,United Kingdom
17431,313,1,403.3,2,2,2,222,6,1,403.3,365.25,403.3,41,292,6.790697674418604,1.0,United Kingdom
17432,18,9,1751.39,5,5,4,554,14,717,194.5988888888889,4.584728033472803,1751.39,213,1016,3.667870036101083,0.0,United Kingdom
17433,88,2,569.96,3,3,2,332,8,297,284.98,2.45959595959596,569.96,81,305,3.2795698924731185,0.0,United Kingdom
17434,2,7,2373.82,5,4,4,544,13,82,339.1171428571429,31.179878048780488,2373.82,100,1693,12.634328358208956,0.0,United Kingdom
17435,411,1,331.35,1,2,2,122,5,1,331.35,365.25,331.35,15,195,13.0,1.0,United Kingdom
17436,2,5,534.0600000000001,5,4,2,542,11,730,106.81200000000001,2.5017123287671232,534.0600000000001,8,178,10.470588235294118,0.23529411764705882,United Kingdom
17437,530,1,371.21999999999997,1,2,2,122,5,1,371.21999999999997,365.25,371.21999999999997,52,284,5.3584905660377355,0.0,United Kingdom
17438,254,5,1422.77,2,4,4,244,10,387,284.554,4.7189922480620154,1422.7699999999998,49,553,7.788732394366197,0.0,United Kingdom
17439,656,1,325.74,1,2,2,122,5,1,325.74,365.25,325.74,8,370,46.25,0.0,United Kingdom
17440,157,4,323.58,3,4,2,342,9,392,80.895,3.7270408163265305,323.58,4,282,47.0,0.0,United Kingdom
17441,732,1,293.35,1,2,2,122,5,1,293.35,365.25,293.35,21,245,11.666666666666666,0.0,United Kingdom
17442,37,15,4620.3,4,5,5,455,14,625,308.02000000000004,8.766,4620.3,188,3134,11.074204946996467,0.045936395759717315,United Kingdom
17443,220,1,212.0,2,2,1,221,5,1,212.0,365.25,212.0,1,200,200.0,0.0,Canada
17444,148,3,2390.87,3,3,4,334,10,25,796.9566666666666,43.830000000000005,2390.87,132,2031,15.044444444444444,0.0,Canada
17446,177,2,120.89999999999999,3,3,1,331,7,133,60.449999999999996,5.492481203007519,120.89999999999999,6,198,22.0,0.0,United Kingdom
17447,40,2,541.53,4,3,2,432,9,31,270.765,23.564516129032256,541.53,33,443,12.305555555555555,0.2222222222222222,United Kingdom
17448,497,46,14566.39,1,5,5,155,11,147,316.66065217391304,114.29591836734693,14566.389999999998,569,11548,10.338406445837064,0.09400179051029543,United Kingdom
17449,2,13,4952.83,5,5,5,555,15,728,380.98692307692306,6.522321428571428,4952.829999999999,292,2535,4.239130434782608,0.26755852842809363,United Kingdom
17450,8,51,132397.71,5,5,5,555,15,429,2596.0335294117644,43.421328671328666,132397.71,144,42926,101.24056603773585,0.0,United Kingdom
17451,1,7,1726.17,5,4,4,544,13,104,246.5957142857143,24.584134615384613,1726.1700000000003,83,1203,12.03,0.0,United Kingdom
17453,18,2,486.72,5,3,2,532,10,46,243.36,15.880434782608697,486.72,19,219,11.526315789473685,0.0,United Kingdom
17454,192,10,1547.94,2,5,4,254,11,500,154.794,7.305000000000001,1547.9400000000003,98,727,5.76984126984127,0.23015873015873015,United Kingdom
17455,204,1,131.7,2,2,1,221,5,1,131.7,365.25,131.7,8,66,8.25,0.0,United Kingdom
17456,365,2,1225.42,2,3,4,234,9,90,612.71,8.116666666666667,1225.42,59,730,9.480519480519481,0.0,United Kingdom
17457,127,14,5959.21,3,5,5,355,13,605,425.65785714285715,8.452066115702479,5959.21,30,2655,41.484375,0.0,United Kingdom
17458,15,2,530.18,5,3,2,532,10,366,265.09,1.9959016393442623,530.18,81,282,3.2790697674418605,0.0,United Kingdom
17459,43,2,657.3,4,3,3,433,10,16,328.65,45.65625,657.3,88,537,4.837837837837838,0.0,United Kingdom
17460,94,16,2228.27,3,5,4,354,12,592,139.266875,9.871621621621621,2228.27,93,980,7.0503597122302155,0.06474820143884892,United Kingdom
17461,23,3,758.3,4,3,3,433,10,6,252.76666666666665,182.625,758.3,104,799,7.198198198198198,0.0,United Kingdom
17462,60,2,675.69,3,3,3,333,9,223,337.845,3.275784753363229,675.69,25,227,8.407407407407407,0.0,United Kingdom
17463,16,7,2557.91,5,4,4,544,13,572,365.4157142857143,4.4698426573426575,2557.91,234,1490,4.598765432098766,0.29012345679012347,United Kingdom
17464,158,3,1000.94,3,3,3,333,9,461,333.6466666666667,2.3768980477223427,1000.9399999999999,35,652,15.523809523809524,0.0,United Kingdom
17465,426,7,2540.84,1,4,4,144,9,310,362.9771428571429,8.24758064516129,2540.84,103,1477,10.401408450704226,0.18309859154929578,United Kingdom
17466,10,2,756.33,5,3,3,533,11,68,378.165,10.742647058823529,756.33,41,306,7.463414634146342,0.0,United Kingdom
17467,395,1,102.6,2,2,1,221,5,1,102.6,365.25,102.60000000000001,4,20,5.0,0.0,United Kingdom
17468,10,3,194.8,5,3,1,531,9,364,64.93333333333334,3.0103021978021975,194.8,8,184,23.0,0.0,United Kingdom
17469,16,17,5051.25,5,5,5,555,15,706,297.13235294117646,8.794971671388103,5051.25,165,2304,8.629213483146067,0.0,United Kingdom
17470,45,11,2811.59,4,5,4,454,13,463,255.59909090909093,8.677645788336932,2811.59,111,2843,17.126506024096386,0.06626506024096386,United Kingdom
17471,475,1,321.65000000000003,1,2,2,122,5,1,321.65000000000003,365.25,321.65000000000003,19,153,8.052631578947368,1.0,United Kingdom
17472,191,4,935.1,2,4,3,243,9,437,233.775,3.34324942791762,935.1,183,558,2.4260869565217393,0.4956521739130435,United Kingdom
17473,409,2,607.0,2,3,3,233,8,47,303.5,15.542553191489361,607.0000000000001,33,270,7.9411764705882355,0.0,United Kingdom
17474,600,1,1047.0,1,2,3,123,6,1,1047.0,365.25,1047.0,6,200,33.333333333333336,0.0,United Kingdom
17475,79,1,194.37,3,2,1,321,6,1,194.37,365.25,194.37,14,178,12.714285714285714,0.0,United Kingdom
17476,396,2,488.91,2,3,2,232,7,341,244.455,2.1422287390029324,488.91,29,224,7.225806451612903,0.0,United Kingdom
17477,613,2,1144.3,1,3,3,133,7,34,572.15,21.485294117647058,1144.3,44,225,5.113636363636363,0.0,United Kingdom
17478,408,2,1272.8000000000002,2,3,4,234,9,225,636.4000000000001,3.2466666666666666,1272.8,40,516,12.9,0.0,United Kingdom
17479,633,1,389.26000000000005,1,2,2,122,5,1,389.26000000000005,365.25,389.26000000000005,18,266,14.777777777777779,0.0,United Kingdom
17480,78,2,902.03,3,3,3,333,9,366,451.015,1.9959016393442623,902.03,50,593,10.981481481481481,0.0,United Kingdom
17481,4,4,1255.59,5,4,4,544,13,90,313.8975,16.233333333333334,1255.59,69,1061,12.939024390243903,0.0,United Kingdom
17482,487,2,778.19,1,3,3,133,7,91,389.095,8.027472527472527,778.19,50,241,4.462962962962963,0.0,United Kingdom
17483,65,4,591.73,3,4,2,342,9,349,147.9325,4.186246418338109,591.7299999999999,23,265,9.464285714285714,0.0,United Kingdom
17484,576,2,209.57,1,3,1,131,5,47,104.785,15.542553191489361,209.57,14,339,24.214285714285715,0.0,United Kingdom
17486,261,1,396.87,2,2,2,222,6,1,396.87,365.25,396.86999999999995,24,191,7.958333333333333,0.0,United Kingdom
17487,728,1,158.6,1,2,1,121,4,1,158.6,365.25,158.6,8,37,4.625,0.0,United Kingdom
17488,641,1,336.5,1,2,2,122,5,1,336.5,365.25,336.5,18,136,7.555555555555555,0.0,United Kingdom
17489,59,2,376.64,4,3,2,432,9,153,188.32,4.7745098039215685,376.64,28,428,14.758620689655173,0.0,United Kingdom
17490,1,9,2750.5,5,5,4,554,14,568,305.6111111111111,5.787411971830985,2750.4999999999995,93,1531,13.198275862068966,0.0,United Kingdom
17491,1,17,5981.07,5,5,5,555,15,589,351.8276470588235,10.54202037351443,5981.07,105,3630,19.945054945054945,0.02197802197802198,United Kingdom
17492,248,3,1122.42,2,3,3,233,8,270,374.14000000000004,4.058333333333334,1122.42,32,450,11.538461538461538,0.0,United Kingdom
17493,385,1,102.11,2,2,1,221,5,1,102.11,365.25,102.11,8,62,7.75,0.0,United Kingdom
17494,502,1,54.7,1,2,1,121,4,1,54.7,365.25,54.699999999999996,3,26,8.666666666666666,0.0,United Kingdom
17495,8,3,806.72,5,3,3,533,11,383,268.9066666666667,2.860966057441253,806.72,38,367,7.645833333333333,0.4375,United Kingdom
17496,359,4,1348.99,2,4,4,244,10,335,337.2475,4.361194029850746,1348.99,54,675,9.375,0.0,United Kingdom
17497,390,2,287.25,2,3,2,232,7,220,143.625,3.3204545454545458,287.25,7,59,8.428571428571429,0.5714285714285714,United Kingdom
17498,76,1,272.21999999999997,3,2,1,321,6,1,272.21999999999997,365.25,272.21999999999997,17,394,23.176470588235293,1.0,United Kingdom
17499,290,2,1329.44,2,3,4,234,9,271,664.72,2.695571955719557,1329.44,66,1086,15.295774647887324,0.0,United Kingdom
17500,17,3,267.0,5,3,1,531,9,12,89.0,91.3125,267.0,3,17,3.4,0.0,United Kingdom
17501,221,2,288.6,2,3,2,232,7,1,144.3,730.5,288.6,18,160,8.88888888888889,0.0,United Kingdom
17502,9,4,689.1,5,4,3,543,12,19,172.275,76.89473684210526,689.1,25,376,13.428571428571429,0.0,United Kingdom
17503,3,2,558.96,5,3,2,532,10,35,279.48,20.871428571428574,558.96,36,486,12.789473684210526,0.0,United Kingdom
17504,206,18,9475.2,2,5,5,255,12,463,526.4000000000001,14.199784017278617,9475.200000000003,244,5429,15.690751445086706,0.0953757225433526,United Kingdom
17505,162,5,2435.48,3,4,4,344,11,443,487.096,4.1224604966139955,2435.48,83,1242,12.176470588235293,0.0,United Kingdom
17506,76,1,302.2,3,2,2,322,7,1,302.2,365.25,302.2,14,139,9.928571428571429,1.0,United Kingdom
17507,262,2,605.58,2,3,3,233,8,47,302.79,15.542553191489361,605.5800000000002,79,359,4.079545454545454,0.0,United Kingdom
17508,281,8,4580.43,2,5,5,255,12,451,572.55375,6.478935698447893,4580.429999999999,199,2891,12.515151515151516,0.0,Greece
17509,58,8,6115.14,4,5,5,455,14,5,764.3925,584.4,6115.14,75,3534,9.655737704918034,0.0,United Kingdom
17510,25,2,514.56,4,3,2,432,9,395,257.28,1.849367088607595,514.56,28,422,12.057142857142857,0.0,United Kingdom
17511,3,60,174260.96,5,5,5,555,15,734,2904.349333333333,29.856948228882835,174260.96,657,116044,60.72422815279958,0.0,United Kingdom
17512,29,18,5371.02,4,5,5,455,14,700,298.39000000000004,9.392142857142858,5371.020000000001,102,5258,26.690355329949238,0.0,United Kingdom
17513,72,3,1158.8,3,3,3,333,9,407,386.26666666666665,2.6922604422604426,1158.8,18,440,24.444444444444443,0.0,United Kingdom
17514,128,2,542.83,3,3,2,332,8,541,271.415,1.3502772643253236,542.83,72,295,3.3908045977011496,0.0,United Kingdom
17515,31,9,1554.76,4,5,4,454,13,519,172.7511111111111,6.333815028901734,1554.76,91,528,2.933333333333333,0.0,United Kingdom
17516,15,6,953.65,5,4,3,543,12,363,158.94166666666666,6.037190082644629,953.65,150,527,2.688775510204082,0.33163265306122447,United Kingdom
17517,309,1,153.94,2,2,1,221,5,1,153.94,365.25,153.94,11,102,9.272727272727273,0.0,United Kingdom
17518,426,2,329.42,1,3,2,132,6,195,164.71,3.7461538461538457,329.42,71,267,3.4675324675324677,1.0,United Kingdom
17519,17,15,5027.77,5,5,5,555,15,721,335.1846666666667,7.59882108183079,5027.77,142,3414,15.378378378378379,0.0990990990990991,United Kingdom
17520,54,1,546.81,4,2,2,422,8,1,546.81,365.25,546.81,30,365,12.166666666666666,0.0,United Kingdom
17521,30,5,1271.11,4,4,4,444,12,404,254.22199999999998,4.520420792079208,1271.11,65,806,10.333333333333334,0.0,United Kingdom
17522,2,5,1074.07,5,4,3,543,12,216,214.814,8.45486111111111,1074.07,59,1034,14.164383561643836,0.1095890410958904,United Kingdom
17523,11,4,616.62,5,4,3,543,12,7,154.155,208.71428571428572,616.62,25,696,21.09090909090909,0.696969696969697,United Kingdom
17524,361,3,539.14,2,3,2,232,7,76,179.71333333333334,14.417763157894736,539.14,37,362,8.418604651162791,0.0,United Kingdom
17525,360,3,1161.9,2,3,3,233,8,69,387.3,15.880434782608695,1161.8999999999999,19,338,13.0,0.3076923076923077,United Kingdom
17526,5,12,4148.09,5,5,5,555,15,717,345.6741666666667,6.112970711297071,4148.09,67,1482,15.278350515463918,0.061855670103092786,United Kingdom
17527,54,4,939.37,4,4,3,443,11,164,234.8425,8.908536585365853,939.37,45,488,10.382978723404255,0.0,United Kingdom
17528,1,8,3593.88,5,5,5,555,15,70,449.235,41.74285714285715,3593.88,183,2138,8.450592885375494,0.0,United Kingdom
17529,610,2,1238.3,1,3,4,134,8,87,619.15,8.39655172413793,1238.3,78,790,9.634146341463415,0.0,United Kingdom
17530,1,12,3098.66,5,5,5,555,15,732,258.22166666666664,5.987704918032787,3098.6599999999994,359,1965,3.521505376344086,0.08602150537634409,United Kingdom
17531,190,3,1266.82,2,3,4,234,9,428,422.2733333333333,2.5601635514018692,1266.82,54,472,8.137931034482758,0.0,United Kingdom
17532,386,1,65.34,2,2,1,221,5,1,65.34,365.25,65.34,4,30,7.5,0.0,United Kingdom
17533,435,1,34.8,1,2,1,121,4,1,34.8,365.25,34.8,1,24,24.0,0.0,United Kingdom
17534,54,5,1668.83,4,4,4,444,12,598,333.76599999999996,3.053929765886288,1668.83,76,860,9.347826086956522,0.17391304347826086,United Kingdom
17535,280,1,164.4,2,2,1,221,5,1,164.4,365.25,164.4,13,136,10.461538461538462,0.0,United Kingdom
17536,177,3,364.83,3,3,2,332,8,505,121.61,2.1698019801980197,364.83,16,201,12.5625,0.0,United Kingdom
17537,30,2,897.63,4,3,3,433,10,273,448.815,2.675824175824176,897.6300000000001,74,700,9.333333333333334,0.0,United Kingdom
17538,26,1,101.78,4,2,1,421,7,1,101.78,365.25,101.77999999999999,9,134,14.88888888888889,0.0,United Kingdom
17539,618,4,1226.57,1,4,4,144,9,108,306.6425,13.527777777777779,1226.57,132,747,5.0134228187919465,0.9932885906040269,United Kingdom
17540,25,6,1590.6000000000001,4,4,4,444,12,575,265.1,3.811304347826087,1590.6000000000001,41,588,9.1875,0.1875,United Kingdom
17541,510,1,124.46,1,2,1,121,4,1,124.46,365.25,124.46,31,46,1.393939393939394,1.0,United Kingdom
17542,270,3,346.2,2,3,2,232,7,371,115.39999999999999,2.9535040431266846,346.2,57,324,4.984615384615385,0.0,United Kingdom
17543,550,1,120.05,1,2,1,121,4,1,120.05,365.25,120.05,13,62,4.769230769230769,0.0,United Kingdom
17544,390,3,953.74,2,3,3,233,8,1,317.91333333333336,1095.75,953.7400000000001,80,439,4.771739130434782,1.0,United Kingdom
17545,43,6,1425.29,4,4,4,444,12,534,237.54833333333332,4.103932584269663,1425.29,204,733,2.6366906474820144,0.45323741007194246,United Kingdom
17547,376,2,660.0500000000001,2,3,3,233,8,289,330.02500000000003,2.527681660899654,660.0500000000001,22,223,7.193548387096774,0.0,United Kingdom
17548,234,4,731.26,2,4,3,243,9,162,182.815,9.018518518518517,731.26,22,494,14.529411764705882,0.35294117647058826,United Kingdom
17549,24,2,148.86,4,3,1,431,8,27,74.43,27.055555555555557,148.86,5,210,35.0,0.0,United Kingdom
17550,197,9,2543.74,2,5,4,254,11,472,282.6377777777777,6.964512711864407,2543.74,250,989,2.961077844311377,0.7065868263473054,United Kingdom
17551,359,1,306.84,2,2,2,222,6,1,306.84,365.25,306.84,39,150,3.488372093023256,0.0,United Kingdom
17552,60,12,3085.29,3,5,5,355,13,567,257.1075,7.73015873015873,3085.29,78,2095,13.429487179487179,0.0,United Kingdom
17553,130,4,2007.6,3,4,4,344,11,481,501.9,3.0374220374220378,2007.6,2,888,148.0,0.0,United Kingdom
17554,1,5,1969.97,5,4,4,544,13,146,393.994,12.508561643835616,1969.97,58,1763,20.03409090909091,0.0,United Kingdom
17555,20,5,1059.42,4,4,3,443,11,566,211.88400000000001,3.2265901060070674,1059.42,220,747,2.7463235294117645,0.7316176470588235,United Kingdom
17556,206,2,300.67,2,3,2,232,7,173,150.335,4.222543352601156,300.67,13,184,13.142857142857142,0.0,United Kingdom
17557,14,4,575.46,5,4,2,542,11,718,143.865,2.034818941504178,575.46,28,310,8.857142857142858,0.0,United Kingdom
17558,393,1,259.17,2,2,1,221,5,1,259.17,365.25,259.17,28,54,1.9285714285714286,0.0,United Kingdom
17559,513,1,167.62,1,2,1,121,4,1,167.62,365.25,167.62,12,270,22.5,0.0,United Kingdom
17560,95,8,1895.8,3,5,4,354,12,565,236.975,5.1716814159292035,1895.7999999999997,37,1588,28.87272727272727,0.0,United Kingdom
17561,19,4,722.34,5,4,3,543,12,713,180.585,2.0490883590462836,722.34,163,396,1.9507389162561577,1.0,United Kingdom
17562,14,7,1123.58,5,4,3,543,12,159,160.51142857142855,16.080188679245282,1123.5799999999997,48,817,12.968253968253968,0.3333333333333333,United Kingdom
17563,578,2,392.38,1,3,2,132,6,33,196.19,22.136363636363633,392.37999999999994,27,256,8.827586206896552,0.0,United Kingdom
17564,24,3,454.01,4,3,2,432,9,55,151.33666666666667,19.922727272727272,454.01,38,146,2.979591836734694,0.0,United Kingdom
17565,587,1,131.83,1,2,1,121,4,1,131.83,365.25,131.83,30,67,2.2333333333333334,1.0,United Kingdom
17566,8,2,901.21,5,3,3,533,11,17,450.605,42.970588235294116,901.2099999999999,113,518,3.4078947368421053,0.0,United Kingdom
17567,7,9,5356.03,5,5,5,555,15,434,595.1144444444444,7.574308755760369,5356.03,128,3152,14.134529147982063,0.0,United Kingdom
17568,633,1,382.79,1,2,2,122,5,1,382.79,365.25,382.79,61,283,4.3538461538461535,0.0,United Kingdom
17569,332,1,344.14,2,2,2,222,6,1,344.14,365.25,344.14,29,159,5.482758620689655,0.0,United Kingdom
17570,382,1,18.0,2,2,1,221,5,1,18.0,365.25,18.0,1,1,1.0,0.0,United Kingdom
17571,50,5,1709.52,4,4,4,444,12,492,341.904,3.711890243902439,1709.52,290,1020,2.8895184135977336,0.08498583569405099,United Kingdom
17572,71,10,723.0100000000001,3,5,3,353,11,653,72.30100000000002,5.593415007656968,723.0100000000001,14,351,9.75,0.0,United Kingdom
17573,29,3,380.6,4,3,2,432,9,64,126.86666666666667,17.12109375,380.59999999999997,24,308,12.32,0.0,United Kingdom
17574,243,1,185.65,2,2,1,221,5,1,185.65,365.25,185.65,8,77,9.625,0.0,United Kingdom
17575,667,1,171.7,1,2,1,121,4,1,171.7,365.25,171.7,5,72,14.4,0.0,United Kingdom
17576,8,41,9056.81,5,5,5,555,15,728,220.89780487804876,20.57039835164835,9056.809999999998,417,4740,5.107758620689655,0.0,United Kingdom
17577,645,2,348.75,1,3,2,132,6,23,174.375,31.760869565217394,348.75,20,179,8.523809523809524,0.0,United Kingdom
17578,218,7,1047.33,2,4,3,243,9,311,149.6185714285714,8.221061093247588,1047.33,57,529,8.138461538461538,0.27692307692307694,United Kingdom
17579,5,4,731.33,5,4,3,543,12,573,182.8325,2.5497382198952883,731.33,89,375,3.9893617021276597,0.0,United Kingdom
17580,253,5,545.27,2,4,2,242,8,169,109.054,10.80621301775148,545.27,78,224,2.357894736842105,0.30526315789473685,United Kingdom
17581,1,43,18403.75,5,5,5,555,15,735,427.99418604651163,21.368367346938776,18403.75,387,9972,11.731764705882354,0.11058823529411765,United Kingdom
17582,236,5,1450.7,2,4,4,244,10,387,290.14,4.7189922480620154,1450.6999999999998,92,606,4.887096774193548,0.8145161290322581,United Kingdom
17583,560,1,135.95,1,2,1,121,4,1,135.95,365.25,135.95,7,55,7.857142857142857,0.0,United Kingdom
17584,7,6,5231.8,5,4,5,545,14,676,871.9666666666667,3.241863905325444,5231.8,85,2270,18.306451612903224,0.33064516129032256,United Kingdom
17585,109,7,2103.85,3,4,4,344,11,368,300.55,6.947690217391305,2103.85,295,2539,6.395465994962216,0.0,United Kingdom
17586,619,1,167.4,1,2,1,121,4,1,167.4,365.25,167.4,8,68,8.5,0.0,United Kingdom
17587,628,1,181.66,1,2,1,121,4,1,181.66,365.25,181.66,42,68,1.5813953488372092,1.0,United Kingdom
17588,100,7,2939.55,3,4,5,345,12,537,419.9357142857143,4.761173184357542,2939.55,35,1379,19.422535211267604,0.0,United Kingdom
17589,60,18,14032.7,3,5,5,355,13,582,779.5944444444444,11.29639175257732,14032.7,601,8788,6.543559195830231,0.31720029784065523,United Kingdom
17590,2,3,1484.26,5,3,4,534,12,37,494.75333333333333,29.614864864864867,1484.26,162,828,4.119402985074627,0.2835820895522388,United Kingdom
17591,73,8,2748.7200000000003,3,5,4,354,12,617,343.59000000000003,4.7358184764991895,2748.7200000000003,93,1173,4.376865671641791,0.08208955223880597,United Kingdom
17592,739,1,148.3,1,2,1,121,4,1,148.3,365.25,148.3,13,38,2.923076923076923,0.0,United Kingdom
17593,4,11,8095.8,5,5,5,555,15,731,735.9818181818182,5.49623803009576,8095.8,311,5607,13.709046454767726,0.2885085574572127,United Kingdom
17594,85,4,2497.88,3,4,4,344,11,519,624.47,2.815028901734104,2497.88,70,1368,13.153846153846153,0.0,United Kingdom
17595,12,2,388.79,5,3,2,532,10,24,194.395,30.4375,388.79,68,229,2.7590361445783134,0.5903614457831325,United Kingdom
17596,23,13,4929.59,4,5,5,455,14,701,379.1992307692308,6.773537803138374,4929.590000000001,274,7587,13.621184919210053,0.11131059245960502,United Kingdom
17597,214,5,3436.71,2,4,5,245,11,369,687.342,4.949186991869918,3436.7099999999996,109,2127,16.6171875,0.421875,United Kingdom
17598,381,1,409.98,2,2,2,222,6,1,409.98,365.25,409.98,10,126,12.6,0.0,United Kingdom
17599,478,1,52.05,1,2,1,121,4,1,52.05,365.25,52.050000000000004,3,11,3.6666666666666665,0.0,United Kingdom
17600,18,1,163.92000000000002,5,2,1,521,8,1,163.92000000000002,365.25,163.92000000000002,13,144,11.076923076923077,0.0,United Kingdom
17601,239,2,421.48,2,3,2,232,7,141,210.74,5.180851063829787,421.4800000000001,69,299,3.9342105263157894,0.0,United Kingdom
17602,2,14,7407.2300000000005,5,5,5,555,15,616,529.0878571428572,8.301136363636363,7407.23,450,5936,6.403451995685005,0.008629989212513484,United Kingdom
17603,78,4,1579.48,3,4,4,344,11,651,394.87,2.2442396313364057,1579.48,104,640,5.981308411214953,0.0,United Kingdom
17604,217,6,945.9300000000001,2,4,3,243,9,464,157.655,4.723060344827586,945.9300000000001,142,616,2.933333333333333,0.0,United Kingdom
17605,590,1,160.75,1,2,1,121,4,1,160.75,365.25,160.75,13,71,5.461538461538462,0.0,United Kingdom
17606,737,1,87.30000000000001,1,2,1,121,4,1,87.30000000000001,365.25,87.30000000000001,6,42,7.0,0.0,United Kingdom
17607,376,1,333.81,2,2,2,222,6,1,333.81,365.25,333.81,22,269,12.227272727272727,1.0,United Kingdom
17608,33,4,498.53,4,4,2,442,10,573,124.6325,2.5497382198952883,498.53,134,539,3.1893491124260356,0.6982248520710059,United Kingdom
17609,41,11,1894.34,4,5,4,454,13,568,172.21272727272728,7.07350352112676,1894.3400000000001,317,1325,3.4061696658097684,0.5681233933161953,United Kingdom
17610,540,5,1528.54,1,4,4,144,9,193,305.70799999999997,9.462435233160623,1528.54,114,902,5.745222929936306,0.28662420382165604,United Kingdom
17611,7,28,8371.98,5,5,5,555,15,731,298.9992857142857,13.990424076607388,8371.98,722,5356,4.765124555160142,0.445729537366548,United Kingdom
17612,53,18,5429.02,4,5,5,455,14,669,301.6122222222223,9.827354260089686,5429.020000000001,213,3521,10.355882352941176,0.0,United Kingdom
17613,23,14,4562.51,4,5,5,455,14,282,325.8935714285714,18.132978723404253,4562.509999999999,211,2496,8.0,0.25,United Kingdom
17614,57,1,390.07,4,2,2,422,8,1,390.07,365.25,390.07,97,238,2.38,0.0,United Kingdom
17615,130,6,733.2,3,4,3,343,10,355,122.2,6.173239436619718,733.1999999999999,47,386,6.5423728813559325,0.0847457627118644,United Kingdom
17616,174,4,1060.8,3,4,3,343,10,277,265.2,5.274368231046932,1060.8,1,416,83.2,0.2,United Kingdom
17617,559,1,395.33,1,2,2,122,5,1,395.33,365.25,395.33,18,255,13.421052631578947,1.0,United Kingdom
17618,6,11,4007.39,5,5,5,555,15,679,364.3081818181818,5.917157584683358,4007.3900000000003,202,1820,4.8533333333333335,0.9653333333333334,United Kingdom
17619,312,1,218.52,2,2,1,221,5,1,218.52,365.25,218.52,71,127,1.6493506493506493,0.0,United Kingdom
17620,60,1,81.44,3,2,1,321,6,1,81.44,365.25,81.44,4,60,15.0,0.0,United Kingdom
17621,21,6,3175.12,4,4,5,445,13,410,529.1866666666666,5.345121951219512,3175.1199999999994,61,1110,16.818181818181817,0.030303030303030304,United Kingdom
17622,598,2,1130.21,1,3,3,133,7,1,565.105,730.5,1130.21,19,379,9.973684210526315,0.0,United Kingdom
17623,33,7,2381.7200000000003,4,4,4,444,12,692,340.2457142857143,3.6947254335260116,2381.7200000000003,130,801,4.086734693877551,0.18877551020408162,United Kingdom
17624,15,4,1564.68,5,4,4,544,13,704,391.17,2.075284090909091,1564.68,91,958,9.876288659793815,0.2268041237113402,United Kingdom
17625,18,8,6068.5,5,5,5,555,15,706,758.5625,4.138810198300283,6068.499999999999,429,3551,5.051209103840683,0.615931721194879,United Kingdom
17626,603,1,254.0,1,2,1,121,4,1,254.0,365.25,254.0,18,202,11.222222222222221,0.0,United Kingdom
17627,479,1,318.36,1,2,2,122,5,1,318.36,365.25,318.36,10,676,67.6,0.0,United Kingdom
17628,81,1,75.75,3,2,1,321,6,1,75.75,365.25,75.75,5,79,15.8,0.0,United Kingdom
17629,6,10,2466.2,5,5,4,554,14,415,246.61999999999998,8.801204819277109,2466.2,129,1903,12.198717948717949,0.33974358974358976,United Kingdom
17630,170,2,481.65,3,3,2,332,8,62,240.825,11.782258064516128,481.6499999999999,24,158,6.076923076923077,0.0,United Kingdom
17631,2,7,998.49,5,4,3,543,12,728,142.64142857142858,3.512019230769231,998.49,66,591,8.565217391304348,0.0,United Kingdom
17633,31,7,2057.39,4,4,4,444,12,357,293.91285714285715,7.161764705882352,2057.3900000000003,84,899,8.900990099009901,0.12871287128712872,United Kingdom
17634,36,9,2361.9700000000003,4,5,4,454,13,301,262.4411111111111,10.92109634551495,2361.9700000000003,209,840,2.8282828282828283,0.10437710437710437,United Kingdom
17635,424,3,1197.78,1,3,3,133,7,166,399.26,6.600903614457831,1197.78,60,770,10.405405405405405,0.0,United Kingdom
17636,19,1,285.56,5,2,2,522,9,1,285.56,365.25,285.56,20,182,9.1,1.0,United Kingdom
17637,31,2,547.0600000000001,4,3,2,432,9,83,273.53000000000003,8.801204819277109,547.0600000000001,35,280,8.0,0.0,United Kingdom
17638,647,2,842.4000000000001,1,3,3,133,7,74,421.20000000000005,9.871621621621621,842.4,2,432,144.0,0.0,United Kingdom
17639,276,6,615.29,2,4,3,243,9,207,102.54833333333333,10.58695652173913,615.29,59,576,7.291139240506329,0.16455696202531644,United Kingdom
17640,87,6,3168.94,3,4,5,345,12,539,528.1566666666666,4.065862708719852,3168.94,48,1692,25.636363636363637,0.5151515151515151,United Kingdom
17642,120,5,1824.49,3,4,4,344,11,614,364.898,2.9743485342019547,1824.4900000000002,88,1475,13.657407407407407,0.17592592592592593,United Kingdom
17643,373,2,541.25,2,3,2,232,7,132,270.625,5.534090909090908,541.25,30,297,7.615384615384615,0.0,United Kingdom
17644,1,20,6028.6,5,5,5,555,15,660,301.43,11.068181818181818,6028.599999999999,160,3469,10.608562691131498,0.012232415902140673,United Kingdom
17646,219,12,4087.84,2,5,5,255,12,504,340.65333333333336,8.696428571428571,4087.84,124,1418,6.917073170731707,0.0,United Kingdom
17647,65,3,331.65999999999997,3,3,2,332,8,604,110.55333333333333,1.8141556291390728,331.65999999999997,12,82,6.833333333333333,0.0,United Kingdom
17648,61,5,2216.37,3,4,4,344,11,324,443.274,5.6365740740740735,2216.37,114,954,7.632,0.0,United Kingdom
17649,138,3,1578.89,3,3,4,334,10,334,526.2966666666667,3.2806886227544907,1578.89,88,723,7.377551020408164,0.5306122448979592,United Kingdom
17650,21,1,166.07999999999998,4,2,1,421,7,1,166.07999999999998,365.25,166.07999999999998,8,150,18.75,0.0,United Kingdom
17651,12,16,5730.6,5,5,5,555,15,514,358.1625,11.369649805447471,5730.6,198,4086,12.30722891566265,0.04216867469879518,United Kingdom
17652,25,12,4868.56,4,5,5,455,14,255,405.71333333333337,17.188235294117646,4868.56,118,2509,9.687258687258687,0.0,United Kingdom
17653,37,4,1083.56,4,4,3,443,11,83,270.89,17.602409638554217,1083.56,44,1185,26.931818181818183,0.0,United Kingdom
17654,277,1,117.55,2,2,1,221,5,1,117.55,365.25,117.55,22,41,1.8636363636363635,0.0,United Kingdom
17655,11,9,3612.58,5,5,5,555,15,406,401.3977777777778,8.09667487684729,3612.5799999999995,75,1542,12.85,0.11666666666666667,United Kingdom
17656,73,5,1681.41,3,4,4,344,11,55,336.28200000000004,33.20454545454545,1681.41,67,1399,17.0609756097561,0.0,United Kingdom
17657,430,1,126.0,1,2,1,121,4,1,126.0,365.25,126.0,7,60,8.571428571428571,0.0,United Kingdom
17658,26,2,595.42,4,3,2,432,9,185,297.71,3.9486486486486485,595.42,17,616,32.421052631578945,0.0,United Kingdom
17659,17,14,3812.84,5,5,5,555,15,368,272.3457142857143,13.89538043478261,3812.8399999999997,150,1816,8.901960784313726,0.0,United Kingdom
17660,141,2,359.47,3,3,2,332,8,595,179.735,1.2277310924369746,359.47,75,268,3.0112359550561796,0.0,United Kingdom
17662,662,2,412.92,1,3,2,132,6,60,206.46,12.175,412.92,14,184,12.266666666666667,0.0,United Kingdom
17663,26,17,5051.93,4,5,5,455,14,619,297.1723529411765,10.031098546042003,5051.93,153,2281,9.584033613445378,0.0,United Kingdom
17664,19,4,1166.23,5,4,3,543,12,601,291.5575,2.430948419301165,1166.23,68,1058,13.225,0.2,United Kingdom
17665,493,1,563.1,1,2,2,122,5,1,563.1,365.25,563.1,19,690,36.31578947368421,0.0,United Kingdom
17666,4,5,2047.8,5,4,4,544,13,523,409.56,3.4918738049713194,2047.8,30,1552,35.27272727272727,0.0,United Kingdom
17667,66,9,3950.7,3,5,5,355,13,588,438.96666666666664,5.590561224489796,3950.7,140,2192,9.530434782608696,0.0,United Kingdom
17668,1,2,347.75,5,3,2,532,10,36,173.875,20.291666666666664,347.74999999999994,14,93,6.2,0.0,United Kingdom
17669,43,10,6142.35,4,5,5,455,14,574,614.235,6.363240418118467,6142.349999999999,85,3505,24.34027777777778,0.0,United Kingdom
17670,228,1,205.7,2,2,1,221,5,1,205.7,365.25,205.70000000000002,11,110,10.0,0.0,United Kingdom
17671,16,5,2403.34,5,4,4,544,13,360,480.668,5.072916666666667,2403.34,54,1177,12.793478260869565,0.0,United Kingdom
17672,50,7,5681.74,4,4,5,445,13,631,811.6771428571428,4.05190174326466,5681.74,179,2758,13.388349514563107,0.0,United Kingdom
17673,2,13,4241.98,5,5,5,555,15,628,326.3061538461538,7.560907643312102,4241.979999999999,195,3338,6.4192307692307695,0.08461538461538462,United Kingdom
17674,74,2,851.7,3,3,3,333,9,294,425.85,2.4846938775510203,851.7,19,1021,26.86842105263158,0.0,United Kingdom
17675,1,70,37916.2,5,5,5,555,15,728,541.66,35.12019230769231,37916.2,345,16416,14.553191489361701,0.09574468085106383,United Kingdom
17676,4,10,2765.84,5,5,4,554,14,615,276.584,5.939024390243902,2765.8399999999997,85,1932,11.78048780487805,0.0,United Kingdom
17677,2,54,36694.59,5,5,5,555,15,721,679.5294444444444,27.355755894590846,36694.59,346,21936,30.808988764044944,0.047752808988764044,United Kingdom
17678,264,2,595.86,2,3,2,232,7,339,297.93,2.1548672566371683,595.86,27,368,13.142857142857142,0.0,United Kingdom
17679,53,7,3555.66,4,4,5,445,13,683,507.95142857142855,3.743411420204978,3555.66,70,1755,21.666666666666668,0.0,United Kingdom
17680,24,3,427.7,4,3,2,432,9,487,142.56666666666666,2.25,427.69999999999993,20,155,7.75,0.2,United Kingdom
17681,597,5,731.2,1,4,3,143,8,96,146.24,19.0234375,731.2,12,450,32.142857142857146,0.14285714285714285,United Kingdom
17682,10,11,4456.78,5,5,5,555,15,631,405.16181818181815,6.367274167987322,4456.78,85,2491,10.466386554621849,0.13025210084033614,United Kingdom
17683,386,3,819.97,2,3,3,233,8,168,273.3233333333333,6.522321428571429,819.97,41,781,16.97826086956522,0.0,United Kingdom
17684,44,1,239.41,4,2,1,421,7,1,239.41,365.25,239.41,15,145,9.666666666666666,0.0,United Kingdom
17685,17,12,5943.17,5,5,5,555,15,649,495.26416666666665,6.753466872110939,5943.17,124,3854,18.093896713615024,0.0,United Kingdom
17686,7,9,8296.81,5,5,5,555,15,526,921.8677777777777,6.2495247148288975,8296.81,283,3583,8.351981351981353,0.0,United Kingdom
17687,421,1,432.68,1,2,2,122,5,1,432.68,365.25,432.68,26,210,8.076923076923077,0.0,United Kingdom
17688,394,1,304.2,2,2,2,222,6,1,304.2,365.25,304.2,19,114,6.0,0.0,United Kingdom
17689,388,2,317.08,2,3,2,232,7,85,158.54,8.594117647058823,317.08,17,300,13.636363636363637,0.4090909090909091,United Kingdom
17690,30,20,7004.25,4,5,5,455,14,644,350.2125,11.343167701863354,7004.25,237,3126,8.161879895561357,0.16449086161879894,United Kingdom
17691,358,4,780.0500000000001,2,4,3,243,9,188,195.01250000000002,7.7712765957446805,780.0500000000001,37,373,7.173076923076923,0.0,United Kingdom
17692,127,12,2977.48,3,5,5,355,13,413,248.12333333333333,10.612590799031477,2977.4799999999996,90,2338,14.432098765432098,0.1111111111111111,United Kingdom
17693,137,1,203.82999999999998,3,2,1,321,6,1,203.82999999999998,365.25,203.83,16,231,14.4375,0.0,United Kingdom
17694,142,3,1695.97,3,3,4,334,10,421,565.3233333333334,2.6027315914489315,1695.9700000000003,54,1493,18.432098765432098,0.0,United Kingdom
17695,132,5,1746.04,3,4,4,344,11,549,349.20799999999997,3.326502732240437,1746.04,46,1809,29.65573770491803,0.2786885245901639,United Kingdom
17696,38,27,7679.59,4,5,5,455,14,690,284.42925925925925,14.292391304347825,7679.59,191,5891,16.13972602739726,0.07397260273972603,United Kingdom
17697,236,1,338.95,2,2,2,222,6,1,338.95,365.25,338.95,19,93,4.894736842105263,1.0,United Kingdom
17698,261,1,154.95,2,2,1,221,5,1,154.95,365.25,154.95,8,93,11.625,0.0,United Kingdom
17699,477,2,442.0,1,3,2,132,6,84,221.0,8.696428571428571,442.0,17,208,10.947368421052632,0.0,United Kingdom
17700,17,14,6551.02,5,5,5,555,15,722,467.93,7.0824099722991685,6551.02,259,3469,9.636111111111111,0.0,United Kingdom
17701,253,1,417.95,2,2,2,222,6,1,417.95,365.25,417.95,24,109,4.541666666666667,0.0,United Kingdom
17702,30,6,3150.76,4,4,5,445,13,370,525.1266666666667,5.922972972972973,3150.76,120,2153,14.071895424836601,0.1437908496732026,United Kingdom
17703,35,4,1094.84,4,4,3,443,11,382,273.71,3.8246073298429315,1094.84,63,897,11.5,0.5128205128205128,United Kingdom
17704,169,2,885.19,3,3,3,333,9,71,442.595,10.288732394366196,885.19,27,343,11.064516129032258,0.0,United Kingdom
17705,3,11,2083.9,5,5,4,554,14,573,189.44545454545457,7.0117801047120425,2083.9,74,1301,10.841666666666667,0.058333333333333334,United Kingdom
17706,4,31,20598.68,5,5,5,555,15,685,664.4735483870968,16.52956204379562,20598.680000000004,408,8049,10.52156862745098,0.06013071895424837,United Kingdom
17707,185,8,609.3,3,5,3,353,11,547,76.1625,5.341864716636198,609.3,9,546,22.75,0.3333333333333333,United Kingdom
17708,188,4,887.9300000000001,3,4,3,343,10,235,221.98250000000002,6.217021276595744,887.9300000000002,57,388,5.243243243243243,0.12162162162162163,United Kingdom
17709,170,5,617.11,3,4,3,343,10,433,123.422,4.217667436489608,617.1099999999999,37,295,7.375,0.175,United Kingdom
17710,424,1,293.5,1,2,2,122,5,1,293.5,365.25,293.5,20,158,7.9,0.0,United Kingdom
17711,11,2,385.1,5,3,2,532,10,279,192.55,2.618279569892473,385.1,22,246,10.695652173913043,0.0,United Kingdom
17712,45,1,479.01,4,2,2,422,8,1,479.01,365.25,479.01,29,215,7.413793103448276,0.0,United Kingdom
17713,382,4,1191.14,2,4,3,243,9,166,297.785,8.801204819277109,1191.1400000000003,55,989,13.013157894736842,0.0,United Kingdom
17714,321,5,1409.23,2,4,4,244,10,192,281.846,9.51171875,1409.23,69,608,7.506172839506172,0.12345679012345678,United Kingdom
17715,201,2,333.2,2,3,2,232,7,392,166.6,1.8635204081632653,333.2,1,392,196.0,0.0,United Kingdom
17716,23,24,15955.07,4,5,5,455,14,714,664.7945833333333,12.277310924369747,15955.07,334,8819,14.6738768718802,0.026622296173044926,United Kingdom
17717,421,1,376.92,1,2,2,122,5,1,376.92,365.25,376.92,26,344,13.23076923076923,0.0,United Kingdom
17718,232,2,439.18,2,3,2,232,7,412,219.59,1.7730582524271845,439.18,22,274,11.91304347826087,0.0,United Kingdom
17719,38,15,5395.81,4,5,5,455,14,217,359.7206666666667,25.247695852534562,5395.81,111,2466,9.0,0.05474452554744526,United Kingdom
17720,26,10,2743.01,4,5,4,454,13,552,274.30100000000004,6.616847826086957,2743.0100000000007,81,1613,12.12781954887218,0.09774436090225563,United Kingdom
17721,659,1,307.21000000000004,1,2,2,122,5,1,307.21000000000004,365.25,307.21000000000004,11,107,9.727272727272727,0.0,United Kingdom
17722,96,5,4430.36,3,4,5,345,12,279,886.0719999999999,6.545698924731183,4430.36,163,2937,13.41095890410959,0.0958904109589041,United Kingdom
17723,127,7,3378.4000000000005,3,4,5,345,12,248,482.6285714285715,10.309475806451612,3378.4000000000005,6,912,76.0,0.0,United Kingdom
17724,71,3,1033.0,3,3,3,333,9,67,344.3333333333333,16.354477611940297,1033.0,38,300,7.5,0.275,United Kingdom
17725,16,11,3439.08,5,5,5,555,15,250,312.64363636363635,16.071,3439.08,115,2162,11.260416666666666,0.17708333333333334,United Kingdom
17726,395,7,1092.06,2,4,3,243,9,286,156.00857142857143,8.939685314685315,1092.06,52,444,6.9375,0.0,United Kingdom
17727,15,1,1060.25,5,2,3,523,10,1,1060.25,365.25,1060.25,66,645,9.772727272727273,0.0,United Kingdom
17728,4,5,4238.76,5,4,5,545,14,449,847.7520000000001,4.067371937639198,4238.76,196,2146,8.795081967213115,0.3237704918032787,United Kingdom
17729,596,1,438.65000000000003,1,2,2,122,5,1,438.65000000000003,365.25,438.65000000000003,23,247,10.73913043478261,0.0,United Kingdom
17730,3,20,7773.8,5,5,5,555,15,586,388.69,12.465870307167236,7773.800000000001,177,5300,16.878980891719745,0.054140127388535034,United Kingdom
17731,79,6,1708.99,3,4,4,344,11,589,284.83166666666665,3.720713073005093,1708.9899999999998,82,707,7.141414141414141,0.0707070707070707,United Kingdom
17732,373,8,2465.4900000000002,2,5,4,254,11,115,308.18625000000003,25.408695652173915,2465.4900000000002,90,1151,8.221428571428572,0.0,United Kingdom
17733,39,2,692.19,4,3,3,433,10,222,346.095,3.2905405405405403,692.19,33,463,13.228571428571428,0.0,United Kingdom
17734,54,6,1442.32,4,4,4,444,12,588,240.38666666666666,3.7270408163265305,1442.32,76,741,8.616279069767442,0.26744186046511625,United Kingdom
17735,2,26,17041.98,5,5,5,555,15,495,655.4607692307692,19.184848484848484,17041.98,391,10901,12.166294642857142,0.0703125,United Kingdom
17736,9,3,355.49,5,3,2,532,10,104,118.49666666666667,10.536057692307692,355.49,24,238,9.52,0.0,United Kingdom
17737,9,2,168.24,5,3,1,531,9,49,84.12,14.908163265306122,168.24,8,108,10.8,0.0,United Kingdom
17738,19,13,4183.56,5,5,5,555,15,611,321.81230769230774,7.7712765957446805,4183.56,173,2776,12.069565217391304,0.08695652173913043,United Kingdom
17739,12,18,7730.59,5,5,5,555,15,720,429.4772222222222,9.13125,7730.59,56,2335,15.671140939597315,0.0,United Kingdom
17740,389,6,426.90000000000003,2,4,2,242,8,308,71.15,7.11525974025974,426.9,5,222,24.666666666666668,0.0,United Kingdom
17741,407,2,101.1,2,3,1,231,6,153,50.55,4.7745098039215685,101.1,6,114,19.0,0.0,United Kingdom
17742,113,11,2001.8300000000002,3,5,4,354,12,625,181.98454545454547,6.4284,2001.8300000000002,52,653,7.682352941176471,0.0,United Kingdom
17743,448,1,229.2,1,2,1,121,4,1,229.2,365.25,229.20000000000002,3,96,32.0,0.0,United Kingdom
17744,4,7,2659.64,5,4,4,544,13,377,379.9485714285714,6.78183023872679,2659.64,121,3826,25.337748344370862,0.07947019867549669,United Kingdom
17745,478,2,588.64,1,3,2,132,6,78,294.32,9.365384615384615,588.6399999999999,27,164,5.857142857142857,0.0,United Kingdom
17746,240,4,904.1800000000001,2,4,3,243,9,370,226.04500000000002,3.9486486486486485,904.1800000000002,32,688,19.11111111111111,0.0,United Kingdom
17747,113,1,71.4,3,2,1,321,6,1,71.4,365.25,71.4,1,12,12.0,0.0,United Kingdom
17748,527,1,358.15,1,2,2,122,5,1,358.15,365.25,358.15,17,111,6.529411764705882,0.0,United Kingdom
17749,178,3,1026.18,3,3,3,333,9,368,342.06,2.977581521739131,1026.18,52,446,7.824561403508772,0.0,United Kingdom
17750,5,9,1797.57,5,5,4,554,14,158,199.73,20.805379746835442,1797.57,101,3957,20.502590673575128,0.13989637305699482,United Kingdom
17751,421,1,158.46,1,2,1,121,4,1,158.46,365.25,158.46,31,147,4.59375,0.0,United Kingdom
17752,359,1,80.64,2,2,1,221,5,1,80.64,365.25,80.64,1,192,192.0,0.0,United Kingdom
17753,464,4,390.56,1,4,2,142,7,238,97.64,6.1386554621848735,390.55999999999995,63,128,1.7777777777777777,0.0,United Kingdom
17754,1,13,4599.49,5,5,5,555,15,727,353.80692307692306,6.531292984869326,4599.49,185,4441,19.478070175438596,0.0,United Kingdom
17756,376,3,733.7,2,3,3,233,8,18,244.5666666666667,60.875,733.7,54,400,4.705882352941177,0.0,United Kingdom
17757,1,56,9315.43,5,5,5,555,15,693,166.34696428571428,29.515151515151516,9315.43,362,5013,3.8267175572519085,0.11603053435114503,United Kingdom
17758,19,12,5020.93,5,5,5,555,15,549,418.41083333333336,7.9836065573770485,5020.93,403,3236,6.037313432835821,0.5074626865671642,United Kingdom
17759,17,5,1278.11,5,4,4,544,13,566,255.62199999999999,3.2265901060070674,1278.11,114,976,7.072463768115942,0.0,United Kingdom
17760,22,6,918.93,4,4,3,443,11,627,153.155,3.495215311004785,918.93,58,696,9.157894736842104,0.19736842105263158,United Kingdom
17761,33,1,712.78,4,2,3,423,9,1,712.78,365.25,712.78,19,398,20.94736842105263,0.0,United Kingdom
17762,456,1,129.75,1,2,1,121,4,1,129.75,365.25,129.75,16,129,7.588235294117647,0.0,United Kingdom
17763,263,4,86.15,2,4,1,241,7,395,21.5375,3.69873417721519,86.14999999999999,11,41,2.9285714285714284,0.0,United Kingdom
17764,51,5,1624.06,4,4,4,444,12,685,324.812,2.6660583941605838,1624.06,126,729,4.584905660377358,0.0,United Kingdom
17765,159,4,508.85,3,4,2,342,9,289,127.2125,5.055363321799308,508.85,71,197,2.3734939759036147,0.0,United Kingdom
17766,381,2,299.61,2,3,2,232,7,1,149.805,730.5,299.61,21,155,7.045454545454546,0.0,United Kingdom
17767,15,2,413.05,5,3,2,532,10,394,206.525,1.854060913705584,413.05,35,198,5.076923076923077,0.0,United Kingdom
17768,8,7,3509.51,5,4,5,545,14,729,501.35857142857145,3.507201646090535,3509.51,134,2433,12.805263157894737,0.4263157894736842,United Kingdom
17769,13,17,7103.08,5,5,5,555,15,676,417.82823529411763,9.185281065088757,7103.08,330,3176,5.373942470389171,0.9170896785109983,United Kingdom
17770,199,5,1143.27,2,4,3,243,9,83,228.654,22.003012048192772,1143.27,33,365,9.605263157894736,0.0,United Kingdom
17771,57,4,387.69,4,4,2,442,10,532,96.9225,2.7462406015037595,387.69,63,373,5.405797101449275,0.0,United Kingdom
17772,11,3,384.77,5,3,2,532,10,381,128.25666666666666,2.875984251968504,384.77,94,122,1.161904761904762,0.0,United Kingdom
17773,514,2,585.27,1,3,2,132,6,175,292.635,4.174285714285714,585.2699999999999,48,260,4.642857142857143,0.0,United Kingdom
17774,97,9,3328.05,3,5,5,355,13,572,369.78333333333336,5.746940559440559,3328.05,286,1609,3.924390243902439,0.2975609756097561,United Kingdom
17775,255,1,56.4,2,2,1,221,5,1,56.4,365.25,56.4,3,72,24.0,0.0,United Kingdom
17776,387,2,338.56,2,3,2,232,7,336,169.28,2.174107142857143,338.56,74,277,3.2976190476190474,0.0,United Kingdom
17777,25,3,665.86,4,3,3,433,10,75,221.95333333333335,14.610000000000001,665.8600000000001,141,507,2.61340206185567,0.0,United Kingdom
17778,662,1,197.70000000000002,1,2,1,121,4,1,197.70000000000002,365.25,197.70000000000002,10,214,21.4,0.0,United Kingdom
17779,21,3,658.57,4,3,3,433,10,122,219.52333333333334,8.981557377049182,658.57,73,397,4.841463414634147,0.0,United Kingdom
17780,667,3,352.91,1,3,2,132,6,17,117.63666666666667,64.45588235294117,352.90999999999997,76,158,1.9506172839506173,0.35802469135802467,United Kingdom
17781,159,2,188.02,3,3,1,331,7,93,94.01,7.854838709677419,188.02,12,34,2.8333333333333335,0.8333333333333334,United Kingdom
17782,383,2,679.02,2,3,3,233,8,1,339.51,730.5,679.02,29,538,18.551724137931036,0.0,United Kingdom
17783,72,3,379.91,3,3,2,332,8,440,126.63666666666667,2.490340909090909,379.91,91,439,4.771739130434782,0.0,United Kingdom
17784,550,1,112.86,1,2,1,121,4,1,112.86,365.25,112.86,19,72,3.130434782608696,0.0,United Kingdom
17785,53,3,403.38,4,3,2,432,9,512,134.46,2.14013671875,403.38000000000005,48,227,4.450980392156863,0.3137254901960784,United Kingdom
17786,85,2,278.74,3,3,1,331,7,231,139.37,3.162337662337662,278.74,57,200,2.7777777777777777,0.0,United Kingdom
17787,153,4,2601.4700000000003,3,4,4,344,11,218,650.3675000000001,6.70183486238532,2601.4700000000003,94,1266,7.672727272727273,0.09090909090909091,United Kingdom
17788,74,2,1117.9,3,3,3,333,9,55,558.95,13.281818181818183,1117.9,3,211,42.2,0.0,United Kingdom
17789,281,2,397.15,2,3,2,232,7,379,198.575,1.9274406332453826,397.15,27,199,6.862068965517241,0.0,United Kingdom
17790,27,20,2783.96,4,5,4,454,13,517,139.198,14.129593810444874,2783.96,188,1389,4.569078947368421,0.45394736842105265,United Kingdom
17791,30,1,106.1,4,2,1,421,7,1,106.1,365.25,106.10000000000001,10,46,4.6,0.0,United Kingdom
17792,467,2,370.05,1,3,2,132,6,11,185.025,66.4090909090909,370.04999999999995,45,151,2.849056603773585,0.5471698113207547,United Kingdom
17793,25,1,323.04,4,2,2,422,8,1,323.04,365.25,323.04,49,232,4.0,0.0,United Kingdom
17794,687,2,147.3,1,3,1,131,5,1,73.65,730.5,147.3,7,46,6.571428571428571,0.0,United Kingdom
17795,180,2,350.39,3,3,2,332,8,85,175.195,8.594117647058823,350.39,43,341,7.413043478260869,0.3695652173913043,United Kingdom
17796,40,7,1361.99,4,4,4,444,12,381,194.57,6.7106299212598435,1361.99,149,379,1.6844444444444444,0.6711111111111111,United Kingdom
17797,22,8,1985.8700000000001,4,5,4,454,13,701,248.23375000000001,4.168330955777461,1985.8700000000001,222,1090,3.963636363636364,0.0,United Kingdom
17798,582,1,183.09,1,2,1,121,4,1,183.09,365.25,183.09,43,142,2.8979591836734695,0.0,United Kingdom
17799,22,20,6341.89,4,5,5,455,14,703,317.09450000000004,10.391180654338548,6341.89,478,3707,4.003239740820734,0.0550755939524838,United Kingdom
17800,37,9,1199.01,4,5,3,453,12,296,133.22333333333333,11.105574324324325,1199.01,51,736,7.076923076923077,0.2980769230769231,United Kingdom
17801,451,3,798.33,1,3,3,133,7,240,266.11,4.565625,798.33,66,838,9.858823529411765,0.5529411764705883,United Kingdom
17802,82,10,5053.12,3,5,5,355,13,644,505.312,5.671583850931677,5053.12,283,2786,5.159259259259259,0.8555555555555555,United Kingdom
17803,392,1,184.66,2,2,1,221,5,1,184.66,365.25,184.66,27,98,3.6296296296296298,0.0,United Kingdom
17804,376,3,385.23,2,3,2,232,7,362,128.41,3.0269337016574585,385.22999999999996,82,195,2.119565217391304,0.30434782608695654,United Kingdom
17805,74,2,583.99,3,3,2,332,8,536,291.995,1.3628731343283582,583.99,10,590,53.63636363636363,0.0,United Kingdom
17806,11,1,546.04,5,2,2,522,9,1,546.04,365.25,546.04,43,727,16.906976744186046,0.0,United Kingdom
17807,395,3,435.92,2,3,2,232,7,309,145.30666666666667,3.546116504854369,435.9200000000001,88,262,2.943820224719101,0.2247191011235955,United Kingdom
17808,549,4,262.64,1,4,1,141,6,32,65.66,45.65625,262.64,29,143,4.333333333333333,0.030303030303030304,United Kingdom
17809,16,20,11337.39,5,5,5,555,15,720,566.8695,10.145833333333334,11337.390000000001,59,3353,29.9375,0.0,United Kingdom
17810,669,2,361.91,1,3,2,132,6,15,180.955,48.7,361.9100000000001,51,119,2.125,0.0,United Kingdom
17811,4,47,9607.98,5,5,5,555,15,441,204.42510638297873,38.92687074829932,9607.98,538,5327,4.506768189509306,0.1692047377326565,United Kingdom
17812,13,7,1156.04,5,4,3,543,12,517,165.14857142857142,4.945357833655706,1156.0399999999997,162,612,2.6266094420600856,0.33476394849785407,United Kingdom
17813,14,5,1734.03,5,4,4,544,13,57,346.806,32.03947368421053,1734.03,297,790,2.129380053908356,0.0,United Kingdom
17814,375,2,1580.36,2,3,4,234,9,47,790.18,15.542553191489361,1580.3600000000001,112,1264,8.657534246575343,0.0,United Kingdom
17815,393,1,591.96,2,2,2,222,6,1,591.96,365.25,591.96,13,612,47.07692307692308,0.0,United Kingdom
17816,37,6,112.32,4,4,1,441,9,687,18.72,3.1899563318777293,112.32,41,96,1.7454545454545454,0.0,United Kingdom
17817,4,6,630.85,5,4,3,543,12,417,105.14166666666667,5.255395683453237,630.85,115,365,2.6449275362318843,0.0,United Kingdom
17818,738,1,130.18,1,2,1,121,4,1,130.18,365.25,130.18,42,90,1.9565217391304348,0.0,United Kingdom
17819,72,12,6612.52,3,5,5,355,13,654,551.0433333333334,6.701834862385321,6612.52,66,1849,18.306930693069308,0.18811881188118812,United Kingdom
17820,374,1,183.56,2,2,1,221,5,1,183.56,365.25,183.55999999999997,39,112,2.6666666666666665,0.0,United Kingdom
17821,406,1,334.62,2,2,2,222,6,1,334.62,365.25,334.62,6,162,27.0,0.0,United Kingdom
17822,420,5,2188.5,1,4,4,144,9,140,437.7,13.044642857142858,2188.5,152,1389,7.892045454545454,0.0,United Kingdom
17823,421,2,494.25,1,3,2,132,6,1,247.125,730.5,494.25,88,262,2.381818181818182,0.0,United Kingdom
17824,51,1,298.4,4,2,2,422,8,1,298.4,365.25,298.4,13,408,31.384615384615383,0.0,United Kingdom
17825,599,4,731.96,1,4,3,143,8,126,182.99,11.595238095238095,731.96,24,540,19.285714285714285,0.0,United Kingdom
17826,374,1,134.59,2,2,1,221,5,1,134.59,365.25,134.59,33,85,2.5,0.0,United Kingdom
17827,5,6,2388.05,5,4,4,544,13,616,398.0083333333334,3.55762987012987,2388.05,240,1592,5.527777777777778,0.4583333333333333,United Kingdom
17828,23,4,1381.09,4,4,4,444,12,162,345.2725,9.018518518518517,1381.0899999999997,54,667,9.955223880597014,0.0,Malta
17829,299,5,4756.74,2,4,5,245,11,356,951.348,5.129915730337078,4756.74,121,3009,17.596491228070175,0.0,United Arab Emirates
17830,2,3,398.7,5,3,2,532,10,287,132.9,3.8179442508710806,398.70000000000005,18,92,4.0,0.0,United Kingdom
17831,33,1,35.400000000000006,4,2,1,421,7,1,35.400000000000006,365.25,35.400000000000006,2,12,6.0,1.0,United Kingdom
17832,50,1,155.79,4,2,1,421,7,1,155.79,365.25,155.79,61,208,3.4098360655737703,0.0,United Kingdom
17833,723,1,342.36,1,2,2,122,5,1,342.36,365.25,342.36,28,145,4.53125,0.0,United Kingdom
17834,415,2,664.62,1,3,3,133,7,30,332.31,24.35,664.62,54,687,11.64406779661017,0.0,United Kingdom
17835,3,3,350.64,5,3,2,532,10,20,116.88,54.7875,350.64,45,348,5.704918032786885,0.0,United Kingdom
17836,47,1,110.21000000000001,4,2,1,421,7,1,110.21000000000001,365.25,110.21,23,88,3.6666666666666665,1.0,United Kingdom
17837,42,8,1593.38,4,5,4,454,13,120,199.1725,24.35,1593.38,110,518,3.06508875739645,0.17751479289940827,United Kingdom
17838,27,13,6615.900000000001,4,5,5,455,14,604,508.91538461538465,7.861341059602649,6615.900000000001,141,4149,13.470779220779221,0.30194805194805197,United Kingdom
17839,42,1,338.8,4,2,2,422,8,1,338.8,365.25,338.8,50,285,5.089285714285714,0.0,United Kingdom
17840,444,1,185.72,1,2,1,121,4,1,185.72,365.25,185.72,44,138,2.5090909090909093,0.0,United Kingdom
17841,2,211,69071.56,5,5,5,555,15,735,327.35336492890997,104.85408163265306,69071.56,2116,37470,2.9069045771916215,0.1466252909231963,United Kingdom
17842,602,1,430.69,1,2,2,122,5,1,430.69,365.25,430.69,18,89,4.944444444444445,0.0,United Kingdom
17843,303,2,329.59,2,3,2,232,7,108,164.795,6.763888888888889,329.59000000000003,58,276,4.3125,0.421875,United Kingdom
17844,107,1,51.559999999999995,3,2,1,321,6,1,51.559999999999995,365.25,51.559999999999995,5,52,10.4,0.0,Canada
17845,555,4,596.24,1,4,2,142,7,21,149.06,69.57142857142857,596.2399999999999,42,196,4.083333333333333,0.0,United Kingdom
17846,85,1,18.0,3,2,1,321,6,1,18.0,365.25,18.0,1,1,1.0,0.0,United Kingdom
17847,516,2,129.69,1,3,1,131,5,129,64.845,5.662790697674418,129.69,9,29,3.2222222222222223,0.0,United Kingdom
17848,81,30,3531.7,3,5,5,355,13,652,117.72333333333333,16.805981595092025,3531.7,105,1438,8.55952380952381,0.13690476190476192,United Kingdom
17849,218,8,866.21,2,5,3,253,10,416,108.27625,7.024038461538461,866.2099999999999,24,224,4.48,0.22,United Kingdom
17850,372,155,55996.58,2,5,5,255,12,362,361.26825806451615,156.39157458563537,55996.58000000001,100,22785,8.149141630901287,0.11158798283261803,United Kingdom
17851,422,6,1563.34,1,4,4,144,9,313,260.5566666666667,7.001597444089457,1563.34,185,938,3.957805907172996,0.16033755274261605,United Kingdom
17852,12,5,663.21,5,4,3,543,12,719,132.642,2.539986091794159,663.21,82,376,3.418181818181818,0.0,United Kingdom
17853,407,3,1608.19,2,3,4,234,9,329,536.0633333333334,3.330547112462006,1608.19,84,627,5.915094339622642,0.0,United Kingdom
17854,185,6,1071.45,3,4,3,343,10,546,178.57500000000002,4.013736263736264,1071.45,113,610,5.083333333333333,0.0,United Kingdom
17855,373,1,417.94,2,2,2,222,6,1,417.94,365.25,417.94,17,394,11.588235294117647,0.0,United Kingdom
17856,2,4,1324.75,5,4,4,544,13,279,331.1875,5.236559139784946,1324.75,12,754,50.266666666666666,0.13333333333333333,United Kingdom
17857,4,24,16599.0,5,5,5,555,15,637,691.625,13.76138147566719,16599.0,21,9960,166.0,0.0,United Kingdom
17858,6,30,12354.47,5,5,5,555,15,727,411.81566666666663,15.072214580467676,12354.469999999998,173,5443,13.779746835443039,0.6253164556962025,United Kingdom
17859,305,1,148.21,2,2,1,221,5,1,148.21,365.25,148.21,23,127,5.08,0.0,United Kingdom
17860,369,4,1013.54,2,4,3,243,9,359,253.385,4.069637883008356,1013.5399999999998,127,617,2.6594827586206895,0.0,United Kingdom
17861,3,18,5132.73,5,5,5,555,15,726,285.15166666666664,9.055785123966942,5132.73,329,4574,8.05281690140845,0.0,United Kingdom
17862,324,4,1279.09,2,4,4,244,10,239,319.7725,6.112970711297071,1279.09,90,443,4.3431372549019605,0.0,United Kingdom
17863,59,12,5745.2,4,5,5,455,14,593,478.76666666666665,7.391231028667791,5745.2,154,4952,17.942028985507246,0.358695652173913,United Kingdom
17864,13,5,924.32,5,4,3,543,12,414,184.864,4.411231884057972,924.3200000000002,93,1121,7.731034482758621,0.4827586206896552,United Kingdom
17865,31,46,26374.39,4,5,5,455,14,708,573.356304347826,23.73093220338983,26374.39,391,12985,12.75540275049116,0.03929273084479371,United Kingdom
17866,143,3,1134.95,3,3,3,333,9,582,378.31666666666666,1.8827319587628866,1134.95,20,535,20.576923076923077,0.0,United Kingdom
17867,30,15,1421.73,4,5,4,454,13,707,94.782,7.7492927864215,1421.73,119,584,4.141843971631205,0.0,United Kingdom
17868,386,1,234.65,2,2,1,221,5,1,234.65,365.25,234.65,18,91,4.7894736842105265,0.0,United Kingdom
17869,107,7,988.36,3,4,3,343,10,440,141.1942857142857,5.810795454545455,988.3600000000001,72,560,5.714285714285714,0.02040816326530612,United Kingdom
17870,2,13,3102.52,5,5,5,555,15,379,238.6553846153846,12.528364116094988,3102.52,215,1873,6.641843971631205,0.0,United Kingdom
17871,205,5,1124.03,2,4,3,243,9,488,224.80599999999998,3.742315573770492,1124.0299999999997,64,713,8.388235294117647,0.5058823529411764,United Kingdom
17872,382,1,235.87,2,2,1,221,5,1,235.87,365.25,235.87,15,176,11.733333333333333,0.0,United Kingdom
17873,80,18,6404.5,3,5,5,355,13,643,355.80555555555554,10.224727838258165,6404.5,65,4312,24.089385474860336,0.0,United Kingdom
17874,185,6,683.46,3,4,3,343,10,70,113.91000000000001,31.307142857142857,683.46,37,221,4.804347826086956,0.0,United Kingdom
17875,688,1,167.1,1,2,1,121,4,1,167.1,365.25,167.1,25,98,3.769230769230769,0.0,United Kingdom
17876,400,3,1398.0,2,3,4,234,9,275,466.0,3.9845454545454544,1398.0,3,800,200.0,0.0,United Kingdom
17877,170,1,237.61,3,2,1,321,6,1,237.61,365.25,237.61,12,98,8.166666666666666,0.0,United Kingdom
17878,44,3,1412.33,4,3,4,434,11,351,470.77666666666664,3.121794871794872,1412.33,82,1038,12.211764705882352,0.0,United Kingdom
17879,174,1,178.52,3,2,1,321,6,1,178.52,365.25,178.52,6,45,7.5,1.0,United Kingdom
17880,365,3,824.9200000000001,2,3,3,233,8,365,274.97333333333336,3.002054794520548,824.9200000000001,43,466,10.355555555555556,0.0,United Kingdom
17881,304,1,133.35,2,2,1,221,5,1,133.35,365.25,133.35,8,32,4.0,0.0,United Kingdom
17882,379,2,313.46,2,3,2,232,7,1,156.73,730.5,313.46,47,134,2.392857142857143,0.0,United Kingdom
17883,3,7,995.85,5,4,3,543,12,648,142.2642857142857,3.9456018518518516,995.8499999999999,155,481,2.7329545454545454,0.0,United Kingdom
17884,4,20,3112.83,5,5,5,555,15,731,155.6415,9.993160054719562,3112.83,305,3088,6.406639004149378,0.0,United Kingdom
17885,12,1,195.23,5,2,1,521,8,1,195.23,365.25,195.23,50,167,2.609375,1.0,United Kingdom
17886,32,6,1596.43,4,4,4,444,12,557,266.07166666666666,3.9344703770197484,1596.4299999999998,138,725,4.142857142857143,0.0,United Kingdom
17887,129,1,107.45,3,2,1,321,6,1,107.45,365.25,107.45,10,30,3.0,0.0,United Kingdom
17888,21,25,1832.32,4,5,4,454,13,696,73.2928,13.119612068965518,1832.3200000000002,145,1544,9.47239263803681,0.0,United Kingdom
17889,212,7,774.87,2,4,3,243,9,406,110.69571428571429,6.297413793103448,774.87,97,417,3.418032786885246,0.0,United Kingdom
17890,323,2,602.09,2,3,2,232,7,38,301.045,19.223684210526315,602.09,88,416,4.425531914893617,0.0,United Kingdom
17891,162,1,203.85999999999999,3,2,1,321,6,1,203.85999999999999,365.25,203.85999999999999,34,393,11.558823529411764,0.0,United Kingdom
17892,56,3,244.1,4,3,1,431,8,99,81.36666666666666,11.068181818181817,244.09999999999997,27,109,3.892857142857143,0.0,United Kingdom
17893,225,1,112.25,2,2,1,221,5,1,112.25,365.25,112.25,15,161,10.0625,0.0,United Kingdom
17894,72,18,2451.43,3,5,4,354,12,397,136.19055555555553,16.56045340050378,2451.43,215,1020,2.4170616113744074,0.1066350710900474,United Kingdom
17895,44,1,98.0,4,2,1,421,7,1,98.0,365.25,98.0,15,130,8.125,0.0,United Kingdom
17896,23,1,256.32,4,2,1,421,7,1,256.32,365.25,256.32,2,288,144.0,0.0,United Kingdom
17897,173,9,2497.2,3,5,4,354,12,403,277.46666666666664,8.156947890818858,2497.1999999999994,211,1043,3.014450867052023,0.0,United Kingdom
17898,85,4,299.18,3,4,2,342,9,481,74.795,3.0374220374220378,299.18,48,251,5.02,0.0,United Kingdom
17899,159,1,155.8,3,2,1,321,6,1,155.8,365.25,155.8,29,171,5.34375,1.0,United Kingdom
17900,190,2,112.19999999999999,2,3,1,231,6,1,56.099999999999994,730.5,112.19999999999999,4,73,12.166666666666666,0.0,United Kingdom
17901,29,3,248.38,4,3,1,431,8,492,82.79333333333334,2.2271341463414633,248.38000000000002,22,38,1.7272727272727273,0.0,United Kingdom
17902,547,1,225.6,1,2,1,121,4,1,225.6,365.25,225.6,24,486,20.25,0.0,United Kingdom
17903,394,1,381.09000000000003,2,2,2,222,6,1,381.09000000000003,365.25,381.09,44,142,3.1555555555555554,0.0,United Kingdom
17904,21,1,191.67000000000002,4,2,1,421,7,1,191.67000000000002,365.25,191.67,33,63,1.6578947368421053,0.0,United Kingdom
17905,71,13,2238.62,3,5,4,354,12,608,172.20153846153846,7.809621710526315,2238.62,129,1333,7.795321637426901,0.25146198830409355,United Kingdom
17906,247,1,72.9,2,2,1,221,5,1,72.9,365.25,72.9,12,26,2.1666666666666665,0.0,United Kingdom
17907,641,1,122.08000000000001,1,2,1,121,4,1,122.08000000000001,365.25,122.08,13,238,18.307692307692307,0.0,United Kingdom
17908,374,5,1392.95,2,4,4,244,10,351,278.59000000000003,5.202991452991453,1392.9500000000003,178,856,3.0902527075812274,0.0,United Kingdom
17909,737,1,132.55,1,2,1,121,4,1,132.55,365.25,132.55,8,41,4.555555555555555,0.0,United Kingdom
17910,726,1,261.7,1,2,1,121,4,1,261.7,365.25,261.7,25,121,4.653846153846154,1.0,United Kingdom
17911,9,1,366.23,5,2,2,522,9,1,366.23,365.25,366.23,39,223,5.717948717948718,0.0,United Kingdom
17912,310,6,375.5,2,4,2,242,8,65,62.583333333333336,33.715384615384615,375.5,48,216,4.153846153846154,0.0,United Kingdom
17913,59,14,3479.64,4,5,5,455,14,677,248.54571428571427,7.553175775480059,3479.64,224,1745,3.6659663865546217,0.25210084033613445,United Kingdom
17914,4,1,336.43,5,2,2,522,9,1,336.43,365.25,336.43,72,473,5.9125,0.0,United Kingdom
17915,551,1,242.13,1,2,1,121,4,1,242.13,365.25,242.13,27,191,5.457142857142857,1.0,United Kingdom
17916,629,2,43.87,1,3,1,131,5,104,21.935,7.024038461538461,43.87,15,90,4.7368421052631575,1.0,United Kingdom
17917,45,3,341.73,4,3,2,432,9,317,113.91000000000001,3.4566246056782335,341.73,77,187,1.9893617021276595,0.30851063829787234,United Kingdom
17918,501,3,396.39,1,3,2,132,6,4,132.13,273.9375,396.39000000000004,34,352,8.8,0.0,United Kingdom
17919,88,2,1840.3200000000002,3,3,4,334,10,350,920.1600000000001,2.087142857142857,1840.3200000000002,37,1452,36.3,0.0,United Kingdom
17920,4,54,24501.45,5,5,5,555,15,729,453.73055555555555,27.055555555555554,24501.45,715,12578,6.976150859678314,0.4115363283416528,United Kingdom
17921,64,10,2411.55,3,5,4,354,12,447,241.15500000000003,8.171140939597317,2411.5500000000006,230,1002,2.722826086956522,0.1766304347826087,United Kingdom
17922,543,1,170.4,1,2,1,121,4,1,170.4,365.25,170.4,8,49,6.125,0.0,United Kingdom
17923,282,3,497.0,2,3,2,232,7,262,165.66666666666666,4.182251908396947,497.00000000000006,2,140,46.666666666666664,0.3333333333333333,United Kingdom
17924,12,8,3536.7000000000003,5,5,5,555,15,402,442.08750000000003,7.26865671641791,3536.7000000000003,27,1268,36.22857142857143,0.0,United Kingdom
17925,373,1,488.16,2,2,2,222,6,1,488.16,365.25,488.16,1,144,72.0,0.0,United Kingdom
17926,133,5,1040.53,3,4,3,343,10,446,208.106,4.094730941704036,1040.53,27,572,13.0,0.18181818181818182,United Kingdom
17927,722,1,294.0,1,2,2,122,5,1,294.0,365.25,294.0,10,108,10.8,0.0,United Kingdom
17928,45,3,341.24,4,3,2,432,9,525,113.74666666666667,2.087142857142857,341.24,27,222,8.222222222222221,0.0,United Kingdom
17929,11,12,3082.1,5,5,5,555,15,719,256.84166666666664,6.095966620305981,3082.1,6,434,28.933333333333334,0.06666666666666667,United Kingdom
17930,36,13,4040.02,4,5,5,455,14,609,310.77076923076925,7.79679802955665,4040.0200000000004,39,3235,37.18390804597701,0.0,United Kingdom
17931,134,14,3437.29,3,5,5,355,13,527,245.5207142857143,9.70303605313093,3437.2899999999995,274,1937,5.42577030812325,0.25770308123249297,United Kingdom
17932,29,3,1331.57,4,3,4,434,11,182,443.8566666666666,6.020604395604395,1331.57,84,789,8.766666666666667,0.24444444444444444,United Kingdom
17933,632,1,114.69,1,2,1,121,4,1,114.69,365.25,114.69,12,63,4.5,0.0,United Kingdom
17934,52,3,1049.15,4,3,3,433,10,354,349.7166666666667,3.0953389830508473,1049.15,36,628,15.317073170731707,0.0,United Kingdom
17935,138,7,686.14,3,4,3,343,10,596,98.02,4.28984899328859,686.1399999999999,60,244,3.8125,0.03125,United Kingdom
17936,5,1,389.84,5,2,2,522,9,1,389.84,365.25,389.84,68,262,3.4025974025974026,1.0,United Kingdom
17937,9,7,4301.22,5,4,5,545,14,353,614.46,7.242917847025496,4301.22,19,1754,40.7906976744186,0.46511627906976744,United Kingdom
17938,420,1,144.29,1,2,1,121,4,1,144.29,365.25,144.29,29,53,1.8275862068965518,0.0,United Kingdom
17939,160,1,99.14,3,2,1,321,6,1,99.14,365.25,99.14,12,40,3.3333333333333335,1.0,United Kingdom
17940,49,16,2344.0,4,5,4,454,13,687,146.5,8.506550218340612,2344.0,11,6802,188.94444444444446,0.0,United Kingdom
17941,131,4,1162.56,3,4,3,343,10,571,290.64,2.5586690017513134,1162.56,5,732,104.57142857142857,0.0,United Kingdom
17942,8,1,77.50000000000001,5,2,1,521,8,1,77.50000000000001,365.25,77.50000000000001,2,38,19.0,0.0,United Kingdom
17944,423,1,75.41,1,2,1,121,4,1,75.41,365.25,75.41,24,85,3.269230769230769,0.0,United Kingdom
17945,697,3,360.35,1,3,2,132,6,1,120.11666666666667,1095.75,360.34999999999997,66,244,3.388888888888889,0.0,United Kingdom
17946,233,2,135.68,2,3,1,231,6,26,67.84,28.096153846153843,135.68,18,75,3.75,0.0,United Kingdom
17947,37,1,176.68,4,2,1,421,7,1,176.68,365.25,176.68,9,168,18.666666666666668,0.0,United Kingdom
17948,147,1,358.56000000000006,3,2,2,322,7,1,358.56000000000006,365.25,358.56000000000006,1,144,144.0,0.0,United Kingdom
17949,1,118,62200.03,5,5,5,555,15,736,527.1188983050847,58.55910326086957,62200.02999999999,58,25302,161.15923566878982,0.0,United Kingdom
17950,72,7,1432.81,3,4,4,344,11,631,204.68714285714285,4.05190174326466,1432.81,133,847,4.111650485436893,0.12135922330097088,United Kingdom
17951,40,4,1636.0800000000002,4,4,4,444,12,364,409.02000000000004,4.013736263736264,1636.0800000000002,24,898,27.21212121212121,0.24242424242424243,United Kingdom
17952,378,4,819.61,2,4,3,243,9,163,204.9025,8.963190184049079,819.6099999999999,85,504,4.846153846153846,0.0,United Kingdom
17953,540,1,160.82,1,2,1,121,4,1,160.82,365.25,160.82,20,99,4.714285714285714,0.0,United Kingdom
17954,5,19,3938.68,5,5,5,555,15,725,207.29894736842104,9.572068965517241,3938.68,479,3089,4.006485084306096,0.23735408560311283,United Kingdom
17955,199,6,943.1,2,4,3,243,9,466,157.18333333333334,4.702789699570816,943.1,16,673,30.59090909090909,0.0,United Kingdom
17956,249,1,12.75,2,2,1,221,5,1,12.75,365.25,12.75,1,1,1.0,0.0,United Kingdom
17957,66,1,117.55,3,2,1,321,6,1,117.55,365.25,117.55,31,287,9.258064516129032,0.0,United Kingdom
17958,117,2,973.88,3,3,3,333,9,611,486.94,1.1955810147299508,973.88,35,284,7.888888888888889,0.0,United Kingdom
17959,592,1,118.8,1,2,1,121,4,1,118.8,365.25,118.8,2,49,24.5,0.0,United Kingdom
17960,171,3,135.08,3,3,1,331,7,470,45.02666666666667,2.331382978723404,135.08,37,60,1.6216216216216217,0.0,United Kingdom
17961,21,100,2881.09,4,5,5,455,14,717,28.8109,50.94142259414226,2881.09,486,1537,2.3287878787878786,0.03333333333333333,United Kingdom
17962,142,4,689.04,3,4,3,343,10,552,172.26,2.6467391304347827,689.04,146,651,3.255,0.0,United Kingdom
17963,471,4,649.56,1,4,3,143,8,217,162.39,6.732718894009217,649.56,98,344,3.0714285714285716,0.0,United Kingdom
17964,32,2,733.46,4,3,3,433,10,340,366.73,2.148529411764706,733.4599999999999,84,496,3.568345323741007,0.0,United Kingdom
17965,38,29,7239.89,4,5,5,455,14,687,249.65137931034485,15.418122270742359,7239.89,588,4525,5.292397660818714,0.016374269005847954,United Kingdom
17966,38,10,1974.42,4,5,4,454,13,652,197.442,5.601993865030675,1974.4199999999998,82,3943,34.58771929824562,0.0,United Kingdom
17967,372,2,357.29,2,3,2,232,7,44,178.645,16.602272727272727,357.29,59,198,1.7217391304347827,0.0,United Kingdom
17968,374,4,888.04,2,4,3,243,9,138,222.01,10.58695652173913,888.04,106,525,2.3863636363636362,0.0,United Kingdom
17969,166,20,2346.4900000000002,3,5,4,354,12,566,117.32450000000001,12.90636042402827,2346.4900000000002,113,1017,4.913043478260869,0.5555555555555556,United Kingdom
17970,211,1,582.59,2,2,2,222,6,1,582.59,365.25,582.59,27,525,16.93548387096774,0.0,United Kingdom
17971,548,1,161.94,1,2,1,121,4,1,161.94,365.25,161.94,21,62,2.9523809523809526,0.0,United Kingdom
17972,242,1,136.04,2,2,1,221,5,1,136.04,365.25,136.04,30,37,1.1935483870967742,0.0,United Kingdom
17973,52,1,340.4,4,2,2,422,8,1,340.4,365.25,340.4,15,176,11.733333333333333,0.0,United Kingdom
17974,25,6,1863.24,4,4,4,444,12,382,310.54,5.736910994764397,1863.2400000000002,279,1243,3.0843672456575684,0.0,United Kingdom
17975,15,24,7028.83,5,5,5,555,15,475,292.86791666666664,18.454736842105262,7028.829999999999,243,2271,4.741127348643007,0.037578288100208766,United Kingdom
17976,372,1,706.38,2,2,3,223,7,1,706.38,365.25,706.38,56,212,1.6307692307692307,0.0,United Kingdom
17977,29,2,1570.49,4,3,4,434,11,370,785.245,1.9743243243243243,1570.4900000000002,94,2062,19.09259259259259,0.0,United Kingdom
17978,365,4,1195.61,2,4,3,243,9,366,298.9025,3.9918032786885247,1195.61,62,1205,15.0625,0.0,United Kingdom
17979,36,4,757.71,4,4,3,443,11,224,189.4275,6.522321428571429,757.7099999999999,116,397,2.719178082191781,0.0,United Kingdom
17980,166,4,1033.42,3,4,3,343,10,227,258.355,6.436123348017621,1033.42,41,782,11.848484848484848,0.0,United Kingdom
17981,411,1,239.12,1,2,1,121,4,1,239.12,365.25,239.12,17,260,15.294117647058824,0.0,United Kingdom
17982,681,1,138.18,1,2,1,121,4,1,138.18,365.25,138.18,13,117,9.0,0.0,United Kingdom
17983,395,1,171.71,2,2,1,221,5,1,171.71,365.25,171.71,23,108,4.5,0.0,United Kingdom
17984,145,5,1192.95,3,4,3,343,10,593,238.59,3.0796795952782463,1192.95,209,973,3.8764940239043826,0.43824701195219123,United Kingdom
17985,22,1,634.95,4,2,3,423,9,1,634.95,365.25,634.95,20,183,7.956521739130435,0.0,United Kingdom
17986,56,1,20.8,4,2,1,421,7,1,20.8,365.25,20.8,1,10,10.0,0.0,United Kingdom
17987,185,5,1006.1,3,4,3,343,10,365,201.22,5.0034246575342465,1006.1,139,1015,5.702247191011236,0.16853932584269662,United Kingdom
17988,12,14,467.59,5,5,2,552,12,720,33.39928571428571,7.102083333333334,467.59,115,186,1.5121951219512195,0.08943089430894309,United Kingdom
17989,379,1,228.83,2,2,1,221,5,1,228.83,365.25,228.83,26,329,9.676470588235293,0.0,United Kingdom
17990,237,6,1527.6100000000001,2,4,4,244,10,495,254.6016666666667,4.427272727272727,1527.6100000000001,40,777,13.631578947368421,0.2982456140350877,United Kingdom
17991,225,3,318.6,2,3,2,232,7,366,106.2,2.9938524590163933,318.59999999999997,37,100,2.5,0.0,United Kingdom
17992,389,1,254.13,2,2,1,221,5,1,254.13,365.25,254.13,49,131,2.4716981132075473,0.0,United Kingdom
17993,617,1,235.19,1,2,1,121,4,1,235.19,365.25,235.19000000000003,60,112,1.75,0.0,United Kingdom
17994,122,11,2276.36,3,5,4,354,12,499,206.9418181818182,8.051603206412826,2276.3600000000006,227,2018,6.426751592356688,0.0,United Kingdom
17995,282,3,495.48,2,3,2,232,7,105,165.16,10.435714285714287,495.48,28,263,9.068965517241379,0.0,United Kingdom
17996,380,3,482.93,2,3,2,232,7,166,160.97666666666666,6.600903614457831,482.92999999999995,63,587,8.761194029850746,0.0,United Kingdom
17997,74,8,1985.57,3,5,4,354,12,89,248.19625,32.831460674157306,1985.57,133,2258,13.602409638554217,0.1686746987951807,United Kingdom
17998,380,3,611.29,2,3,3,233,8,358,203.76333333333332,3.060754189944134,611.29,57,561,9.672413793103448,0.0,United Kingdom
17999,37,3,730.9,4,3,3,433,10,341,243.63333333333333,3.213343108504399,730.9,125,395,2.2443181818181817,0.0,United Kingdom
18000,564,1,124.25,1,2,1,121,4,1,124.25,365.25,124.25,6,109,18.166666666666668,0.0,United Kingdom
18001,12,6,953.84,5,4,3,543,12,725,158.97333333333333,3.0227586206896553,953.84,120,893,6.378571428571429,0.11428571428571428,United Kingdom
18002,376,4,236.01999999999998,2,4,1,241,7,355,59.004999999999995,4.115492957746479,236.02,52,72,1.3333333333333333,0.0,United Kingdom
18003,376,1,361.97,2,2,2,222,6,1,361.97,365.25,361.97,23,299,11.96,1.0,United Kingdom
18004,362,1,169.77,2,2,1,221,5,1,169.77,365.25,169.77,32,78,1.95,1.0,United Kingdom
18005,4,2,249.72,5,3,1,531,9,43,124.86,16.988372093023255,249.72,52,93,1.55,0.38333333333333336,United Kingdom
18006,23,4,997.86,4,4,3,443,11,699,249.465,2.090128755364807,997.86,57,403,6.2,0.0,United Kingdom
18007,393,1,220.92,2,2,1,221,5,1,220.92,365.25,220.92,46,252,4.9411764705882355,0.0,United Kingdom
18008,70,23,7889.58,3,5,5,355,13,632,343.02521739130435,13.29232594936709,7889.580000000001,77,3286,32.21568627450981,0.0,United Kingdom
18009,235,8,2155.83,2,5,4,254,11,417,269.47875,7.0071942446043165,2155.83,145,653,3.6077348066298343,0.0,United Kingdom
18010,257,1,174.8,2,2,1,221,5,1,174.8,365.25,174.8,14,60,4.285714285714286,0.0,United Kingdom
18011,373,2,527.03,2,3,2,232,7,194,263.515,3.7654639175257736,527.03,63,198,2.129032258064516,0.0,United Kingdom
18012,723,1,102.4,1,2,1,121,4,1,102.4,365.25,102.39999999999999,13,63,4.846153846153846,0.0,United Kingdom
18013,155,2,187.29,3,3,1,331,7,1,93.645,730.5,187.29,31,285,9.193548387096774,0.0,United Kingdom
18014,28,1,166.42,4,2,1,421,7,1,166.42,365.25,166.42,29,68,2.125,0.0,United Kingdom
18015,4,1,120.03,5,2,1,521,8,1,120.03,365.25,120.02999999999999,46,157,3.4130434782608696,0.0,United Kingdom
18016,32,7,1960.46,4,4,4,444,12,648,280.0657142857143,3.9456018518518516,1960.46,115,1209,7.1117647058823525,0.0,United Kingdom
18017,81,4,688.0,3,4,3,343,10,350,172.0,4.174285714285714,688.0,1,400,100.0,0.0,United Kingdom
18018,108,4,288.62,3,4,2,342,9,312,72.155,4.6826923076923075,288.61999999999995,43,186,4.2272727272727275,0.0,United Kingdom
18019,52,1,38.45,4,2,1,421,7,1,38.45,365.25,38.45,5,7,1.4,0.0,United Kingdom
18020,544,1,190.48000000000002,1,2,1,121,4,1,190.48000000000002,365.25,190.48000000000002,12,67,5.583333333333333,0.0,United Kingdom
18021,510,2,227.06,1,3,1,131,5,2,113.53,365.25,227.05999999999997,32,169,5.121212121212121,0.5151515151515151,United Kingdom
18022,36,5,1659.44,4,4,4,444,12,510,331.88800000000003,3.580882352941176,1659.4400000000003,306,1390,2.8024193548387095,0.0,United Kingdom
18024,153,2,389.78,3,3,2,332,8,1,194.89,730.5,389.78,21,184,8.761904761904763,1.0,United Kingdom
18025,380,6,1177.72,2,4,3,243,9,239,196.28666666666666,9.169456066945607,1177.72,83,1053,9.401785714285714,0.0,United Kingdom
18026,501,2,2074.07,1,3,4,134,8,4,1037.035,182.625,2074.07,12,530,31.176470588235293,0.0,United Kingdom
18027,99,1,115.31,3,2,1,321,6,1,115.31,365.25,115.31,21,78,3.7142857142857144,0.0,United Kingdom
18028,583,1,192.05,1,2,1,121,4,1,192.05,365.25,192.04999999999998,4,133,33.25,0.0,United Kingdom
18029,642,1,433.77,1,2,2,122,5,1,433.77,365.25,433.77,18,253,14.055555555555555,1.0,United Kingdom
18030,4,2,209.8,5,3,1,531,9,38,104.9,19.223684210526315,209.8,8,67,7.444444444444445,0.0,United Kingdom
18031,379,1,465.46,2,2,2,222,6,1,465.46,365.25,465.46,49,300,4.615384615384615,0.0,United Kingdom
18032,334,1,73.5,2,2,1,221,5,1,73.5,365.25,73.5,5,42,8.4,1.0,United Kingdom
18033,65,1,115.49,3,2,1,321,6,1,115.49,365.25,115.49,32,253,7.4411764705882355,0.0,United Kingdom
18034,22,3,803.78,4,3,3,433,10,353,267.9266666666667,3.1041076487252126,803.7800000000001,182,992,4.408888888888889,0.0,United Kingdom
18035,36,5,1276.74,4,4,4,444,12,349,255.348,5.232808022922637,1276.7400000000002,52,1161,19.0327868852459,0.0,United Kingdom
18036,32,11,1565.2,4,5,4,454,13,689,142.29090909090908,5.831277213352685,1565.2,221,748,2.253012048192771,0.0,United Kingdom
18037,154,15,161.52,3,5,1,351,9,583,10.768,9.397512864493997,161.52000000000004,31,37,1.121212121212121,0.21212121212121213,United Kingdom
18038,556,1,147.46,1,2,1,121,4,1,147.46,365.25,147.46,25,85,2.65625,0.0,United Kingdom
18039,374,4,579.77,2,4,2,242,8,266,144.9425,5.492481203007519,579.77,137,570,3.392857142857143,0.26785714285714285,United Kingdom
18040,19,2,357.20000000000005,5,3,2,532,10,226,178.60000000000002,3.232300884955752,357.20000000000005,18,148,7.7894736842105265,0.3684210526315789,United Kingdom
18041,12,38,8760.51,5,5,5,555,15,683,230.53973684210527,20.321376281112737,8760.51,464,7859,8.186458333333333,0.08020833333333334,United Kingdom
18042,54,2,281.15,4,3,2,432,9,488,140.575,1.4969262295081969,281.15,13,69,4.3125,0.0,United Kingdom
18043,25,3,875.97,4,3,3,433,10,342,291.99,3.2039473684210527,875.97,106,454,2.427807486631016,0.0,United Kingdom
18044,4,18,3505.61,5,5,5,555,15,555,194.75611111111112,11.845945945945946,3505.6100000000006,128,1598,7.99,0.07,United Kingdom
18045,45,1,189.4,4,2,1,421,7,1,189.4,365.25,189.4,43,142,3.021276595744681,0.0,United Kingdom
18046,650,1,167.68,1,2,1,121,4,1,167.68,365.25,167.68,26,44,1.6923076923076923,1.0,United Kingdom
18047,381,2,342.69,2,3,2,232,7,1,171.345,730.5,342.69,74,138,1.5681818181818181,0.0,United Kingdom
18048,203,3,401.73,2,3,2,232,7,290,133.91,3.778448275862069,401.73,56,258,4.229508196721311,0.0,United Kingdom
18049,437,2,556.52,1,3,2,132,6,153,278.26,4.7745098039215685,556.52,82,425,4.473684210526316,0.0,United Kingdom
18050,359,2,412.06,2,3,2,232,7,33,206.03,22.136363636363633,412.05999999999995,22,250,10.869565217391305,0.0,United Kingdom
18051,634,7,2282.28,1,4,4,144,9,96,326.04,26.6328125,2282.28,41,1661,30.2,0.14545454545454545,United Kingdom
18052,565,1,2070.0,1,2,4,124,7,1,2070.0,365.25,2070.0,16,3176,198.5,0.0,United Kingdom
18053,71,3,571.07,3,3,2,332,8,456,190.35666666666668,2.4029605263157894,571.07,29,409,12.78125,0.0,United Kingdom
18054,393,1,176.5,2,2,1,221,5,1,176.5,365.25,176.5,11,96,8.727272727272727,0.0,United Kingdom
18055,7,14,11176.720000000001,5,5,5,555,15,406,798.3371428571429,12.594827586206897,11176.72,320,3839,6.573630136986301,0.06506849315068493,United Kingdom
18056,288,2,536.65,2,3,2,232,7,330,268.325,2.213636363636364,536.65,28,334,11.133333333333333,0.0,United Kingdom
18057,393,3,1220.36,2,3,4,234,9,297,406.78666666666663,3.6893939393939394,1220.3599999999997,121,978,6.985714285714286,0.0,United Kingdom
18058,10,3,774.06,5,3,3,533,11,657,258.02,1.667808219178082,774.06,12,394,24.625,0.0,United Kingdom
18059,23,3,306.46,4,3,2,432,9,44,102.15333333333332,24.90340909090909,306.4599999999999,17,258,14.333333333333334,0.0,United Kingdom
18060,408,2,1202.26,2,3,3,233,8,156,601.13,4.6826923076923075,1202.26,74,902,12.026666666666667,0.0,United Kingdom
18061,22,28,6398.7300000000005,4,5,5,455,14,713,228.52607142857144,14.343618513323984,6398.7300000000005,30,3487,27.2421875,0.0546875,United Kingdom
18062,173,6,1632.67,3,4,4,344,11,424,272.1116666666667,5.168632075471698,1632.6699999999998,46,831,15.38888888888889,0.12962962962962962,United Kingdom
18063,391,2,186.60000000000002,2,3,1,231,6,242,93.30000000000001,3.018595041322314,186.6,2,48,16.0,0.6666666666666666,United Kingdom
18064,133,11,4495.03,3,5,5,355,13,543,408.6390909090909,7.399171270718232,4495.03,53,2709,41.676923076923075,0.4307692307692308,United Kingdom
18065,6,29,5855.7300000000005,5,5,5,555,15,724,201.92172413793105,14.630179558011049,5855.73,193,2265,7.306451612903226,0.16129032258064516,United Kingdom
18066,75,3,1440.4,3,3,4,334,10,340,480.1333333333334,3.222794117647059,1440.4,37,535,10.09433962264151,0.18867924528301888,United Kingdom
18067,40,1,396.33,4,2,2,422,8,1,396.33,365.25,396.33,36,189,5.108108108108108,1.0,United Kingdom
18068,289,1,101.7,2,2,1,221,5,1,101.7,365.25,101.7,1,6,6.0,0.0,United Kingdom
18069,26,11,4542.16,4,5,5,455,14,622,412.9236363636364,6.459405144694533,4542.16,602,3227,3.2334669338677355,0.6042084168336673,United Kingdom
18070,669,1,314.1,1,2,2,122,5,1,314.1,365.25,314.1,9,86,9.555555555555555,0.0,United Kingdom
18071,258,6,1428.63,2,4,4,244,10,477,238.10500000000002,4.59433962264151,1428.63,52,835,9.823529411764707,0.29411764705882354,United Kingdom
18072,186,1,249.12,3,2,1,321,6,1,249.12,365.25,249.12,18,288,16.0,0.0,United Kingdom
18073,114,12,3563.76,3,5,5,355,13,82,296.98,53.451219512195124,3563.7600000000007,23,2812,38.52054794520548,0.0,United Kingdom
18074,374,2,1509.04,2,3,4,234,9,131,754.52,5.576335877862595,1509.04,37,551,9.839285714285714,0.0,United Kingdom
18075,23,20,5776.17,4,5,5,455,14,475,288.8085,15.378947368421052,5776.169999999999,180,3281,10.157894736842104,0.0,United Kingdom
18076,380,1,151.49,2,2,1,221,5,1,151.49,365.25,151.49,8,164,20.5,0.0,United Kingdom
18077,8,18,4338.56,5,5,5,555,15,724,241.03111111111113,9.080801104972375,4338.56,141,3233,8.575596816976127,0.4535809018567639,United Kingdom
18078,217,4,844.6,2,4,3,243,9,410,211.15,3.563414634146341,844.6,65,431,5.597402597402597,0.6233766233766234,United Kingdom
18079,45,5,3917.23,4,4,5,445,13,446,783.446,4.094730941704036,3917.23,107,7797,55.69285714285714,0.0,United Kingdom
18080,19,2,760.0,5,3,3,533,11,223,380.0,3.275784753363229,760.0,2,400,200.0,0.0,United Kingdom
18081,36,3,343.45,4,3,2,432,9,97,114.48333333333333,11.296391752577321,343.45000000000005,14,195,11.470588235294118,0.0,United Kingdom
18082,26,1,703.37,4,2,3,423,9,1,703.37,365.25,703.37,62,621,8.506849315068493,0.0,United Kingdom
18083,398,1,470.73,2,2,2,222,6,1,470.73,365.25,470.73,36,270,6.428571428571429,1.0,United Kingdom
18084,16,3,744.2,5,3,3,533,11,372,248.0666666666667,2.9455645161290325,744.2000000000002,7,624,78.0,0.625,United Kingdom
18085,330,4,1645.75,2,4,4,244,10,298,411.4375,4.902684563758389,1645.75,42,585,8.23943661971831,0.18309859154929578,United Kingdom
18086,274,1,101.34,2,2,1,221,5,1,101.34,365.25,101.33999999999999,7,106,15.142857142857142,0.0,United Kingdom
18087,98,17,10887.8,3,5,5,355,13,640,640.4588235294117,9.701953125000001,10887.8,44,4069,46.23863636363637,0.0,United Kingdom
18088,61,1,167.67000000000002,3,2,1,321,6,1,167.67000000000002,365.25,167.67000000000002,35,109,2.7948717948717947,1.0,United Kingdom
18089,447,1,424.55,1,2,2,122,5,1,424.55,365.25,424.55,9,95,9.5,1.0,United Kingdom
18090,422,1,349.4,1,2,2,122,5,1,349.4,365.25,349.4,47,321,5.35,0.0,United Kingdom
18091,593,1,360.85,1,2,2,122,5,1,360.85,365.25,360.84999999999997,25,539,21.56,1.0,United Kingdom
18092,2,18,15034.92,5,5,5,555,15,733,835.2733333333333,8.969304229195089,15034.92,42,7138,47.586666666666666,0.0,United Kingdom
18093,93,8,4394.71,3,5,5,355,13,525,549.33875,5.565714285714286,4394.71,43,3197,52.40983606557377,0.0,United Kingdom
18094,82,13,6046.52,3,5,5,355,13,619,465.1169230769231,7.670840064620355,6046.52,55,3564,28.285714285714285,0.2698412698412698,United Kingdom
18095,313,5,2303.09,2,4,4,244,10,286,460.61800000000005,6.385489510489511,2303.09,37,1623,33.8125,0.0,United Kingdom
18096,12,6,1817.91,5,4,4,544,13,501,302.985,4.3742514970059885,1817.9100000000003,299,1483,3.3858447488584473,0.0,United Kingdom
18097,8,11,4671.72,5,5,5,555,15,715,424.7018181818182,5.619230769230769,4671.72,86,2740,17.341772151898734,0.0759493670886076,United Kingdom
18098,396,1,550.84,2,2,2,222,6,1,550.84,365.25,550.84,85,217,2.465909090909091,0.0,United Kingdom
18099,127,1,168.31,3,2,1,321,6,1,168.31,365.25,168.31,19,149,7.842105263157895,0.0,United Kingdom
18100,550,1,451.56,1,2,2,122,5,1,451.56,365.25,451.56,30,440,14.666666666666666,0.0,United Kingdom
18101,11,5,622.21,5,4,3,543,12,662,124.44200000000001,2.7586858006042294,622.21,89,250,2.232142857142857,0.0,United Kingdom
18102,1,145,447611.6,5,5,5,555,15,738,3086.9765517241376,71.76321138211381,447611.5999999999,382,130018,122.89035916824197,0.01606805293005671,United Kingdom
18103,549,1,105.8,1,2,1,121,4,1,105.8,365.25,105.8,10,23,2.3,0.0,United Kingdom
18104,37,1,754.64,4,2,3,423,9,1,754.64,365.25,754.64,38,362,9.526315789473685,0.0,United Kingdom
18105,38,1,113.48000000000002,4,2,1,421,7,1,113.48000000000002,365.25,113.48000000000002,18,46,2.5555555555555554,0.0,United Kingdom
18106,330,6,1463.14,2,4,4,244,10,364,243.85666666666668,6.020604395604395,1463.14,126,512,2.6122448979591835,0.18877551020408162,United Kingdom
18107,442,1,167.13,1,2,1,121,4,1,167.13,365.25,167.13,38,66,1.6923076923076923,0.0,United Kingdom
18108,254,3,848.8100000000001,2,3,3,233,8,483,282.93666666666667,2.2686335403726705,848.81,43,261,5.553191489361702,0.0,United Kingdom
18109,2,38,9455.74,5,5,5,555,15,524,248.83526315789473,26.487595419847327,9455.74,203,3709,5.519345238095238,0.23660714285714285,United Kingdom
18110,20,2,435.43,4,3,2,432,9,391,217.715,1.8682864450127876,435.43,58,186,2.2142857142857144,1.0,United Kingdom
18111,589,1,405.85,1,2,2,122,5,1,405.85,365.25,405.84999999999997,27,232,8.592592592592593,0.0,United Kingdom
18112,12,4,775.96,5,4,3,543,12,539,193.99,2.710575139146568,775.9600000000002,59,447,7.095238095238095,1.0,United Kingdom
18113,369,1,152.64000000000001,2,2,1,221,5,1,152.64000000000001,365.25,152.64000000000001,1,144,72.0,0.0,United Kingdom
18114,290,1,213.15,2,2,1,221,5,1,213.15,365.25,213.15,28,55,1.9642857142857142,0.0,United Kingdom
18115,698,1,9.700000000000001,1,2,1,121,4,1,9.700000000000001,365.25,9.700000000000001,3,3,1.0,0.0,United Kingdom
18116,68,13,2161.3,3,5,4,354,12,343,166.25384615384615,13.8432944606414,2161.3,311,1281,2.231707317073171,0.3780487804878049,United Kingdom
18117,26,1,331.12,4,2,2,422,8,1,331.12,365.25,331.12,68,618,8.35135135135135,0.0,United Kingdom
18118,11,29,6733.22,5,5,5,555,15,370,232.18,28.627702702702702,6733.220000000001,444,3417,2.181992337164751,0.21966794380587484,United Kingdom
18119,368,1,362.24,2,2,2,222,6,1,362.24,365.25,362.24,29,250,4.166666666666667,0.0,United Kingdom
18120,214,1,111.15,2,2,1,221,5,1,111.15,365.25,111.14999999999999,17,31,1.8235294117647058,0.0,United Kingdom
18121,149,2,673.1,3,3,3,333,9,5,336.55,146.1,673.1,28,450,14.0625,0.0,United Kingdom
18122,8,6,1805.14,5,4,4,544,13,142,300.8566666666667,15.433098591549294,1805.14,239,1234,3.39010989010989,0.17857142857142858,United Kingdom
18123,24,3,684.59,4,3,3,433,10,489,228.1966666666667,2.2407975460122698,684.59,53,629,10.661016949152541,0.0,United Kingdom
18124,472,1,111.53,1,2,1,121,4,1,111.53,365.25,111.52999999999999,20,51,2.125,0.0,United Kingdom
18125,30,4,1142.99,4,4,3,443,11,286,285.7475,5.108391608391608,1142.9899999999998,164,804,4.1020408163265305,0.23979591836734693,United Kingdom
18126,61,1,207.38,3,2,1,321,6,1,207.38,365.25,207.38,52,144,2.5714285714285716,0.0,United Kingdom
18127,19,4,554.53,5,4,2,542,11,384,138.6325,3.8046875,554.53,56,252,3.652173913043478,0.5652173913043478,United Kingdom
18128,537,1,420.04,1,2,2,122,5,1,420.04,365.25,420.04,42,221,4.911111111111111,1.0,United Kingdom
18129,243,1,112.55000000000001,2,2,1,221,5,1,112.55000000000001,365.25,112.55000000000001,13,48,3.4285714285714284,1.0,United Kingdom
18130,15,3,1059.39,5,3,3,533,11,41,353.13000000000005,26.725609756097562,1059.39,58,824,11.771428571428572,0.0,United Kingdom
18131,632,1,183.2,1,2,1,121,4,1,183.2,365.25,183.20000000000002,4,320,80.0,0.0,United Kingdom
18132,504,1,226.9,1,2,1,121,4,1,226.9,365.25,226.9,60,216,3.272727272727273,0.0,United Kingdom
18133,212,1,138.0,2,2,1,221,5,1,138.0,365.25,138.0,1,200,200.0,0.0,United Kingdom
18134,598,2,445.0,1,3,2,132,6,96,222.5,7.609375,445.0,27,128,4.571428571428571,0.0,United Kingdom
18135,29,10,1249.6200000000001,4,5,4,454,13,605,124.96200000000002,6.037190082644628,1249.6200000000001,23,753,20.35135135135135,0.0,United Kingdom
18136,63,5,1631.3600000000001,3,4,4,344,11,387,326.27200000000005,4.7189922480620154,1631.3600000000001,77,860,9.772727272727273,0.0,United Kingdom
18137,551,2,145.99,1,3,1,131,5,1,72.995,730.5,145.99,26,59,2.0344827586206895,1.0,United Kingdom
18138,295,1,152.65,2,2,1,221,5,1,152.65,365.25,152.65,8,38,4.75,0.0,United Kingdom
18139,18,6,8438.34,5,4,5,545,14,1,1406.39,2191.5,8438.34,35,5557,34.9496855345912,0.0,United Kingdom
18140,474,1,536.41,1,2,2,122,5,1,536.41,365.25,536.41,49,395,7.314814814814815,0.0,West Indies
18141,402,2,882.47,2,3,3,233,8,187,441.235,3.9064171122994655,882.47,38,433,10.30952380952381,0.0,United Kingdom
18142,157,2,953.28,3,3,3,333,9,58,476.64,12.594827586206897,953.2800000000001,9,1188,79.2,0.6,United Kingdom
18143,117,2,1000.16,3,3,3,333,9,25,500.08,29.220000000000002,1000.16,59,570,9.344262295081966,0.0,United Kingdom
18144,8,19,5058.0,5,5,5,555,15,715,266.2105263157895,9.705944055944055,5058.0,51,2239,25.735632183908045,0.0,United Kingdom
18145,13,11,5605.84,5,5,5,555,15,718,509.6218181818182,5.59575208913649,5605.84,250,5107,12.609876543209877,0.20246913580246914,United Kingdom
18146,141,2,160.35,3,3,1,331,7,79,80.175,9.246835443037975,160.35,10,153,15.3,0.0,United Kingdom
18147,46,2,179.34,4,3,1,431,8,62,89.67,11.782258064516128,179.34,7,203,29.0,0.0,United Kingdom
18148,647,1,114.10000000000001,1,2,1,121,4,1,114.10000000000001,365.25,114.10000000000001,9,64,5.818181818181818,0.0,United Kingdom
18149,51,7,1624.71,4,4,4,444,12,584,232.10142857142858,4.377996575342466,1624.71,54,918,9.5625,0.8854166666666666,United Kingdom
18150,32,3,566.58,4,3,2,432,9,169,188.86,6.483727810650888,566.58,29,332,8.972972972972974,0.3783783783783784,United Kingdom
18151,135,6,1813.59,3,4,4,344,11,511,302.265,4.288649706457925,1813.59,99,986,9.30188679245283,0.009433962264150943,United Kingdom
18152,646,1,426.69,1,2,2,122,5,1,426.69,365.25,426.69,10,75,7.5,0.0,United Kingdom
18153,659,1,246.22,1,2,1,121,4,1,246.22,365.25,246.22,17,200,11.764705882352942,0.0,United Kingdom
18154,3,5,932.6,5,4,3,543,12,487,186.52,3.75,932.6,34,626,13.319148936170214,0.10638297872340426,United Kingdom
18155,75,3,371.62,3,3,2,332,8,216,123.87333333333333,5.072916666666667,371.62,19,266,10.64,0.24,United Kingdom
18156,13,2,941.1700000000001,5,3,3,533,11,356,470.58500000000004,2.0519662921348316,941.1700000000002,100,374,1.917948717948718,1.0,United Kingdom
18157,571,1,215.35,1,2,1,121,4,1,215.35,365.25,215.35,25,146,5.615384615384615,0.0,United Kingdom
18158,9,2,453.4,5,3,2,532,10,79,226.7,9.246835443037975,453.4,24,354,10.411764705882353,0.0,United Kingdom
18159,301,1,530.15,2,2,2,222,6,1,530.15,365.25,530.15,23,139,6.043478260869565,0.0,United Kingdom
18160,57,3,1003.88,4,3,3,433,10,328,334.62666666666667,3.3407012195121952,1003.88,56,519,7.984615384615385,0.0,United Kingdom
18161,15,6,1803.1000000000001,5,4,4,544,13,364,300.5166666666667,6.020604395604395,1803.1000000000001,57,965,10.376344086021506,0.0,United Kingdom
18162,732,1,379.15999999999997,1,2,2,122,5,1,379.15999999999997,365.25,379.16,45,335,7.127659574468085,0.0,United Kingdom
18163,584,1,728.84,1,2,3,123,6,1,728.84,365.25,728.84,33,452,13.696969696969697,0.0,United Kingdom
18164,37,1,399.65,4,2,2,422,8,1,399.65,365.25,399.65000000000003,24,184,7.666666666666667,0.0,United Kingdom
18165,177,1,302.46,3,2,2,322,7,1,302.46,365.25,302.46,10,254,25.4,0.0,United Kingdom
18166,624,1,175.5,1,2,1,121,4,1,175.5,365.25,175.5,10,90,9.0,0.0,United Kingdom
18167,23,3,1384.8600000000001,4,3,4,434,11,82,461.62000000000006,13.362804878048781,1384.8600000000001,24,382,10.324324324324325,0.0,United Kingdom
18168,176,16,3779.63,3,5,5,355,13,560,236.226875,10.435714285714287,3779.63,209,2177,5.388613861386139,0.08415841584158416,United Kingdom
18169,61,1,202.65,3,2,1,321,6,1,202.65,365.25,202.65,9,61,6.777777777777778,0.0,United Kingdom
18170,33,9,2878.0,4,5,5,455,14,667,319.77777777777777,4.928410794602699,2877.9999999999995,59,1184,9.396825396825397,0.06349206349206349,United Kingdom
18171,59,9,2373.41,4,5,4,454,13,644,263.7122222222222,5.104425465838509,2373.41,76,991,10.771739130434783,0.0,United Kingdom
18172,15,52,17202.84,5,5,5,555,15,714,330.82384615384615,26.600840336134453,17202.84,176,7413,15.573529411764707,0.0861344537815126,United Kingdom
18173,87,5,2696.36,3,4,4,344,11,526,539.272,3.4719581749049433,2696.3600000000006,34,1730,38.44444444444444,0.0,United Kingdom
18174,7,2,162.5,5,3,1,531,9,596,81.25,1.2256711409395973,162.5,1,80,40.0,0.0,United Kingdom
18175,676,1,176.10000000000002,1,2,1,121,4,1,176.10000000000002,365.25,176.10000000000002,7,70,10.0,0.0,United Kingdom
18176,358,1,476.35,2,2,2,222,6,1,476.35,365.25,476.34999999999997,30,283,9.433333333333334,0.0,United Kingdom
18177,31,9,2216.87,4,5,4,454,13,692,246.31888888888886,4.750361271676301,2216.87,66,1239,12.39,0.09,United Kingdom
18178,129,11,6081.79,3,5,5,355,13,530,552.89,7.58066037735849,6081.789999999999,204,3850,11.0,0.12,United Kingdom
18179,9,8,2379.07,5,5,4,554,14,654,297.38375,4.467889908256881,2379.07,101,1623,14.889908256880734,0.1651376146788991,United Kingdom
18180,5,6,1843.75,5,4,4,544,13,137,307.2916666666667,15.996350364963503,1843.75,108,1721,14.46218487394958,0.0,United Kingdom
18181,24,5,1205.94,4,4,3,443,11,710,241.18800000000002,2.5721830985915495,1205.94,139,524,2.879120879120879,0.0,United Kingdom
18182,463,1,291.13,1,2,2,122,5,1,291.13,365.25,291.13,10,167,16.7,0.0,United Kingdom
18183,227,2,632.07,2,3,3,233,8,47,316.035,15.542553191489361,632.07,36,371,10.027027027027026,0.0,United Kingdom
18184,15,1,49.8,5,2,1,521,8,1,49.8,365.25,49.800000000000004,1,60,60.0,0.0,United Kingdom
18185,249,1,304.25,2,2,2,222,6,1,304.25,365.25,304.25,17,183,10.764705882352942,0.0,United Kingdom
18186,723,1,339.66,1,2,2,122,5,1,339.66,365.25,339.66,11,338,30.727272727272727,0.0,United Kingdom
18187,632,1,724.89,1,2,3,123,6,1,724.89,365.25,724.89,48,310,6.458333333333333,0.0,United Kingdom
18188,15,6,3280.59,5,4,5,545,14,608,546.765,3.604440789473684,3280.59,95,1888,14.19548872180451,0.0,United Kingdom
18189,78,3,1403.73,3,3,4,334,10,548,467.91,1.9995437956204378,1403.73,79,836,9.720930232558139,0.0,United Kingdom
18190,192,5,745.62,2,4,3,243,9,525,149.124,3.4785714285714286,745.62,34,490,11.666666666666666,0.0,United Kingdom
18191,262,2,529.4,2,3,2,232,7,215,264.7,3.397674418604651,529.4,15,332,22.133333333333333,0.0,United Kingdom
18192,72,1,957.97,3,2,3,323,8,1,957.97,365.25,957.9699999999999,45,339,7.533333333333333,0.0,United Kingdom
18193,165,3,1171.45,3,3,3,333,9,277,390.48333333333335,3.955776173285199,1171.45,66,926,13.228571428571428,0.0,United Kingdom
18194,82,6,4162.04,3,4,5,345,12,597,693.6733333333333,3.670854271356784,4162.04,23,1774,63.357142857142854,0.25,United Kingdom
18195,387,1,101.16,2,2,1,221,5,1,101.16,365.25,101.16000000000001,5,60,12.0,0.0,United Kingdom
18196,95,4,1464.91,3,4,4,344,11,537,366.2275,2.7206703910614523,1464.91,210,1047,3.7259786476868326,0.0,United Kingdom
18197,576,1,230.1,1,2,1,121,4,1,230.1,365.25,230.1,9,166,18.444444444444443,0.0,United Kingdom
18198,4,17,5239.0,5,5,5,555,15,332,308.1764705882353,18.702560240963855,5239.0,81,3898,24.51572327044025,0.012578616352201259,United Kingdom
18199,684,1,344.75,1,2,2,122,5,1,344.75,365.25,344.75,20,99,4.95,0.0,United Kingdom
18200,106,1,163.8,3,2,1,321,6,1,163.8,365.25,163.8,29,111,3.46875,0.0,United Kingdom
18201,723,1,447.53000000000003,1,2,2,122,5,1,447.53000000000003,365.25,447.53000000000003,27,191,7.074074074074074,0.0,United Kingdom
18202,200,3,1396.99,2,3,4,234,9,111,465.66333333333336,9.871621621621621,1396.99,55,581,8.544117647058824,0.0,United Kingdom
18203,157,4,504.42,3,4,2,342,9,573,126.105,2.5497382198952883,504.4200000000001,40,113,1.8833333333333333,0.0,United Kingdom
18204,71,3,1993.7,3,3,4,334,10,121,664.5666666666667,9.055785123966942,1993.7000000000003,159,1200,6.0,0.0,United Kingdom
18205,36,2,517.36,4,3,2,432,9,38,258.68,19.223684210526315,517.36,30,192,6.0,0.0,United Kingdom
18206,553,1,314.65999999999997,1,2,2,122,5,1,314.65999999999997,365.25,314.65999999999997,19,246,12.947368421052632,0.0,United Kingdom
18207,499,1,543.52,1,2,2,122,5,1,543.52,365.25,543.52,31,325,10.483870967741936,0.0,United Kingdom
18208,566,1,359.13,1,2,2,122,5,1,359.13,365.25,359.13000000000005,17,82,4.823529411764706,1.0,United Kingdom
18209,29,1,139.10000000000002,4,2,1,421,7,1,139.10000000000002,365.25,139.10000000000002,8,58,7.25,0.0,United Kingdom
18210,2,7,2768.83,5,4,4,544,13,381,395.54714285714283,6.7106299212598435,2768.83,116,1499,10.409722222222221,0.0,United Kingdom
18211,26,5,600.07,4,4,2,442,10,252,120.01400000000001,7.247023809523809,600.07,37,359,8.547619047619047,0.19047619047619047,United Kingdom
18212,326,2,546.72,2,3,2,232,7,351,273.36,2.081196581196581,546.7199999999999,40,167,3.036363636363636,0.21818181818181817,United Kingdom
18213,237,1,232.48000000000002,2,2,1,221,5,1,232.48000000000002,365.25,232.48000000000002,15,232,15.466666666666667,1.0,United Kingdom
18214,531,4,1780.34,1,4,4,144,9,23,445.085,63.52173913043479,1780.34,38,989,17.051724137931036,0.05172413793103448,United Kingdom
18215,89,5,2247.4900000000002,3,4,4,344,11,534,449.49800000000005,3.419943820224719,2247.4900000000002,53,1143,12.7,0.14444444444444443,United Kingdom
18216,31,1,474.75,4,2,2,422,8,1,474.75,365.25,474.75,26,200,7.6923076923076925,0.0,United Kingdom
18217,29,4,945.04,4,4,3,443,11,496,236.26,2.945564516129032,945.04,33,740,18.5,0.0,United Kingdom
18218,211,4,1142.0,2,4,3,243,9,448,285.5,3.2611607142857144,1142.0,25,1076,27.58974358974359,0.0,United Kingdom
18219,3,17,3541.89,5,5,5,555,15,729,208.3464705882353,8.517489711934155,3541.89,87,1653,8.142857142857142,0.0,United Kingdom
18220,227,6,1921.76,2,4,4,244,10,497,320.29333333333335,4.409456740442656,1921.7600000000004,17,1352,54.08,0.0,United Kingdom
18221,22,6,1424.94,4,4,4,444,12,367,237.49,5.971389645776567,1424.9399999999998,71,1000,11.904761904761905,0.23809523809523808,United Kingdom
18222,93,1,443.0,3,2,2,322,7,1,443.0,365.25,443.0,19,335,17.63157894736842,0.0,United Kingdom
18223,5,26,14000.85,5,5,5,555,15,730,538.4942307692307,13.008904109589041,14000.849999999999,192,6644,11.534722222222221,0.03993055555555555,United Kingdom
18224,264,1,158.95000000000002,2,2,1,221,5,1,158.95000000000002,365.25,158.95000000000002,10,69,6.9,0.0,United Kingdom
18225,3,26,13054.26,5,5,5,555,15,731,502.0869230769231,12.99110807113543,13054.26,266,7304,12.614853195164075,0.03626943005181347,United Kingdom
18226,44,26,11651.58,4,5,5,455,14,600,448.1376923076923,15.8275,11651.58,299,7699,14.581439393939394,0.14393939393939395,United Kingdom
18227,218,2,111.75,2,3,1,231,6,266,55.875,2.7462406015037595,111.75000000000001,6,22,3.6666666666666665,0.0,United Kingdom
18228,57,2,779.9,4,3,3,433,10,22,389.95,33.20454545454545,779.9,23,238,7.933333333333334,0.0,United Kingdom
18229,12,28,10803.71,5,5,5,555,15,724,385.84678571428566,14.125690607734807,10803.71,73,3183,15.085308056872037,0.14691943127962084,United Kingdom
18230,9,9,4291.06,5,5,5,555,15,516,476.7844444444445,6.370639534883721,4291.06,42,1996,14.257142857142858,0.07142857142857142,United Kingdom
18231,192,28,6880.97,2,5,5,255,12,506,245.7489285714286,20.211462450592887,6880.970000000001,218,2923,7.592207792207792,0.15324675324675324,United Kingdom
18232,82,4,592.97,3,4,2,342,9,115,148.2425,12.704347826086957,592.97,31,302,8.162162162162161,0.0,United Kingdom
18233,326,1,72.0,2,2,1,221,5,1,72.0,365.25,72.0,1,4,4.0,0.0,United Kingdom
18234,552,1,179.6,1,2,1,121,4,1,179.6,365.25,179.6,30,80,2.6666666666666665,1.0,United Kingdom
18235,72,3,1796.48,3,3,4,334,10,145,598.8266666666667,7.556896551724138,1796.48,100,1578,15.173076923076923,0.0,United Kingdom
18236,30,12,1795.3500000000001,4,5,4,454,13,573,149.6125,7.649214659685864,1795.35,80,696,7.1020408163265305,0.10204081632653061,United Kingdom
18237,3,5,987.1,5,4,3,543,12,131,197.42000000000002,13.94083969465649,987.1000000000001,40,622,10.19672131147541,0.0,United Kingdom
18238,515,1,270.92,1,2,1,121,4,1,270.92,365.25,270.92,14,114,8.142857142857142,0.0,United Kingdom
18239,219,6,2150.36,2,4,4,244,10,204,358.3933333333334,10.74264705882353,2150.36,85,1052,8.416,0.0,United Kingdom
18240,46,1,424.26,4,2,2,422,8,1,424.26,365.25,424.26,6,126,21.0,0.0,United Kingdom
18241,10,21,2986.9900000000002,5,5,5,555,15,608,142.23761904761906,12.615542763157894,2986.9900000000002,101,1471,9.251572327044025,0.0,United Kingdom
18242,72,8,3605.21,3,5,5,355,13,625,450.65125,4.6752,3605.21,113,2021,14.435714285714285,0.0,United Kingdom
18243,414,1,515.78,1,2,2,122,5,1,515.78,365.25,515.78,26,221,8.5,0.0,United Kingdom
18244,431,2,472.64,1,3,2,132,6,72,236.32,10.145833333333332,472.63999999999993,19,556,29.263157894736842,0.15789473684210525,United Kingdom
18245,7,20,6324.9800000000005,5,5,5,555,15,633,316.249,11.540284360189574,6324.9800000000005,336,5098,11.131004366812228,0.13973799126637554,United Kingdom
18246,24,3,758.8199999999999,4,3,3,433,10,586,252.93999999999997,1.8698805460750854,758.8199999999999,3,214,42.8,0.0,United Kingdom
18247,415,3,839.73,1,3,3,133,7,216,279.91,5.072916666666667,839.7300000000001,28,335,9.054054054054054,0.0,United Kingdom
18248,123,2,760.12,3,3,3,333,9,63,380.06,11.595238095238095,760.12,39,511,10.872340425531915,0.0,United Kingdom
18249,17,1,95.34,5,2,1,521,8,1,95.34,365.25,95.33999999999999,8,128,16.0,0.0,United Kingdom
18250,310,1,349.27,2,2,2,222,6,1,349.27,365.25,349.27,21,199,9.476190476190476,0.0,United Kingdom
18251,87,9,15251.34,3,5,5,355,13,630,1694.5933333333332,5.2178571428571425,15251.34,87,18765,173.75,0.0,United Kingdom
18252,51,7,1538.19,4,4,4,444,12,670,219.74142857142857,3.8160447761194027,1538.1899999999998,125,937,6.7898550724637685,0.0,United Kingdom
18253,643,1,317.88,1,2,2,122,5,1,317.88,365.25,317.88,7,128,18.285714285714285,1.0,United Kingdom
18254,581,1,267.9,1,2,1,121,4,1,267.9,365.25,267.9,16,188,11.75,0.0,United Kingdom
18255,89,2,303.15,3,3,2,332,8,366,151.575,1.9959016393442623,303.15,16,201,10.578947368421053,0.3157894736842105,United Kingdom
18256,388,1,110.69999999999999,2,2,1,221,5,1,110.69999999999999,365.25,110.69999999999999,10,180,18.0,0.0,United Kingdom
18257,39,12,4600.15,4,5,5,455,14,619,383.3458333333333,7.080775444264944,4600.15,219,2369,8.583333333333334,0.2318840579710145,United Kingdom
18258,464,6,2059.67,1,4,4,144,9,108,343.27833333333336,20.291666666666668,2059.6700000000005,30,1981,39.62,0.44,United Kingdom
18259,25,7,4318.2,4,4,5,445,13,707,616.8857142857142,3.6163366336633667,4318.2,51,1390,15.108695652173912,0.0,United Kingdom
18260,173,23,9408.11,3,5,5,355,13,551,409.04826086956524,15.246370235934664,9408.11,212,5247,12.766423357664234,0.25547445255474455,United Kingdom
18261,43,2,324.24,4,3,2,432,9,52,162.12,14.048076923076922,324.23999999999995,19,146,6.9523809523809526,0.0,United Kingdom
18262,140,3,580.9,3,3,2,332,8,462,193.63333333333333,2.3717532467532467,580.9,40,552,13.142857142857142,0.0,United Kingdom
18263,26,3,1213.16,4,3,4,434,11,226,404.3866666666667,4.8484513274336285,1213.16,59,1468,24.065573770491802,0.0,United Kingdom
18264,499,1,603.25,1,2,2,122,5,1,603.25,365.25,603.25,36,241,6.694444444444445,0.0,United Kingdom
18265,72,2,801.51,3,3,3,333,9,85,400.755,8.594117647058823,801.5099999999999,44,311,6.760869565217392,0.0,United Kingdom
18266,434,1,251.1,1,2,1,121,4,1,251.1,365.25,251.1,14,138,9.857142857142858,0.0,United Kingdom
18267,673,1,269.37,1,2,1,121,4,1,269.37,365.25,269.37,17,135,7.9411764705882355,0.0,United Kingdom
18268,134,6,1490.23,3,4,4,344,11,594,248.37166666666667,3.6893939393939394,1490.23,36,711,10.611940298507463,0.0,United Kingdom
18269,366,1,337.20000000000005,2,2,2,222,6,1,337.20000000000005,365.25,337.20000000000005,7,152,10.857142857142858,0.0,United Kingdom
18270,38,3,444.55,4,3,2,432,9,394,148.18333333333334,2.781091370558376,444.55000000000007,17,209,12.294117647058824,0.35294117647058826,United Kingdom
18271,610,2,680.85,1,3,3,133,7,121,340.425,6.037190082644628,680.8499999999999,19,319,15.19047619047619,0.0,United Kingdom
18272,3,9,4385.9800000000005,5,5,5,555,15,642,487.33111111111117,5.1203271028037385,4385.9800000000005,145,2880,12.743362831858407,0.0,United Kingdom
18273,2,4,357.0,5,4,2,542,11,588,89.25,2.4846938775510203,357.0,1,140,35.0,0.25,United Kingdom
18274,30,1,175.92,4,2,1,421,7,1,175.92,365.25,175.92,11,88,8.0,0.0,United Kingdom
18275,578,2,741.85,1,3,3,133,7,152,370.925,4.805921052631579,741.85,19,417,21.94736842105263,0.0,United Kingdom
18276,44,6,1656.52,4,4,4,444,12,685,276.08666666666664,3.1992700729927006,1656.5199999999998,81,1246,13.25531914893617,0.0,United Kingdom
18277,58,5,1118.1000000000001,4,4,3,443,11,436,223.62000000000003,4.188646788990825,1118.1000000000001,53,449,7.015625,0.296875,United Kingdom
18278,74,2,414.20000000000005,3,3,2,332,8,330,207.10000000000002,2.213636363636364,414.2000000000001,22,140,5.833333333333333,0.625,United Kingdom
18279,519,1,231.34,1,2,1,121,4,1,231.34,365.25,231.34,13,630,48.46153846153846,0.0,United Kingdom
18280,278,2,488.15000000000003,2,3,2,232,7,116,244.07500000000002,6.297413793103448,488.1500000000001,28,194,6.466666666666667,0.0,United Kingdom
18281,181,2,201.14,3,3,1,331,7,397,100.57,1.8400503778337531,201.14000000000001,17,146,8.588235294117647,0.4117647058823529,United Kingdom
18282,8,2,178.05,5,3,1,531,9,118,89.025,6.190677966101695,178.04999999999998,12,103,8.583333333333334,0.0,United Kingdom
18283,4,22,2736.65,5,5,4,554,14,654,124.39318181818182,12.286697247706423,2736.65,352,1733,1.7576064908722109,0.1075050709939148,United Kingdom
18284,432,1,429.68,1,2,2,122,5,1,429.68,365.25,429.68,28,494,17.642857142857142,0.0,United Kingdom
18285,661,1,395.0,1,2,2,122,5,1,395.0,365.25,395.0,12,145,12.083333333333334,0.0,United Kingdom
18286,477,2,1243.58,1,3,4,134,8,247,621.79,2.95748987854251,1243.58,67,608,9.074626865671641,0.0,United Kingdom
18287,43,7,4150.99,4,4,5,445,13,528,592.9985714285714,4.842329545454545,4150.989999999999,120,3013,19.438709677419354,0.1870967741935484,United Kingdom
